Food ID,Thai,English,Energy (Energy) (kcal),Water (g),Protein (g),Fat (g),"Carbohydrate, avalible (Carbohydrate, total) (g)",Dietary fibre (Crud fibre) (g),Ash (g),Calcium (mg),Phosphorus (mg),Magnesium (mg),Sodium (mg),Potassium (mg),Iron (mg),Copper (mg),Zinc (mg),Iodine (ug),Betacarotene (ug),Retinol (ug),Total vitamin A (RAE) (ug),Thiamin (mg),Riboflavin (mg),Niacin (mg),Vitamin C (mg),Vitamin E (mg),Sugar (g),Cholesterol (mg),Serving Size,,,,,,,,,,,,,,,,,,,,,,,,,,,,,
1001,"ก๋วยเตี๋ยว, เส้นจันท์, แห้ง","Noodle, rice, small size strip, dried",350,12.7,5.3,0.3,81.4,0.6,0.3,29,73,0,12,0.7,0.6,0,0,0,0,0.3,0.3,0,tr,0,tr,,,,,,,,,,,,,,,,,,,,,,,,,,,,,,,,,
1002,"ก๋วยเตี๋ยว, เส้นเล็ก, เส้นสด","Noodle, rice, small size strip, fresh",220,45.7,4.4,0.6,49.2,0.2,0.1,12,22,0,1.9,0.6,0.1,0.01,0,0,0,0,0,0,0.6,0,0,,,,,,,,,,,,,,,,,,,,,,,,,,,,,,,,,
1003,"ก๋วยเตี๋ยว, เส้นใหญ่, เส้นสด","Noodle, rice, big size strip, fresh",135,67.1,2.5,0.1,29.5,0.1,0.8,29,10,0,2.7,0.3,0.1,0,0,0,0,0,0,0,0.3,0,tr,,,,,,,,,,,,,,,,,,,,,,,,,,,,,,,,,
1004,"ขนมจีน, แป้งสด","Noodle, rice, round, cooked",90,77.5,1.4,0.1,21,0.1,0.1,7,22,0,2.3,0.1,0.1,0,0,0,0,0,0,0,0,0,tr,,,,,,,,,,,,,,,,,,,,,,,,,,,,,,,,,
1005,"ขนมจีน, แป้งหมัก","Noodle, rice, round, fermented",77,80.7,0.9,0.1,18.2,0.1,0.1,14,7,0,0.4,0.9,0.1,0.02,0,0,0,0,0,0,0,0,tr,,,,,,,,,,,,,,,,,,,,,,,,,,,,,,,,,
1006,ขนมปังปอนด์,Bread,329,12.2,12.2,1.9,62.6,0.3,3.3,22,121,0,366,2,2.9,0.21,0.16,1,12,0,0,0,1.4,1,0.2,,,,,,,,,,,,,,,,,,,,,,,,,,,,,,,,,
1007,"ข้าวกล้อง, งอก, ดิบ","Rice, brown, germinated, raw",366,10.3,7.57,3.73,74.13,2.9,1.44,6,12,0,12,0.2,0,0.2,0.04,1,0,0,0,0.77,0,0.2,,,,,,,,,,,,,,,,,,,,,,,,,,,,,,,,,,
1008,"ข้าวกล้อง, ดอย, ดิบ","Hightland, brown rice, raw",364,12.3,7.26,3.44,72.77,3,1.24,216,167,0,164,2.76,0.31,0.36,0.07,1,3,0,0,0.25,0,0,,,,,,,,,,,,,,,,,,,,,,,,,,,,,,,,,,
1009,"ข้าวกล้อง, ดอย, สีแดง, ดิบ","Hightland red, brown rice, raw",352,12.2,8.68,3.03,70.54,4.1,1.51,178,174,250,372,3.22,0.42,0.59,0.09,1,4,0,0,6.82,0,0,,,,,,,,,,,,,,,,,,,,,,,,,,,,,,,,,,
1010,"ข้าวกล้อง, หอมนิล, ดิบ","Rice, brown, Homnil variety, raw",364,12,9.44,5.25,68.14,3.2,1.95,9,2.17,0,0,2.6,0.13,0.57,0,2,15,1,1,0,0,0,,,,,,,,,,,,,,,,,,,,,,,,,,,,,,,,,,
1011,"ข้าวกล้อง, หอมมะลิ, ดิบ","Rice, brown, Jusmine variety, raw",357,12,7.72,3.52,71.9,3.3,1.5,16,255,0,20,2.44,0.07,1,0.47,0,2,0,0,0,0,0,,,,,,,,,,,,,,,,,,,,,,,,,,,,,,,,,,
1012,"ข้าวเจ้า, 5%, ดิบ","Rice, polished, 5%, raw",352,12.9,6.6,0.4,79.1,0.2,1,80,0.7,0,0,1.1,0.31,0.2,0,0,0,0,0,0,0,0,,,,,,,,,,,,,,,,,,,,,,,,,,,,,,,,,,
1013,"ข้าวเจ้า, 10%, raw","Rice, polished, 10%, raw",352,12.8,6.5,0.9,79.4,0.2,0.4,0,93,0,0,0.17,0.4,1.3,1.1,0,0,0,0,0,0,0,,,,,,,,,,,,,,,,,,,,,,,,,,,,,,,,,,
1014,"ข้าวเจ้า, 100%, ดิบ","Rice, polished, 100%, raw",353,12.4,6.4,0.4,79.9,0.2,0.9,130,0,0,0,0.9,0.26,0.43,1.6,0,0,0,0,0,0,0,,,,,,,,,,,,,,,,,,,,,,,,,,,,,,,,,,
1015,"ข้าวเจ้า, เคลือบ วิตามินบี, ดิบ","Rice, Vit. B coated, raw",353,12.5,6.5,0.8,78.8,0.3,1.1,56,10,0,0,8.2,0.97,1.25,tr,0.8,0,0,0,0,0,0,,,,,,,,,,,,,,,,,,,,,,,,,,,,,,,,,,
1016,"ข้าวเจ้า, ซ้อมมือ, ดิบ","Rice, unpolished, raw",354,12.7,6.6,1.7,75.9,2.3,0.8,66,1.4,0,0,0,0.11,0.34,tr,tr,0,0,0,0,0,0,,,,,,,,,,,,,,,,,,,,,,,,,,,,,,,,,,
1017,"ข้าวเจ้า, นึ่ง","Rice, polished, steamed",141,65.4,2.8,0.5,31.2,0.1,0.1,0.5,0,0,0,1.5,11,0.01,0,0,0,0,0,0,0,0,,,,,,,,,,,,,,,,,,,,,,,,,,,,,,,,,,
1018,"ข้าวเจ้า, ปลายข้าว, ดิบ","Rice, broken, raw",357,11.8,6,1.4,80.1,0.2,0.7,55,90,0,0,1.8,0.1,0.13,0.6,0,0,0,0,0,0,0,,,,,,,,,,,,,,,,,,,,,,,,,,,,,,,,,,
1019,"ข้าวเจ้า, ชุมแสง, ดิบ","Rice, polished, Chumsang variety, raw",354,12.3,6.9,1.1,78.9,0.4,0.4,95,0,0,0,0.04,0.09,0,0,0,0,0,0,0,0,,,,,,,,,,,,,,,,,,,,,,,,,,,,,,,,,,,
1020,"ข้าวเจ้า, ชัยนาท 1, ดิบ","Rice, polished, Chainat 1 variety, raw",358,11.2,7.02,1.15,79.47,0.7,0.51,37,33,0,3,2.21,0.03,0.07,tr,4,0,3,0,0,0,0,,,,,,,,,,,,,,,,,,,,,,,,,,,,,,,,,,
1021,"ข้าวเจ้า, มันปู, ดิบ","Rice, polished, Munpu variety, raw",356,11.7,8.14,3.11,71.96,3.8,1.34,297,117,14,456,2.57,0.07,0.37,4,0.66,0,1,11,0.19,2.16,2.76,,,,,,,,,,,,,,,,,,,,,,,,,,,,,,,,,,
1022,"ข้าวเจ้า, ไรซ์เบอรี่, ดิบ","Rice, polished, Riceberry variety, raw",360,11,8.94,4.64,68.59,4.2,1.78,379,158,16,408,2.42,0.13,0.48,4,2,0.41,7,1,0.26,1.49,208,,,,,,,,,,,,,,,,,,,,,,,,,,,,,,,,,,
1023,"ข้าวเจ้า, สังข์หยด, ดิบ","Rice, polished, Sangyod variety, raw",359,11,9.03,4.25,69.29,3.8,1.5,303,133,0,6,2.26,0.08,0.18,7,0,0.09,2,1,0.36,1.18,0,,,,,,,,,,,,,,,,,,,,,,,,,,,,,,,,,,
1024,"ข้าวเจ้า, เสาไห้, ดิบ","Rice, polished, Sauhai variety, raw",354,12.1,6.6,1.1,79,0.8,0.4,1.5,0,0,0,0.02,0.11,0,0,0,0,0,0,0,0,,,,,,,,,,,,,,,,,,,,,,,,,,,,,,,,,,,
1025,"ข้าวเจ้า, หอมนิล, ดิบ","Rice, polished, Homnil variety, raw",354,12.2,8.51,2.95,71.79,3.3,1.24,198,656,74,6,1.1,0.1,0.36,6,0,0,2,5,1.29,0.21,2.01,,,,,,,,,,,,,,,,,,,,,,,,,,,,,,,,,,
1026,"ข้าวเจ้า, หอมมะลิ, ดิบ","Rice, polished, Jusmine variety, raw",355,12,6.2,1.1,79.8,0.6,0.3,66,tr,0,3,0.11,0.04,0.9,0,0,0,0,0,0,0,,,,,,,,,,,,,,,,,,,,,,,,,,,,,,,,,,,
1027,"ข้าวบัสมาตี, ดิบ","Rice, polished, Basmati variety, raw",344,12.2,7,1.3,73.1,0.4,0.4,14,6,0,20,0,0.13,0.04,0,0,0,0,0,0,0,,,,,,,,,,,,,,,,,,,,,,,,,,,,,,,,,,,
1028,"ข้าวบาเลย์, ดิบ","Barley, raw",336,11.8,11.47,2.26,62.71,9.4,2.42,41,60,0,34,0.24,0.8,191,0.06,0,0,0.95,0,0,1.4,0,,,,,,,,,,,,,,,,,,,,,,,,,,,,,,,,,,
1029,"ข้าวโพด, เหลือง, ต้ม","Corn, yellow, boiled",117,74.5,3.3,1.3,17.4,4.3,0.5,11,41,47,494,1.5,0.08,0.08,3.6,0,0,0,0,0,0,0,,,,,,,,,,,,,,,,,,,,,,,,,,,,,,,,,,
1030,"ข้าวโพด, เหลือง, ดิบ","Corn, yellow, raw",111,73.4,3.4,1.4,21.1,0.7,0.7,10,0.18,11,1.7,0.11,1.1,1,0,0,0,0,0,0,0,,,,,,,,,,,,,,,,,,,,,,,,,,,,,,,,,,,
1031,"ข้าวโพดข้าวเหนียว, ขาวสลับม่วง, ดิบ","Corn, Waxy or sticky variety, raw",182,55.6,4.8,1.64,36.53,0.9,0.55,219,0.08,0,0,1,0.11,2.52,1,0,tr,8,0,0,0,0,,,,,,,,,,,,,,,,,,,,,,,,,,,,,,,,,,
1032,"ข้าวฟ่าง, ดิบ","Sorghum, raw",316,10.6,10.04,3.84,64.55,9.1,1.88,24,351,34,10,42,0.11,3.6,10,0.45,1.18,0,0,tr,0,0,,,,,,,,,,,,,,,,,,,,,,,,,,,,,,,,,,
1033,"ข้าวสาลี, ดิบ","Wheat, raw",339,11.7,12.71,2.11,61.55,10.8,2.11,42,190,21,22,1.19,2.4,0.69,0.11,0.88,3.11,0,0,0,0,0,,,,,,,,,,,,,,,,,,,,,,,,,,,,,,,,,,
1034,"ข้าวสาลี, จมูกข้าว, อบ","Wheat, germ, dried",392,4.1,28,9.5,43.1,11,6.8,54,901,20,4.3,0.74,3.03,11.3,3.3,0,0,0,1,0,0,0,,,,,,,,,,,,,,,,,,,,,,,,,,,,,,,,,,
1035,"ข้าวสาลี, รำข้าว","Wheat, bran, raw",,,19.4,5.6,20.7,36.8,13.1,4.4,284,0,2.14,1.21,1.2,0,0,0,0,0,0,0,0,0,,,,,,,,,,,,,,,,,,,,,,,,,,,,,,,,,,
1036,"ข้าวเหนียว, ดิบ","Rice, glutinous, raw",363,11.7,6.3,0.6,80.1,0.9,0.4,7,63,0,0,1.83,0.03,0.08,0,0,0,0,0,0,0,0,,,,,,,,,,,,,,,,,,,,,,,,,,,,,,,,,,
1037,"ข้าวเหนียวดำ, ดิบ","Rice, glutinous, black variety, raw",354,11.8,8.2,3,71.2,4.9,0.9,65,26,0,16,0.55,0.29,0.6,2.3,1,0,0,0,0,0,0,,,,,,,,,,,,,,,,,,,,,,,,,,,,,,,,,,
1038,"ข้าวเหนียวดำ, ข้าวลืมผัว, ดิบ","Rice, glutinous, black variety, raw",357,12,8.88,3.44,70.85,3.7,1.15,114,304,16,407,1.69,0.6,2.56,0.41,0.19,0.56,0.38,4,13,1,0,0,,,,,,,,,,,,,,,,,,,,,,,,,,,,,,,,,
1039,"ข้าวเหนียว, นึ่ง","Rice, glutinous, steamed",230,42.9,4.1,0.6,51.8,0.5,0.1,18,12,0,0,0.03,0.1,1,tr,0,0,0,0,0,0,0,,,,,,,,,,,,,,,,,,,,,,,,,,,,,,,,,,
1040,"ข้าวเหนียวกล้อง, ดิบ","Rice, brown, glutinous, raw",356,12.5,7.86,3,71.67,3.57,1.41,18,272,2.4,12,1.6,0.55,0.06,tr,0,0,0,0,tr,0,0,,,,,,,,,,,,,,,,,,,,,,,,,,,,,,,,,,
1041,"ข้าวโอ๊ต, ดิบ","Oats, raw",371,9.5,12.3,7.88,57.83,10.94,1.57,19,26,43,282,0.59,0.1,4.1,6.5,1.15,0,0,0,tr,tr,0,,,,,,,,,,,,,,,,,,,,,,,,,,,,,,,,,,
1042,น้ำข้าวกล้องงอก,"Brown rice, germinated, beverage",14,96.8,0.36,0.21,2.59,0,0.05,2,7,3,13,0.04,0,0,0.75,0,0,0,0,0,0,0,,,,,,,,,,,,,,,,,,,,,,,,,,,,,,,,,,
1043,น้ำนมข้าวโพด,Corn milk,102,89.5,1,0.45,7.85,0.64,0.54,10,113,4,1,0.58,0.03,0.05,40,5,tr,0.2,14,0.1,0,0,,,,,,,,,,,,,,,,,,,,,,,,,,,,,,,,,,
1044,น้ำนมข้าว,Young rice milk,22,94.3,0.41,0.12,4.99,0.08,0.11,12,3,4,14,0.1,0,0.02,0.01,0.12,0,3,10,0,tr,0,,,,,,,,,,,,,,,,,,,,,,,,,,,,,,,,,,
1045,"น้ำนมข้าวยาคู, ผง","Young rice milk, powder",379,3.2,7,4.5,84.7,2.42,5.17,83,249,175,1817,1.12,0.13,0.17,3.44,0,1,7,0,0,0,1,,,,,,,,,,,,,,,,,,,,,,,,,,,,,,,,,,
1046,"บะหมี่, สด","Noodles, wheat, fresh",310,27.3,15.4,0.6,52.3,0.2,4.4,78,138,0,0,3,0.01,0.4,0.04,0,0,0,0,0,0,0,,,,,,,,,,,,,,,,,,,,,,,,,,,,,,,,,,
1047,บะหมี่กึ่งสำเร็จรูปพร้อมเครื่องปรุง รสหมู,"Noodles, wheat, instant, pork flavour",454,5.4,11.8,18.4,60.3,0.2,4.1,2.4,126,0,0,0,0.03,0.05,1.5,0,2,0,0,0,0,0,,,,,,,,,,,,,,,,,,,,,,,,,,,,,,,,,,
1048,แป้งข้าวเจ้า,Rice flour,375,9.1,8.25,3.3,78.07,0,0,264,224,12,0,1.07,1.32,0.26,0.07,8.1,0,0,0,0,0,0,0,,,,,,,,,,,,,,,,,,,,,,,,,,,,,,,,,
1049,"ลูกเดือย, ดิบ","Job's tears, seeds, raw",365,10.1,13.6,3.7,67.6,3.4,1.6,19,364,16,0,8,1.36,0.1,3.1,0.38,0,0,0,0,0,0,,,,,,,,,,,,,,,,,,,,,,,,,,,,,,,,,,
1050,"เส้นหมี่, แห้ง","Noodles, rice, vermicelli, dried",352,12.5,5.33,0.4,80.77,0.71,0.34,47,156,21,0,0.9,0,0,3.7,0,0,0,0,0,0,0,,,,,,,,,,,,,,,,,,,,,,,,,,,,,,,,,,
2001,"กลอย, ดิบ","Wild yam, raw",143,63.1,2.5,0.1,33.1,0.9,1.8,22,32,0,1,1.2,0.09,0.2,tr,0,0,0,0,0,0,0,,,,,,,,,,,,,,,,,,,,,,,,,,,,,,,,,,
2002,"แก่นตะวัน, ดิบ","Sunchoke, raw",80,78.2,2.3,0.37,16.26,1.76,1.1,11,430,2,31,0.32,0.13,0.28,20,329,6,0,0.08,0.06,2.71,,,,,,,,,,,,,,,,,,,,,,,,,,,,,,,,,,,
2003,"ผักกาดแดง/ผักกาดฝรั่ง, ดิบ","Beetroot, raw",45,86.7,1.78,0.18,7.91,2.5,0.98,37,448,6,4,0.39,0.4,17,0.01,0.04,0.22,21,tr,2,1,0.08,,,,,,,,,,,,,,,,,,,,,,,,,,,,,,,,,,
2004,"เผือก, ดิบ","Taro, raw",110,70,2.14,0.23,23.53,2.8,1.26,62,111,45,3,1202,0.49,0.34,0.81,0.1,0.03,0.95,4,3,2,0.3,,,,,,,,,,,,,,,,,,,,,,,,,,,,,,,,,,
2005,"มันแกว, ดิบ","Yam bean, raw",35,90.5,1.4,0.1,6.8,0.9,0.3,9,16,2,9,0.5,0.01,3,0.03,0,0,0,0,0,0,0,,,,,,,,,,,,,,,,,,,,,,,,,,,,,,,,,,
2006,"มันขี้หนู, หัวเล็ก, ดิบ","Hausa potato, small, raw",78,80.6,0.6,0.5,17.7,0.7,0.5,19,32,1,0,tr,7,0.01,1.8,6,0.04,4,0,0,0,0,,,,,,,,,,,,,,,,,,,,,,,,,,,,,,,,,,
2007,"มันขี้หนู, หัวใหญ่, ดิบ","Hausa potato, big, raw",78.6,1.1,0.5,17.1,1.8,1.1,36,81,27,15,0.9,0.02,0.02,2.4,tr,1,5,0,0,0,0,,,,,,,,,,,,,,,,,,,,,,,,,,,,,,,,,,,
2008,"มันตีนแรด, ดิบ","Man-tinrad, raw",59,83.8,2.2,0.5,12.5,0.8,0.2,80,0.04,8,7,0.48,0.05,2,0,0,0,0,0,0,0,,,,,,,,,,,,,,,,,,,,,,,,,,,,,,,,,,,
2009,"มันเทศ/มันต่อเผือก, ดิบ","Sweet potato, purple flesh, raw",127,66.2,1.37,2.6,28.63,24,0.24,9,44,19,1,419,0.49,0.24,0.13,0.96,0.07,0.04,1.63,1,17,19,,,,,,,,,,,,,,,,,,,,,,,,,,,,,,,,,,
2010,"มันเทศ, เนื้อสีส้ม, ดิบ","Sweet potato, orange flesh, raw",63,79.9,1.99,3.3,12.28,2.4,0.18,14,0.17,0,0,0.4,0.05,0.07,350,0.76,0.87,0,0,0,0,,,,,,,,,,,,,,,,,,,,,,,,,,,,,,,,,,,
2011,"มันเทศ, เนื้อสีม่วงแดง, ดิบ","Sweet potato, purple-red flesh, raw",102,72.7,2.4,0.19,23.07,21,2,18,72,8,1,250,0.44,0.12,0.15,9,0.02,1,0.04,0,0,0,,,,,,,,,,,,,,,,,,,,,,,,,,,,,,,,,,
2012,"มันเทศ, เนื้อสีเหลือง, ดิบ","Sweetpotato, yellow flesh, raw",92,75.2,0.6,0.1,20.8,2.5,0.8,98,46,5,0,34,0.5,0.02,0.09,217,2600,0,0,0,0,0,,,,,,,,,,,,,,,,,,,,,,,,,,,,,,,,,,
2013,"มันฝรั่ง, ดิบ","Potato, raw",70,82,2.5,0.2,13.9,1.4,1,16,50,0,0,1.7,1,0.04,0.12,41,0,0,0,0,0,0,,,,,,,,,,,,,,,,,,,,,,,,,,,,,,,,,,
2014,"มันมือเสือ, ดิบ","Spring yam, raw",119,68.3,2.8,0.35,25.84,1.74,0.97,30,46,11,0,0.16,0.42,0.05,3,0,0,0,0,0,0,0,,,,,,,,,,,,,,,,,,,,,,,,,,,,,,,,,,
2015,"มันสำปะหลัง, ดิบ","Cassava, raw",135,64.8,1.1,0.2,31.9,0.8,0.6,10,33,tr,0,1.2,0.08,0.02,60,0,0,0,0,0,0,0,,,,,,,,,,,,,,,,,,,,,,,,,,,,,,,,,,
2016,"มันสำปะหลัง, แป้ง",Cassava flour,351,12.1,0.1,0.1,87.2,0.3,0.3,0,0,0,0,0.9,0.06,0.02,0.1,35,0,0,0,0,0,0,,,,,,,,,,,,,,,,,,,,,,,,,,,,,,,,,,
2017,"มันอัน/มันอ้อน, ดิบ","Man-aon, raw",68,82.1,1.4,0.3,14.8,0.9,0.5,14,0.23,5,1,0.5,0.03,0.05,14,0,0,0,0,0,0,0,,,,,,,,,,,,,,,,,,,,,,,,,,,,,,,,,,
2018,"สาคู/สาคูไทย, หัวสีขาว, ดิบ","Arrow roots, white, raw",84,78.3,1.7,0.3,18.6,0.7,1.1,6,66,16,0,0.8,0.17,0.02,0,0,0,0,0,0,0,0,,,,,,,,,,,,,,,,,,,,,,,,,,,,,,,,,,
2019,"สาคู/สาคูจีน, หัวสีแดง, ดิบ","Arrow roots, red, raw",98,74.7,1.5,0.3,22.3,0.6,1.2,14,64,4,0,0.8,0.03,0.3,0.1,tr,0,0,0,0,0,0,,,,,,,,,,,,,,,,,,,,,,,,,,,,,,,,,,
2020,"สาคู เม็ดเล็ก, ดิบ","Sago palm, grain, raw",348,12.7,0.1,0.1,86.6,130,0.4,tr,12,0,0,0,0.05,0.1,1.4,0,0,0,0,0,0,0,,,,,,,,,,,,,,,,,,,,,,,,,,,,,,,,,,
2021,"หัวผักกาด, หัวไชเท้า, ดิบ","Radish, raw",22,93.7,0.8,0,4.8,0.7,0.7,43,20,26,0,tr,0.5,0.02,0.01,0,4,0,0,0,0,0,,,,,,,,,,,,,,,,,,,,,,,,,,,,,,,,,,
2022,"หัวผักกาดแห้ง, เค็ม","Radish, salted",47,69.8,1.8,0.1,9.8,2.5,18.5,118,24,0,0,0.5,0,0,0.03,0,0,0,0,0,0,0,,,,,,,,,,,,,,,,,,,,,,,,,,,,,,,,,,
2023,"หัวผักกาดแห้ง, หวาน","Radish, sweetened",131,58.1,0.9,0.3,31.1,2.2,9.6,81,0.1,0,0,0,0.03,14,tr,0,0,0,0,0,0,0,,,,,,,,,,,,,,,,,,,,,,,,,,,,,,,,,,
3001,"กระจับ, ดิบ","Water chesnut, raw",93,75.9,3.5,0.2,19.3,0.6,1.2,15,9,8,0,1.1,0.05,1.5,0.36,0,0,0,0,0,0,0,,,,,,,,,,,,,,,,,,,,,,,,,,,,,,,,,,
3002,"กระจับ, ต้ม","Water chesnut, boiled",165,56.7,4.8,0.2,36.1,0.8,2.2,26,16,0,0,1.3,0.03,0.25,1.7,0,0,0,0,0,0,0,,,,,,,,,,,,,,,,,,,,,,,,,,,,,,,,,,
3003,"ก่อ/ลูกก่อ, ดิบ","Look kaw, raw",262,35.8,3.7,1.2,57.3,0.8,2,103,0,0,0,0,0,1.2,0,0,0,0,0,0,0,0,,,,,,,,,,,,,,,,,,,,,,,,,,,,,,,,,,
3004,"กะ/ลูก/กะลูกประ, คั่ว","Look ka/Look pra, roasted",605,3,16.1,45.4,33,2.5,2.5,348,15,tr,0,1,0.04,2.3,0,0,0,0,0,0,0,0,,,,,,,,,,,,,,,,,,,,,,,,,,,,,,,,,,
3005,"เกาลัด, ดิบ","Chestnut, raw",206,46.7,3.8,1.2,40.8,5.7,1.8,57,5,0,0,2.1,tr,0,0,0,0,0,0,0,0,0,,,,,,,,,,,,,,,,,,,,,,,,,,,,,,,,,,
3006,"งาขาว, คั่ว","Sesame, seeds, white, roasted",697,3,26.1,64.2,3.6,4.1,13,90,3.1,4,tr,0.83,5,1.54,0,0,0,0,0,0,0,0,,,,,,,,,,,,,,,,,,,,,,,,,,,,,,,,,,
3007,"งาขาว, ดิบ","Sesame, seeds, white, raw",658,3.9,20.9,57.1,15,4.6,3.1,86,0,0,0,7.4,3.3,0.11,1.08,0,0,0,0,0,0,0,,,,,,,,,,,,,,,,,,,,,,,,,,,,,,,,,,
3008,"งาขี้ม้อน, ดิบ","Perilla, raw",569,7.2,16,42,31.7,19.3,6.3,650,284,3,35,1.3,0.5,0.49,442,3.1,0,0,0,0,0,0,,,,,,,,,,,,,,,,,,,,,,,,,,,,,,,,,,
3009,"งาดำ, อบ","Sesame, seeds, black, roasted",594,2.2,20.6,51.9,15.7,9.9,3.8,1469,688,22,0,6.4,3.2,0.27,0.75,0,0,0,0,0,0,0,,,,,,,,,,,,,,,,,,,,,,,,,,,,,,,,,,
3010,"เต้าเจี้ยว, ขาว","Soybean paste, white",126,56.7,11.1,3.7,12,2.2,16.5,180,178,0,0,15.2,0.4,0.08,0.23,0,0,0,0,0,0,0,,,,,,,,,,,,,,,,,,,,,,,,,,,,,,,,,,
3011,"เต้าหู้ขาว, อ่อน","Soybean curd, white, soft",46,90,4.3,1.9,3,0.1,0.7,250,53,0,0,0.8,2.2,0.04,0.7,0.18,0,0,0,0,0,0,0,,,,,,,,,,,,,,,,,,,,,,,,,,,,,,,,,
3012,เต้าหู้ทอด/เต้าหู้พอง,"Soybean curd, spongy, deep fried",354,40.6,28.8,25.7,1.9,0.3,3,33,4.2,0,0,2.8,0.33,0.11,0,0,0,0,0,0,0,0,,,,,,,,,,,,,,,,,,,,,,,,,,,,,,,,,,
3013,"เต้าหู้ยี้, กระป๋อง","Curd cake, fermented, can",141,56.8,8.6,13.1,17.3,0.2,4.2,15,0,0,0,1.7,1.6,0,0.02,0,0,0,0,0,0,0,,,,,,,,,,,,,,,,,,,,,,,,,,,,,,,,,,
3014,"เต้าหู้ยี้, แบ่งขาย","Curd cake, fermented",143,59.2,11.2,6.3,10.3,0.6,13,1.2,0,0,0,0,0.07,0,0,0,0,0,0,0,0,0,,,,,,,,,,,,,,,,,,,,,,,,,,,,,,,,,,
3015,เต้าหู้เหลือง,"Soybean curd, yellow",150,69.7,13.5,8.8,0.3,6.7,160,230,0.8,0,2.8,0.03,0.18,0,0,0,0,0,0,0,0,0,,,,,,,,,,,,,,,,,,,,,,,,,,,,,,,,,,
3016,"ถั่วขาว, ดิบ","Nevy beanWhite /kidney beans, raw",359,11.2,22.3,2.8,61.1,3.1,2.6,6.8,0.32,0.42,2.7,0,0,0,0,0,0,0,0,0,0,,,,,,,,,,,,,,,,,,,,,,,,,,,,,,,,,,,
3017,"ถั่วเขียว, ดิบ","Mungbean, seeds, raw",297,11.5,23.4,1.3,35.6,3.5,125,340,0,0,2.6,24.7,0.21,0.38,5.2,0,0,0,0,0,0,0,,,,,,,,,,,,,,,,,,,,,,,,,,,,,,,,,,
3018,"ถั่วเขียว, แป้ง","Mungbean, flour",284,11,0.1,0.1,70,0.3,0.1,32,1,0,0,0.1,0.01,0.01,108,3.9,0,0,0,0,0,0,,,,,,,,,,,,,,,,,,,,,,,,,,,,,,,,,,
3019,"ถั่วดำ, คั่ว","Cowpea, seeds, roasted",383,3,25.9,5.4,65,2.2,11.6,184,5,0,0,2.1,0.63,0.02,0,0,0,0,0,0,0,0,,,,,,,,,,,,,,,,,,,,,,,,,,,,,,,,,,
3020,"ถั่วดำ, ดิบ","Black gram, seeds, raw",356,9.9,24.2,1.7,42.4,12.95,3.65,18.2,318,39,0,1.7,0.31,0.28,0,0,0,0,0,0,0,0,,,,,,,,,,,,,,,,,,,,,,,,,,,,,,,,,,
3021,"ถั่วแดง, คั่ว","Rice bean, seeds, roasted",385,4.9,22.7,4.6,68.6,2.2,1.6,10.5,43,151,3,0.29,0.02,16,1,0,0,0,0,0,0,0,,,,,,,,,,,,,,,,,,,,,,,,,,,,,,,,,,
3022,"ถั่วแดง, ดิบ","Rice bean, seeds, raw",295,14.2,22.4,1.2,39.19,4.2,18.8,253,0.9,0,0,0.23,0.73,0,0,0,0,0,0,0,0,,,,,,,,,,,,,,,,,,,,,,,,,,,,,,,,,,,
3023,"ถั่วแดงหลวง, ดิบ","Red kidney bean, seeds, raw",298,12,23.8,2.2,39.5,4.3,18.2,415,115,0,0,1.32,0.16,2.7,0,0,0,0,0,0,0,0,,,,,,,,,,,,,,,,,,,,,,,,,,,,,,,,,,
3024,"ถั่วนางหอม, ทั้งเปลือก, ดิบ","Sweet pea, whole seeds, raw",354,9.2,23.1,1.2,62.7,5.4,3.8,4.4,23,0.37,4.7,1.24,5,0,0,0,0,0,0,0,0,0,,,,,,,,,,,,,,,,,,,,,,,,,,,,,,,,,,
3025,"ถั่วนางหอม, แยกเปลือก, ดิบ","Sweet pea, hulled, raw",352,10.2,22.6,1.4,62.2,4.3,3.6,28,4.5,3.9,0.56,0.31,0,0,0,0,0,0,0,0,0,0,,,,,,,,,,,,,,,,,,,,,,,,,,,,,,,,,,
3026,"ถั่วเน่า, เปียก","Soy bean, fermented, fresh",167,61.8,17.9,6.6,9.1,3.8,1.6,223,198,4.6,0,0.45,0.04,6.1,0,0,0,0,0,0,0,0,,,,,,,,,,,,,,,,,,,,,,,,,,,,,,,,,,
3027,"ถั่วเน่า, แห้ง","Soy bean, fermented, dried",393,14.3,43.9,17.6,21,7.6,4.6,292,12,5,0,0.06,0.73,1.6,104,9,0,0,0,0,0,0,,,,,,,,,,,,,,,,,,,,,,,,,,,,,,,,,,
3028,"ถั่วแปะยี, คั่ว","Lablab bean, seeds, roasted",370,2.9,29.2,6.4,56.8,0.9,4.7,481,2.1,0,0,0.16,3.63,0,0,0,0,0,0,0,0,0,,,,,,,,,,,,,,,,,,,,,,,,,,,,,,,,,,
3029,"ถั่วแปะยี, ดิบ","Lablab bean, seeds, raw",350,10.3,31.1,0.8,54.5,1.3,3.3,398,33,0,0,0.52,0.35,4.1,8.4,tr,tr,0,0,0,0,0,,,,,,,,,,,,,,,,,,,,,,,,,,,,,,,,,,
3030,"ถั่วแปะยี, ทอด","Lablab bean, seeds, fried",387,0.9,22.9,15.4,53.9,3.8,3.1,448,3.4,tr,0,0.44,0.35,0,tr,0,0,0,0,0,0,0,,,,,,,,,,,,,,,,,,,,,,,,,,,,,,,,,,
3031,"ถั่วพุ่ม, ทั้งเปลือก, ดิบ","Cowpea, whole seeds, raw",355,10.9,24.3,2.3,59.2,4.5,3.3,19,3.3,0.42,3.9,1.26,14,0,0,0,0,0,0,0,0,,,,,,,,,,,,,,,,,,,,,,,,,,,,,,,,,,,
3032,"ถั่วพุ่ม, แยกเปลือก, ดิบ","Cowpea, hulled, raw",360,9.8,26.6,2.4,57.9,1.7,3.3,31,3.8,0,0,0.34,3.7,0.23,0,0,0,0,0,0,0,0,,,,,,,,,,,,,,,,,,,,,,,,,,,,,,,,,,
3033,"ถั่วแระ, ดิบ","Soybean, young seeds, raw",148,64.7,15.3,6.7,9.2,2.13,2,22,1.1,0.26,0.57,0,0,0,0,0,0,0,0,0,0,,,,,,,,,,,,,,,,,,,,,,,,,,,,,,,,,,,
3034,"ถั่วแระ, ต้ม","Soybean, young seeds, boiled",184,57.2,17.8,4.7,17.6,3.9,4.7,330,194,0,0,2.7,0.31,0.21,2.3,0.4,0,0,0,0,0,0,,,,,,,,,,,,,,,,,,,,,,,,,,,,,,,,,,
3035,"ถั่วลาย, ทั้งเปลือก, ดิบ","Butterfly pea, whole seeds, raw",358,9.5,25.92,2.13,58.9,4.9,4.2,109,3.55,0,0,1.29,0.31,5.5,0,37,0,0,0,0,0,0,,,,,,,,,,,,,,,,,,,,,,,,,,,,,,,,,,
3036,"ถั่วลาย, แยกเปลือก, ดิบ","Butterfly pea, hulled, raw",353,10.9,26.6,2.25,56.6,2.3,3.65,43,4.8,0,0,1.37,0.32,6.2,0,0,0,0,0,0,0,0,,,,,,,,,,,,,,,,,,,,,,,,,,,,,,,,,,
3037,"ถั่วลิสง, ดิบ","Peanut, raw",295,11.4,29.7,38.7,7.96,9.7,2.5,20,518,0,0,0.59,0.09,2.2,20,2.5,8,0,0,0,0,0,,,,,,,,,,,,,,,,,,,,,,,,,,,,,,,,,,
3038,"ถั่วลิสง, ทอด, ไม่รวมเยื่อหุ้มเมล็ด","Peanut without seed coat, fried",626,1.1,28.19,51.25,9.07,8,1.58,38,2.46,71,0,0,0,0,0,0,0,0,0,0,0,0,,,,,,,,,,,,,,,,,,,,,,,,,,,,,,,,,,
3039,"ถั่วลิสง, อบเกลือ, รวมเยื่อหุ้มเมล็ด","Peanut with seed coat, baked salt",602,1.5,27.62,47.65,10.4,10.3,2.52,42,0.94,96,333,0,0,0,0,0,0,0,0,0,0,0,,,,,,,,,,,,,,,,,,,,,,,,,,,,,,,,,,
3040,"ถั่วเล็บมือนาง, คั่ว","Rice bean, roasted",359,8,20.4,1.3,66.4,5,3.9,21,0.63,1.6,0.1,92,0,0,0,0,0,0,0,0,0,,,,,,,,,,,,,,,,,,,,,,,,,,,,,,,,,,,
3041,"ถั่วเล็บมือนาง, ดิบ","Rice bean, raw",355,8.7,19.9,1.2,66.2,6.3,4,13,56,2.2,0.53,0.5,5.2,0,0,0,0,0,0,0,0,,,,,,,,,,,,,,,,,,,,,,,,,,,,,,,,,,,
3042,"ถั่วหรั่ง, ดิบ","Bambara groundnut, raw",180,58.1,8.4,3.8,28.1,2.2,1.6,20,143,3,0,0.16,0.37,2.9,tr,4,tr,0,0,0,0,0,,,,,,,,,,,,,,,,,,,,,,,,,,,,,,,,,,
3043,"ถั่วหรั่ง, ต้ม","Bambara groundnut, boiled",160,61.7,7.1,1.9,26.5,2.1,2.8,22,127,0,0,0.1,0.18,1.6,0,tr,0,0,0,0,0,0,,,,,,,,,,,,,,,,,,,,,,,,,,,,,,,,,,
3044,"ถั่วเหลือง, คั่ว","Soybean, seeds, roasted",435,10.5,36.8,19.2,28.8,5.1,4.7,0,0,0,0,0.04,0.64,11.6,0,0,0,0,0,0,0,0,,,,,,,,,,,,,,,,,,,,,,,,,,,,,,,,,,
3045,"ถั่วเหลือง, ดิบ","Soybean, seeds, raw",430,11.1,34,18.7,31.4,4.7,4.8,245,500,10,14,0.73,0.19,1.5,0,0,0,0,0,0,0,0,,,,,,,,,,,,,,,,,,,,,,,,,,,,,,,,,,
3046,"ถั่วเหลือง, นม, UHT","Soybean, milk, UHT",,,3.1,2.4,8.6,0,0.4,22,85.5,0.5,0.4,0.07,0.2,26,72,0,0,0,0,0,0,0,0,,,,,,,,,,,,,,,,,,,,,,,,,,,,,,,,,
3047,"แปะก๊วย, เมล็ด, ไม่มีเปลือก","Ginko, seeds, hulled",185,53,5.2,1.9,35.2,3.1,1.6,48,171,1.6,tr,170,14,0,0,0,0,0,0,0,0,0,,,,,,,,,,,,,,,,,,,,,,,,,,,,,,,,,,
3048,"มะพร้าว, ขูด, กาก","Coconut, grated meat, pressed",154,72.7,1.4,13.3,16,5.7,0.5,9.4,0.02,0.15,2.9,32,3,0,0,0,0,0,0,0,0,0,,,,,,,,,,,,,,,,,,,,,,,,,,,,,,,,,,
3049,"มะพร้าว, ขูด, เนื้อ","Coconut, grated meat",326,53.5,3.5,28.7,13.3,6.4,1,1.9,78,1.5,0.05,0.02,11,0,0,0,0,0,0,0,0,0,,,,,,,,,,,,,,,,,,,,,,,,,,,,,,,,,,
3050,"มะพร้าว, น้ำตาล",Sugar from coconut,352,11.2,1,0.1,87.4,0.3,1,80,609,0.05,14.4,3.6,0.09,0,0,0,0,0,0,0,0,0,,,,,,,,,,,,,,,,,,,,,,,,,,,,,,,,,,
3051,"มะพร้าวกะทิ, เนื้อ",Milk coconut/Fluffy coconut,228,67.1,2.11,10.44,19.76,59,0.63,1.41,281,88,33,8,0.02,0.01,0,1,0,3,0,0,0,0,,,,,,,,,,,,,,,,,,,,,,,,,,,,,,,,,,
3052,"มะพร้าวอ่อน, เนื้อ","Coconut, meat, immature",73,83.1,1.3,1.6,12.2,4.5,1.1,2,13,1.3,0.04,0.06,1,0,173,4,0,0,0,0,0,0,,,,,,,,,,,,,,,,,,,,,,,,,,,,,,,,,,
3053,เมล็ดกระถิน แห้ง คั่ว,Leadtree seeds roasted,415,3.1,36,9.1,47.2,12.2,4.6,79,336,,,,,12.4,,,,,0,,0.2,1.67,4.3,,,,,,,,,,,,,,,,,,,,,,,,,,,,,,,,,
3054,เมล็ดขนุน ดิบ,Jack fruit seeds raw,135,60.7,5.5,0.2,23.23,9,1.4,,105,,,,,2.9,,,,,0,,1.74,0.02,3.2,24,,,,,,,,,,,,,,,,,,,,,,,,,,,,,,,,
3055,เมล็ดเงาะ ดิบ,Rambutan seeds raw,374,35.1,7.3,24.2,31.8,1.6,1.6,19,117,,,,,2.9,,,,,0,,0.04,0.97,0.4,15,,,,,,,,,,,,,,,,,,,,,,,,,,,,,,,,
3056,เมล็ดถั่วแขก ดิบ,French bean seeds raw,380,10.3,18.5,6,63,2.4,2.2,13,253,,,,,,,,,,0,0,0,0.22,0.73,2.1,0,,,,,,,,,,,,,,,,,,,,,,,,,,,,,,,
3057,เมล็ดถั่วพู ปอกเปลือก ลวก,Winged bean hulled blanched,309,38.8,26.6,14.8,17.3,3.7,2.5,36,,,,,,,5.4,,,,,0,,0.57,3.96,4.4,0,,,,,,,,,,,,,,,,,,,,,,,,,,,,,,,
3058,เมล็ดบัว นึ่ง,Lotus seeds steamed,157,59.7,10.3,0.5,27.9,,1.6,12,127,,,,,1.8,,,,,0,7,,tr,0.4,,,,,,,,,,,,,,,,,,,,,,,,,,,,,,,,,
3059,เมล็ดบัว สด,Lotus seeds raw,65,83.1,3.93,0.26,11.68,,0.99,,,,,,,,,,,,,,,,,39,,,,,,,,,,,,,,,,,,,,,,,,,,,,,,,,
3060,เมล็ดบัว แห้ง ดิบ,Lotus seeds dried raw,332,10.8,19.2,2.1,54.1,10.1,3.7,122,626,,60,,4.4,,,20,tr,0,tr,0.18,0.15,1.8,2,1,,,,,,,,,,,,,,,,,,,,,,,,,,,,,,,,
3061,เมล็ดมะขาม คั่ว,Tamarind seeds roasted,393,10.2,14.3,7.7,66.6,1.7,1.2,3,185,,,,,,0.2,,,,,0,,0,1.89,0.4,,,,,,,,,,,,,,,,,,,,,,,,,,,,,,,,
3062,เมล็ดมะม่วงหิมพานต์ คั่ว,Cashew nut roasted,597,3.8,19.5,44.8,29,0.8,2.9,38,236,,,,,,0.7,,,,,0,,0.5,0.15,1.3,0,,,,,,,,,,,,,,,,,,,,,,,,,,,,,,,
3063,เมล็ดมะม่วงหิมพานต์ ดิบ,Cashew nut raw,592,3.8,19.7,45,25.01,4.1,2.4,36,223,,,,,,0.1,,,12,0,1,1,0.65,0.16,0.9,0,0.39,,,,,,,,,,,,,,,,,,,,,,,,,,,,,,
3064,เมล็ดมะม่วงหิมพานต์ อบเนย,Cashew nut baked with butter,609,1.8,19.3,47.3,23.9,5.1,2.6,32,453,,,,,,tr,,,,,0,,0,0.46,0.18,1.1,0,1.02,,,,,,,,,,,,,,,,,,,,,,,,,,,,,
3065,วุ้นเส้น,Noodles mungbean dried,337,15.6,1.6,0.1,82.5,0.2,0.2,35,16,,,,,,,,,,,0,,0,0,0,,,,,,,,,,,,,,,,,,,,,,,,,,,,,,,,
4001,กระเจี๊ยบเปรี้ยว ใบ,Roselle (Red sorrel) leaves,38,88.3,1.7,0.1,5.84,3.5,0.62,104,30,57,6,,0.8,0.16,0.48,,,,,0.11,0.24,4.5,44,,,,,,,,,,,,,,,,,,,,,,,,,,,,,,,,,
4002,กระเจี๊ยบมอญ/กระเจี๊ยบเขียว ฝักอ่อน,Lady's finger young pods,25,91.4,1.86,0.26,1.89,3.9,0.76,69,38,48,7,215,0.8,0.15,0.53,4,335,,28,0.05,0.12,2.19,11,0.55,,,,,,,,,,,,,,,,,,,,,,,,,,,,,,,,
4003,กระชาย,Wild ginger/Finger root,54,85,1.3,0.8,9.21,2.4,1.34,15,61,41,10,,2.3,0.09,0.32,,0,,0,0.07,0.3,3.5,2,,,,,,,,,,,,,,,,,,,,,,,,,,,,,,,,,
4004,กระโดน ยอดอ่อน,Kra-don tender tips,90,76.8,2.6,0.5,18.8,1.9,1.3,13,18,,,,,1.7,,,,1188,,198,0.1,0.88,1.8,126,,,,,,,,,,,,,,,,,,,,,,,,,,,,,,,,
4005,กระถิน ยอดอ่อน,Leadtree tender tips,61,80.7,8.4,0.9,1.03,7.7,1.27,124,53,51,5,,9.2,0.24,0.88,,4728,,394,0.33,0.09,1.7,8,,,,,,,,,,,,,,,,,,,,,,,,,,,,,,,,,
4006,กระทือขาว,Wild ginger white,11,95,0.4,0.4,0,3,1.2,,,,,,,,,,14,,1,tr,0.03,0.72,2,tr,,,,,,,,,,,,,,,,,,,,,,,,,,,,,,,,
4007,กระทือแดง,Wild ginger red,13,95.1,0.4,0.4,1,2.1,1,2,,,,,,,,,18,,2,tr,0.04,0.44,3,0.49,,,,,,,,,,,,,,,,,,,,,,,,,,,,,,,,
4008,กระเทียม ต้น,Garlic leaves and stem,40,90.1,3.2,0.8,5.1,1.3,0.8,63,45,,,,,,tr,,,1634,,136,0.04,0.15,0.7,28,,,,,,,,,,,,,,,,,,,,,,,,,,,,,,,,
4009,กรุงเขมา น้ำคั้นจากใบ,Ice vine juice from leaves,3,99.4,0.1,0.1,0.4,0,0,0,0,,,,,0,,,,,18,,2,0,0.03,0,2,,,,,,,,,,,,,,,,,,,,,,,,,,,,,,,
4010,กรุงเขมา ใบ,Ice vine leaves,90,75.2,8.5,0.7,11.2,2.4,2,423,26,,,,,2.1,,,,6577,,548,0,,1.3,82,,,,,,,,,,,,,,,,,,,,,,,,,,,,,,,,
4011,กวางตุ้ง ดอก,Chinese cabbage flowers,30,91.1,3.2,0.5,2,2.1,1.1,32,30,,,,,0.4,,,,1453,,121,0.14,0.27,0.5,24,,,,,,,,,,,,,,,,,,,,,,,,,,,,,,,,
4012,กวางตุ้ง ต้นและใบ,Chinese cabbage,11,95.6,1.5,0.2,0,1.6,1.1,11,34,,,,,1.6,,,4,1808,,151,0.04,0.07,0.5,25,,,,,,,,,,,,,,,,,,,,,,,,,,,,,,,,
4013,กวางตุ้ง ไต้หัว ต้นและใบ,Pak choi,13,95.7,1.3,0.3,0.9,0.9,0.9,51,39,,,,,tr,,,,,1412,,118,0.03,0.15,0.9,48,,,,,,,,,,,,,,,,,,,,,,,,,,,,,,,
4014,กะทกรก ยอด,Passion fruit tender tips,59,83.5,7.5,1.2,2.8,3.6,1.4,64,,,,,,,,13,8495,,708,tr,0.53,2.03,86,10.48,,,,,,,,,,,,,,,,,,,,,,,,,,,,,,,,
4015,กะเพราขาว ใบ,Holy basil/Sacred basil white,32,89.2,3.24,0.61,1.41,3.9,1.61,221,50,53,176,307,1.2,0.2,0.8,2,3594,,300,0.05,0.36,2.11,3,0.85,,,,,,,,,,,,,,,,,,,,,,,,,,,,,,,,
4016,กะเพราแดง ใบ,Holy basil/Sacred basil red,38,87.6,4.2,0.5,2.3,3.8,1.6,25,287,,,,,,15.1,,,7875,,656,0.04,0.34,1.8,25,,,,,,,,,,,,,,,,,,,,,,,,,,,,,,,,
4017,กะหล่ำ ดอก,Cauliflower,13,96.4,1,0.1,2.1,0.5,0.4,22,23,,,,,tr,,,2,15,,1,0.02,0.15,0.8,56,,,,,,,,,,,,,,,,,,,,,,,,,,,,,,,,
4018,กะหล่ำ แขนง/ยอดผัก,Brussels sprout,29,90.5,2.99,0.47,1.78,3.1,1.18,49,64,22,110,315,0.51,tr,0.36,4,551,,46,0.02,0.09,1.2,110,0.14,,,,,,,,,,,,,,,,,,,,,,,,,,,,,,,,
4019,กะหล่ำปลี,Cabbage,14,95.3,1.6,0.1,1,1.2,0.8,5,76,,,,,0.1,,,,42,,4,0.04,0.22,2.8,23,,,,,,,,,,,,,,,,,,,,,,,,,,,,,,,,
4020,กะหล่ำปลี สีม่วง,Cabbage red,24,93,1.61,0.11,3.06,2.3,0.74,30,40,13,6,293,0.3,tr,0.23,0,7,,1,0.07,0.05,0.25,68,0.01,,,,,,,,,,,,,,,,,,,,,,,,,,,,,,,,
4021,กะออม/แขยง,Ka-oom,28,90.9,1.36,0.38,3.1,3.3,0.96,33,34,,,,3.95,,,,3029,,252,0.33,0.42,2.05,6,,,,,,,,,,,,,,,,,,,,,,,,,,,,,,,,,
4022,กุยช่าย ดอก,Chinese leek flower,27,91.9,2.5,0.3,2.5,2.3,0.5,3,21,,,,,,,,0,1346,,112,0.03,0.43,1,28,,,,,,,,,,,,,,,,,,,,,,,,,,,,,,,,
4023,ขจร ดอก,Cowslip creeper flower,78,80.5,5,1.1,12.1,1.6,1.3,70,90,,,,,1,,,,1800,,150,0.1,0.1,1.5,45,,,,,,,,,,,,,,,,,,,,,,,,,,,,,,,,
4024,ขนุน อ่อน,Jackfruit young,35,88.4,1.6,1,1.6,6.7,0.7,8,3,,,,,0.5,,,,,4,,tr,0.49,0.05,0.7,15,,,,,,,,,,,,,,,,,,,,,,,,,,,,,,,
4025,ขมิ้นขาว,Mango ginger,43,87.9,0.95,0.69,6.52,3.7,0.3,22,113,33,,,,,0.12,0.39,,0,,0,0.03,0.01,0.5,16,,,,,,,,,,,,,,,,,,,,,,,,,,,,,,,,
4026,ข้าวโพด อ่อน,Corn whole kernel baby,29,91.8,2.3,0.3,3.2,2.1,0.3,3,32,30,2,244,0.5,tr,0.48,,12,,1,0.13,0.15,0.4,23,,,,,,,,,,,,,,,,,,,,,,,,,,,,,,,,,
4027,ข้าวสาร ดอก,Khao san flower,39,90.1,2.2,0.6,6.2,1.5,0.9,7,25,,,,,,,,,,,tr,0.35,1.8,16,,,,,,,,,,,,,,,,,,,,,,,,,,,,,,,,,
4028,ข่าอ่อน หน่อ,Galangal shoot,43,89.2,1.28,0.4,8.6,0.9,0.55,12,34,79,13,,0.1,tr,0.48,,tr,,tr,0.01,0.17,0.1,28,,,,,,,,,,,,,,,,,,,,,,,,,,,,,,,,,
4029,ข่าอ่อน หัว,Galangal tuber,26,93.7,1.3,0.3,4.4,1.1,0.3,5,27,,,,,0.1,,,,2,,tr,0.24,0.06,0.4,22,,,,,,,,,,,,,,,,,,,,,,,,,,,,,,,,
4030,ขิง แก่,Ginger mature rhizome,28,93.5,0.4,0.6,5.2,0.8,0.3,18,22,,,,,1.2,,,,10,,1,tr,0.02,1,1,,,,,,,,,,,,,,,,,,,,,,,,,,,,,,,,
4031,ขิง อ่อน,Ginger young rhizome,23,93.2,0.76,0.47,2.53,2.6,0.48,14,25,29,1,,0.4,tr,0.23,,11,,1,0.01,0.01,0.1,7,,,,,,,,,,,,,,,,,,,,,,,,,,,,,,,,,
4032,ขี้เหล็ก ดอก,Cassia flower,78,74.7,4.9,0.4,8.9,9.8,1.3,13,4,,,,,1.6,,,,233,,19,0.11,,1.8,484,0,,,,,,,,,,,,,,,,,,,,,,,,,,,,,,,
4033,ขี้เหล็ก ยอด และใบอ่อน,Cassia tender tips and leaves,76,78.4,7.7,1.4,5.3,5.6,1.6,156,190,,,,,5.8,,,,1399,,117,0.04,0.69,1.3,110,0,,,,,,,,,,,,,,,,,,,,,,,,,,,,,,,
4034,คืนช่าย,Celery,18,93.3,1.6,0.5,0.5,2.6,1.5,93,40,,,,,,,,,1828,,152,0.02,0.19,0.6,30,1.43,,,,,,,,,,,,,,,,,,,,,,,,,,,,,,,
4035,คูน,Green Taro,12,95.9,0.5,0.1,2.3,0.8,1.2,115,30,,,,,1.3,,2,126,,11,0.03,0.01,0.4,6,,,,,,,,,,,,,,,,,,,,,,,,,,,,,,,,,
4036,แค ดอก,Sesbania flower,25,90.1,2.1,0.2,0,7.2,0.7,2,57,,,,,1.2,,,,77,,6,0.09,0.49,0.5,35,,,,,,,,,,,,,,,,,,,,,,,,,,,,,,,,
4037,แค ยอด,Sesbania tender tips,98,74.4,8.3,2.6,7.7,5.1,1.9,395,40,,,,,4.1,,,,,,,,0.28,0.33,2,84,,,,,,,,,,,,,,,,,,,,,,,,,,,,,,,
4038,แครอท,Carrot,42,89.7,1.6,0.4,7.9,1,0.4,1,68,,,,,1.2,,,,6994,,583,0.04,0.05,0.8,3,,,,,,,,,,,,,,,,,,,,,,,,,,,,,,,,
4039,จิ้วแดง ดอก แห้ง,Red cotton tree flowers dried,317,17.7,6.6,1.4,69.4,14.9,4.9,429,161,,,,,8.8,,,,60,,5,0.06,0,2.7,,,,,,,,,,,,,,,,,,,,,,,,,,,,,,,,,
4040,จวง/เทพธาโร,Juang,115,57.4,4.2,0.4,11.5,24.3,2.2,,,,,,,,,12,2054,,171,0.01,,1.2,10,7.41,,,,,,,,,,,,,,,,,,,,,,,,,,,,,,,,
4041,จาก,-,62,80.5,4,1.5,4,8.4,1.6,,,,,,,,,,,,,,0.04,,,21,,,,,,,,,,,,,,,,,,,,,,,,,,,,,,,,
4042,จำปาน่า,Champaca,37,90.5,2.8,0.5,5.3,0.9,0.9,44,2,,,,,1.6,,,,,,,,0.09,0.42,0.4,66,,,,,,,,,,,,,,,,,,,,,,,,,,,,,,,
4043,จิก/จิกน้ำ/จิกนา ยอด,Indian oak tender tips,56,85.5,3.7,0.3,9.6,1.3,0.9,3,3,,,,,2.6,,,,2718,,227,0.17,0.32,2.8,39,,,,,,,,,,,,,,,,,,,,,,,,,,,,,,,,
4044,จิกนอนวัน/จิกหาวนอน ยอด,Jik tender tips,192,32.2,6.8,2.6,14.6,41.3,2.5,,,,,,,,,,,,,,,,0.4,,,,,,,,,,,,,,,,,,,,,,,,,,,,,,,,,
4045,จุมปา/กุมปลา,-,44,89.3,2.7,1.1,5.8,1,1.1,79,53,,,,,1.2,,,,4086,,341,0.09,0.05,0.9,tr,,,,,,,,,,,,,,,,,,,,,,,,,,,,,,,,
4046,เจียงดา/เชียงดา ใบ,Chiang-da leaves,70,82.9,5.4,1.5,8.6,2.5,1.6,78,98,,,,,2.3,,,,5905,,492,0.12,0.35,1,153,,,,,,,,,,,,,,,,,,,,,,,,,,,,,,,,
4047,ชะพลู ใบ,Wildbetal leafbush leaves,55,81.7,4.85,1.54,1.72,7.2,2.96,406,30,106,43,926,7.6,0.29,0.93,7,1709,,142,0.02,0.28,2.24,22,1.52,,,,,,,,,,,,,,,,,,,,,,,,,,,,,,,,
4048,ซะอม ยอด,Climbing wattle tender tips,68,80.8,9.5,0.6,4.27,3.7,1.13,47,120,44,3,439,2.91,0.16,1.19,,6042,,504,0.05,0.24,1.15,58,,,,,,,,,,,,,,,,,,,,,,,,,,,,,,,,,
4049,ดากเงาะ/ว่านกระทือดำ/ไพลม่วง,Phlai muang rhizome,,93.6,,,,,,,,,,,,,,,,208,,17,0.03,0.06,1.16,5,1.05,,,,,,,,,,,,,,,,,,,,,,,,,,,,,,,
4050,เดือยดิน/มะเดื่อดิน ยอดและใบอ่อน,Ma-deua-din tender tips and leaves,95,65.5,2.7,1.1,8.9,19.4,2.4,282,,,,,,,,,20,2430,,203,0.04,3.15,1.28,32,40.37,,,,,,,,,,,,,,,,,,,,,,,,,,,,,,,
4051,โต่เต่/ไต้เต้ ยอดอ่อนและใบ,Do-de tender tips and leaves,59,81,4.7,0.9,5.4,5.4,2.6,,,,,,,,,,9,1479,,123,,,0.54,,11.3,,,,,,,,,,,,,,,,,,,,,,,,,,,,,,,
4052,ต้นหอม ดอก,Onion flower,24,92.5,1,0.1,3.82,2.1,0.51,48,22,10,6,,,0.06,0.15,,900,,75,0.04,0.12,0.2,33,,,,,,,,,,,,,,,,,,,,,,,,,,,,,,,,,
4053,ต้นหอม ใบ,Onion leaves,30,90.9,1.54,0.36,3.99,2.5,0.74,87,33,20,39,313,0.51,0.07,0.3,2,227,,19,0.02,0.1,1.4,29,0.4,,,,,,,,,,,,,,,,,,,,,,,,,,,,,,,,
4054,ต้นอ่อนทานตะวัน,Sunflower sprout,3,98.5,0.39,0.23,0,0.6,0.74,38,38,25,4,327,,0.12,0.39,0,,,,,0.09,0.09,2.25,6,0.66,,,,,,,,,,,,,,,,,,,,,,,,,,,,,,,
4055,ตะลิงปลิง ผล,Bilimbi fruits,11,96.9,0.3,0,2.5,0.3,0.3,1,6,,,,,0.2,,,,162,,14,0.03,0.09,0.7,2,,,,,,,,,,,,,,,,,,,,,,,,,,,,,,,,
4056,ตั้งโอ๋ ใบ,Crowdaisy leaves,15,94.3,2.1,0.3,0.07,1.9,1.33,135,38,17,51,,tr,0.15,0.32,,2722,,227,0.06,0.32,0.7,10,,,,,,,,,,,,,,,,,,,,,,,,,,,,,,,,,
4057,ต้างป่า/ต้างหลวง ดอก,Snow flake,60,83.7,3.1,0.8,10.2,2.6,2.2,222,65,,,,,tr,,,,,196,,16,tr,0.14,2.3,2,,,,,,,,,,,,,,,,,,,,,,,,,,,,,,,
4058,ตาลปัตรฤาษี,Talapatreusi,17,95.2,1.2,0.3,2.4,0.8,0.9,7,2,,,,,0.5,,,,801,,67,0.03,0.08,1.2,13,,,,,,,,,,,,,,,,,,,,,,,,,,,,,,,,
4059,ตำลึง ใบ ยอดอ่อน,Ivygourd leaves tender tips,39,90.7,3.3,0.4,5.5,1,0.1,126,30,,,,,4.6,,,,5190,,433,0.17,0.13,1.2,34,,,,,,,,,,,,,,,,,,,,,,,,,,,,,,,,
4060,เตียน/กระท้อนป่า ผล,Tein/wild santol fruit,64,84.2,0.5,0.7,13.9,,0.7,,,,,,,,,,,0,,0,0.15,0.27,2.43,36,0.32,,,,,,,,,,,,,,,,,,,,,,,,,,,,,,,
4061,แตงกวา,Cucumber,13,96.1,0.8,0.1,1.9,0.7,0.4,5,11,,,,,0.4,,,,40,,3,0.03,0.05,tr,20,,,,,,,,,,,,,,,,,,,,,,,,,,,,,,,,
4062,แตงกวาญี่ปุ่น,Japannese cucumber,10,96.9,0.71,0.14,1.01,0.8,0.45,23,30,11,2,186,,tr,0.13,0,138,,12,0.01,0.03,1.72,9,0.07,,,,,,,,,,,,,,,,,,,,,,,,,,,,,,,,
4063,แตงไทยอ่อน,Maskmelon young,13,96.5,0.4,0.1,2.7,0.5,0.3,tr,9,,,,,0,,,,30,,3,0.04,0.1,0.4,18,,,,,,,,,,,,,,,,,,,,,,,,,,,,,,,,
4064,แตงโมอ่อน,Watermelon young,12,96.9,0.4,0.1,2.4,0.3,0.2,2,8,,,,,0.4,,,,12,,1,0.03,0.03,0.3,28,,,,,,,,,,,,,,,,,,,,,,,,,,,,,,,,
4065,แตงร้าน,Long cucumber,10,96.9,0.68,0.13,0.93,1,0.36,16,17,13,6,212,0.6,tr,0.15,1,93,,5,0.01,0.04,0.84,27,0.04,,,,,,,,,,,,,,,,,,,,,,,,,,,,,,,,
4066,ถั่วแขก,Green beans,26,91.7,1.91,0.2,2.92,2.6,0.68,49,45,30,1,276,0.59,0.09,0.35,1,232,,20,0.05,0.09,0.42,19,0.04,,,,,,,,,,,,,,,,,,,,,,,,,,,,,,,,
4067,ถั่วงอก,Mung bean sprout,39,90,2.8,0.1,6.6,0.7,0.5,27,85,,,,,1.9,,,,,,,,0.07,0.03,1,12,,,,,,,,,,,,,,,,,,,,,,,,,,,,,,,
4068,ถั่วงอก หัวโต,Soy bean sprout,79,83.5,9.1,3.4,3,6.7,1,45,31,,,,,1.5,,,,47,,4,0.2,0.13,1.3,17,,,,,,,,,,,,,,,,,,,,,,,,,,,,,,,,
4069,ถั่วปี,Asparagus peas,39,90,2,0.3,7.1,1.3,0.6,,3,,,,,0.6,,,,336,,28,0.08,0.42,1.3,36,,,,,,,,,,,,,,,,,,,,,,,,,,,,,,,,
4070,ถั่วฝักยาว,Yard long bean green,35,90.4,2.6,0.5,4,1.9,0.6,30,50,49,,284,,,,,682,,57,0.08,0.11,1,19,,,,,,,,,,,,,,,,,,,,,,,,,,,,,,,,,
4071,ถั่วฝักยาว แดง,Yard long bean red,35,91,2.8,0.3,5.3,1.3,0.6,73,5,,,,,0.5,,,,438,,37,0.09,0.43,0.8,34,,,,,,,,,,,,,,,,,,,,,,,,,,,,,,,,
4072,ถั่วพู,Winged beans,21,93.1,2.28,0.24,0.94,2.9,0.56,65,43,30,6,307,0.56,0.67,1.36,5,197,,16,0.26,0.13,1.01,13,0.12,,,,,,,,,,,,,,,,,,,,,,,,,,,,,,,,
4073,ถั่วไร่,Catjung,29,90.9,2.7,0.3,2.3,3.2,0.6,,,,,,,,,,1,240,,20,tr,0.12,0.73,13,0.56,,,,,,,,,,,,,,,,,,,,,,,,,,,,,,,
4074,ถั่วลันเตา,Garden peas,58,84.9,4.3,0.1,9.9,1.4,0.8,171,115,,,,,1.5,,,,402,,34,0.11,0.09,1.4,34,,,,,,,,,,,,,,,,,,,,,,,,,,,,,,,,
4075,เถากัน/ส้มเขาคัน ผล,Treebine fruit,27,93.4,0.4,0.4,5.5,,0.3,,,,,,,,,3,236,,20,0.02,0.09,1.62,8,2.64,,,,,,,,,,,,,,,,,,,,,,,,,,,,,,,,
4076,ทองหลาง ใบ,Coral leaves,72,81.5,4.6,0.8,11.7,4.1,1.4,57,40,,,,,1.8,,,,2304,,192,0.24,0.17,1.2,68,,,,,,,,,,,,,,,,,,,,,,,,,,,,,,,,
4077,เทียม ยอด,Mega neem tender tips,,79.3,,,,,,,,,,,,,,12,5287,,441,0.16,0.52,0.52,82,13.43,,,,,,,,,,,,,,,,,,,,,,,,,,,,,,,,
4078,นมสวรรค์,Pagoda plant,,83.2,4.7,,,,1.6,,,,,,,,,7,4796,,400,0.05,0.47,1.45,52,5.6,,,,,,,,,,,,,,,,,,,,,,,,,,,,,,,,
4079,น้ำเต้า เนื้อ,Bottle gourd outer portion,12,96.8,0.3,0,2.6,0.4,0.3,6,1,,,,,0.1,,,,234,,20,0.02,0.04,0.1,10,,,,,,,,,,,,,,,,,,,,,,,,,,,,,,,,
4080,น้ำเต้า ผล,Bottle gourd fruit,17,95.6,0.6,0.1,3.4,0.3,0.3,4,53,,,,,0.5,,,,48,,4,0.06,0.03,0.4,8,,,,,,,,,,,,,,,,,,,,,,,,,,,,,,,,
4081,น้ำเต้า ไส้,Bottle gourd inner portion,10,97.4,0.4,0.1,1.8,0.2,0.3,4,1,,,,,0.2,,,,48,,4,0.04,0.03,0.5,16,,,,,,,,,,,,,,,,,,,,,,,,,,,,,,,,
4082,บร็อคโคลี่,Broccoli,33,90.1,3.64,0.5,1.98,2.9,0.9,24,61,20,12,310,1.2,0.13,0.52,1,1752,,146,0.07,0.18,2.8,111,,,,,,,,,,,,,,,,,,,,,,,,,,,,,,,,,
4083,บวบงู,Snake gourd,19,94.4,1.33,0.16,2.06,1.7,0.36,24,21,25,3,160,0.7,0.16,0.26,1,49,,4,0.03,0.06,1.91,14,,,,,,,,,,,,,,,,,,,,,,,,,,,,,,,,,
4084,บวบหอม,Sponge gourd,17,94.9,1.01,0.18,2.1,1.4,0.41,17,32,18,1,189,0.4,0.05,0.2,1,52,,5,0.02,0.06,1.56,8,,,,,,,,,,,,,,,,,,,,,,,,,,,,,,,,,
4085,บวบเหลี่ยม,Angled gourd,18,95.4,0.7,0.2,3.3,0.3,0.4,5,24,,,,,0.7,,,,30,,3,0.02,0.04,0.4,15,,,,,,,,,,,,,,,,,,,,,,,,,,,,,,,,
4086,บอนส้ม,-,18,95,0.6,0.3,3.3,,0.8,,,,,,,,,5,618,,52,0.02,tr,0.28,3,5.2,,,,,,,,,,,,,,,,,,,,,,,,,,,,,,,,
4087,บัวบก ใบ,Indian pennywort leaves,38,88.4,1.8,0.9,4.02,3.4,1.53,117,30,,,,,2.29,,,,2428,,202,0.24,0.09,0.8,15,,,,,,,,,,,,,,,,,,,,,,,,,,,,,,,,
4088,บุกเกียง ยอดต้อน,Stanley's water-tub tenders tips,21,94.4,0.2,0.2,4.7,,0.5,21,,,,,,,,,7,92,,8,tr,0.01,0.24,8,0.6,,,,,,,,,,,,,,,,,,,,,,,,,,,,,,,
4089,บุกเหลือม ยอดอ่อน,Stanley's water-tub tenders tips,15,95.5,0.4,0.2,2.5,0.9,0.5,,,,,,,,,,4,118,,10,tr,tr,0.33,7,0.9,,,,,,,,,,,,,,,,,,,,,,,,,,,,,,,
4090,ใบเตย,Pandanus leaves,55,85.3,1.9,0.8,10.1,5.2,1.9,124,27,,,,,0.1,,,,2987,,249,tr,0.2,1.2,8,,,,,,,,,,,,,,,,,,,,,,,,,,,,,,,,
4091,ใบเตย น้ำคั้น,Pandanus leaves juice,4,98.5,0.4,0.2,0.2,0,0.7,73,10,,,,,,,,,533,,44,tr,0.18,1.2,,,,,,,,,,,,,,,,,,,,,,,,,,,,,,,,,
4092,ใบปอ,Jute,77,80.4,6.9,1.2,9.7,1.5,1.8,,,,,,,,,,,,,,0.07,0.34,1.6,164,,,,,,,,,,,,,,,,,,,,,,,,,,,,,,,,
4093,ใบสะทอน น้ำคั้น,Sa-ton leaves juice,133,66.2,22.5,0.1,10.6,0,0.6,2,11,,,,,0.6,,,,,0,,0,0.26,,6,106,,,,,,,,,,,,,,,,,,,,,,,,,,,,,,,
4094,ปรงทะเล,Queen sago,47,83.2,3.9,0.6,2.3,8.4,1.6,,,,,,,,,,,,,,,tr,1.04,,42,,,,,,,,,,,,,,,,,,,,,,,,,,,,,,,
4095,ปวยเล้ง,Spinach,25,93.1,2.6,0.9,1.6,0.7,1.8,54,60,,,,,0.1,,,,2520,,210,0.05,0.48,0.4,15,,,,,,,,,,,,,,,,,,,,,,,,,,,,,,,,
4096,เปราะ ใบ,Sand ginger leaves,18,95,1.3,0.2,2.7,1,0.8,6,16,,,,,2.5,,,,,,,,0.03,0.17,0.3,26,,,,,,,,,,,,,,,,,,,,,,,,,,,,,,,
4097,ผักกะเฉด,Water mimosa,37,89.4,6.4,0.4,0,3.8,1.2,62,58,,,,,4.4,,,,3710,,309,0.12,0.14,3.2,34,,,,,,,,,,,,,,,,,,,,,,,,,,,,,,,,
4098,ผักกะสัง,Peperomia shiny,13,96.4,0.6,0.2,2.1,0.6,0.7,63,tr,,,,,0.6,,,,,,,,tr,0.24,0.7,15,,,,,,,,,,,,,,,,,,,,,,,,,,,,,,,
4099,ผักกาดขาว,Chinese white cabbage,11,96.6,1.5,0.1,1.1,0.5,0.7,7,20,,,,,0.4,,,2,11,,1,0.07,0.24,1.2,52,,,,,,,,,,,,,,,,,,,,,,,,,,,,,,,,
4100,ผักกาดเขียว,Mustard greens,22,93.8,2.15,0.25,2.7,0.7,1.1,143,51,,,,,2.25,,,,1469,,122,0.03,0.12,0.95,87,,,,,,,,,,,,,,,,,,,,,,,,,,,,,,,,
4101,ผักกาดนกเขา,Pak-kad-nok-kao,24,93.5,1.8,0.3,3.4,0.9,1,73,43,,,,,tr,,,,,2557,,213,0.01,0.56,1.2,5,,,,,,,,,,,,,,,,,,,,,,,,,,,,,,,
4102,ผักกาดหอม,Lettuce,27,92.7,2,0.4,3.8,0.8,1.1,16,39,,,,,4.9,,,,2356,,196,0.06,0.18,0.6,24,1.82,,,,,,,,,,,,,,,,,,,,,,,,,,,,,,,
4103,ผักกาดหางหงส์,Chinese cabbage-michilli,12,95.8,1.22,0.12,0.85,1.4,0.66,18,36,11,5,258,0.23,tr,0.26,tr,68,,6,0.03,0.05,1.07,23,0,,,,,,,,,,,,,,,,,,,,,,,,,,,,,,,,
4104,ผักกูบม้า,Giant fern,15,95.1,1.6,0.4,0.5,1.6,0.8,,,,,,,,,,,1658,,138,0.04,0.14,8.8,3,,,,,,,,,,,,,,,,,,,,,,,,,,,,,,,,
4105,ผักกุ่ม ดอง,Crataeva pickled,108,73.4,3.4,1.3,20.6,4.9,1.3,124,20,,,,,5.3,,,,3648,,304,0.08,0.25,1.5,5,,,,,,,,,,,,,,,,,,,,,,,,,,,,,,,,
4106,ผักกูด,Paco/Oak fern,25,93.7,1.7,0.4,3.6,1.4,0.6,5,35,,,,,36.3,,,3,681,,57,0.34,0.08,0.5,15,2.05,,,,,,,,,,,,,,,,,,,,,,,,,,,,,,,
4107,ผักขาเขียด/ผักกลิ้น/ผักขี้เต้,Piekerel weed,11,95.5,1.2,0,0.34,2,0.86,22,17,,,,,1.05,,,40,1541,,128,0.02,0.18,1.6,13,,,,,,,,,,,,,,,,,,,,,,,,,,,,,,,,
4108,ผักขี้ขวง,Pak-kee-kweung,34,90.3,3.2,0.4,4.4,1.1,1.7,94,4,,,,,1.8,,,,2431,,203,0.03,0.45,2.7,19,0,,,,,,,,,,,,,,,,,,,,,,,,,,,,,,,
4109,ผักขี้หูด,Pak-kee-hood,15,96.6,3.6,0.1,0,0.6,0.4,44,35,,,,,1.8,,,,462,,39,0.11,0.05,1.1,125,,,,,,,,,,,,,,,,,,,,,,,,,,,,,,,,
4110,ผักโขม/ผักโหม/ผักหม,Chineses spinach,17,95.1,1.83,0.29,1.7,,1.05,27,33,47,32,72,1.22,0.07,0.25,,1212,,101,0.01,0.18,0.69,19,,,,,,,,,,,,,,,,,,,,,,,,,,,,,,,,,
4111,ผักคะน้า,Chinese kale,31,92.1,2.7,0.5,3.8,1.6,0.9,245,80,,,,,1.2,,,,2512,,209,0.05,0.08,1,147,,,,,,,,,,,,,,,,,,,,,,,,,,,,,,,,
4112,ผักชี,Coriander,24,91.6,2.68,0.63,0.38,3,1.7,108,56,32,38,568,1.87,0.14,0.47,5,876,,73,0.05,0.22,1.76,46,1.12,,,,,,,,,,,,,,,,,,,,,,,,,,,,,,,,
4113,ผักชีฝรั่ง,Culantro/long coriander,27,90.9,2.05,0.55,1.83,3.4,1.24,74,37,22,61,432,2.63,0.19,0.45,8,2339,,143,0.12,0.18,0.75,20,1.12,,,,,,,,,,,,,,,,,,,,,,,,,,,,,,,,
4114,ผักชีล้อม,Water dropwort,22,92.9,1.7,0.3,1.7,2.6,0.8,87,,,,,,,,,7,2498,,208,0.01,0.2,2.87,20,6.6,,,,,,,,,,,,,,,,,,,,,,,,,,,,,,,
4115,ผักชีลาว,Dill,32,89.3,3.44,0.8,0.94,3.6,1.94,137,200,43,179,686,2.73,0.17,0.46,10,5645,,470,0.07,0.24,0.7,43,1.12,,,,,,,,,,,,,,,,,,,,,,,,,,,,,,,,
4116,ผักติ้ว ดอก,Pak-tew flower,43,86.3,2.34,0.84,3.34,6.5,0.74,19,49,19,2,290,,0.21,0.53,,980,,82,0.05,0.45,1.35,23,,,,,,,,,,,,,,,,,,,,,,,,,,,,,,,,,
4117,ผักติ้ว ใบ,Pak-tew leaves,70,79.9,3.41,1.55,6.95,7.3,0.95,47,69,26,2,365,,0.24,0.75,,1273,,106,0.09,0.74,2.12,9,,,,,,,,,,,,,,,,,,,,,,,,,,,,,,,,,
4118,ผักเตา/ผักเทา/สาหร่ายน้ำจืด,Fresh-water algae,16,94.9,1.2,0.1,1.77,1.4,0.67,84,22,6,145,23,4.7,0,0,9,3032,,253,0.03,0.07,0.4,8,,,,,,,,,,,,,,,,,,,,,,,,,,,,,,,,,
4119,ผักบ่อ,-,15,94.9,1.3,0.1,2.3,0.7,1.4,5,16,,,,,5.2,,,,,,,,0.05,0.32,1,,,,,,,,,,,,,,,,,,,,,,,,,,,,,,,,
4120,ผักบุ้งจีน,Water convolvulus,16,94.27,1.72,0.34,0.27,2.3,1.13,60,26,17,130,270,1.94,0.06,0.35,4,1591,,133,0.02,0.17,0.55,14,1.16,,,,,,,,,,,,,,,,,,,,,,,,,,,,,,,,
4121,ผักบุ้งไทย ต้นขาว,Water spinach white,22,92.8,2.18,0.32,1.34,2.4,0.92,26,33,20,67,359,3,0.02,0.28,6,1151,,96,0.05,0.23,0.9,11,,,,,,,,,,,,,,,,,,,,,,,,,,,,,,,,,
4122,ผักบุ้งไทย ต้นแดง,Water spinach red,16,93.8,1.68,0.29,0.28,3,1,13,30,21,26,439,2.6,,0.25,6,485,,40,0.07,0.14,1.3,12,,,,,,,,,,,,,,,,,,,,,,,,,,,,,,,,,
4123,ผักปลัง/ผักปิ้ง,Malabar spinach,24,93.4,2,0.2,3.5,0.8,0.9,4,50,,,,,1.5,,,,5592,,466,0.07,0.2,1.1,26,,,,,,,,,,,,,,,,,,,,,,,,,,,,,,,,
4124,ผักผัว/ไข่น้ำ,Swamp algae,9,97.1,0.6,0.1,1.5,0.3,0.7,59,25,,,,,6.6,,,11,3210,,268,0.03,0.09,0.4,11,,,,,,,,,,,,,,,,,,,,,,,,,,,,,,,,
4125,ผักใผ่/ผักแพว,Ceylon spinach (Malabar spinach),39,86.4,3.5,0.65,0,9.7,1.69,482,150,,,,,3.46,,,,3579,,298,0.04,0.47,1.75,86,,,,,,,,,,,,,,,,,,,,,,,,,,,,,,,,
4126,ผักแฝบ,Pak-fab,,88.8,1.6,,,,0.4,,,,,,,,,3,507,,42,0.03,0.41,1.62,13,0.28,,,,,,,,,,,,,,,,,,,,,,,,,,,,,,,,
4127,ผักเม็ก,Pak-meg,84,79.1,3,1,15.8,3.2,1.1,10,27,,,,,11.6,,,,1415,,118,0.03,0.06,1.7,16,,,,,,,,,,,,,,,,,,,,,,,,,,,,,,,,
4128,ผักแมะ,Pak-mae,48,85.2,5.7,0.6,3,3.8,1.7,112,,,,,,,,,18,9102,,759,0.04,0.3,0.75,37,,,,,,,,,,,,,,,,,,,,,,,,,,,,,,,,
4129,ผักแว่น,Water fern,44,89.3,2.3,0.9,6.7,3,0.8,48,tr,,,,,2.5,,,,,,,,0.08,0.28,20,3,,,,,,,,,,,,,,,,,,,,,,,,,,,,,,,
4130,ผักเสี้ยว (ซงโค) ยอด,Thomas's tree tender tips,60,84.5,6.3,0.8,7,1.9,1.4,152,107,,,,,2.3,,,,1218,,102,0.09,0.07,1.9,3,,,,,,,,,,,,,,,,,,,,,,,,,,,,,,,,
4131,ผักแส้ว ยอด,Scented star jasmine tender tips,52,86.6,4.6,0.9,6.4,1.4,1.5,142,66,,,,,1.3,,,,4366,,364,,0,1.1,13,,,,,,,,,,,,,,,,,,,,,,,,,,,,,,,,
4132,ผักหนาม,Lasia,21,94.1,2.1,0.2,2.8,0.8,0.8,14,11,,,,,0.9,,,,,,,,0.92,0.04,0.9,23,,,,,,,,,,,,,,,,,,,,,,,,,,,,,,,
4133,ผักหวาน บ้าน,Pak-waan-baan,36,88.4,5.6,0.5,0.6,3.5,1.45,34,68,124,,,1.3,,,,10,4812,,401,0.08,0.84,2.2,66,5.77,,,,,,,,,,,,,,,,,,,,,,,,,,,,,,,
4134,ผักหวาน ป่า,Pak-waan-pa,55,83.2,6.99,1.06,1.63,5.5,1.64,136,,53,4,584,,0.33,1.03,3,1672,,139,0.04,0.36,2.17,66,3.24,,,,,,,,,,,,,,,,,,,,,,,,,,,,,,,,
4135,ผักฮ้วน/ฮ้วนหมู ดอก,Pak-hawn flowers,50,87,2.8,0.6,8.3,1.6,1.3,113,59,,,,,0.9,,,,352,,29,0.08,0.61,1,472,,,,,,,,,,,,,,,,,,,,,,,,,,,,,,,,
4136,ผักฮ้วน/ฮ้วนหมู ยอด,Pak-hawn tender tips,68,82.8,5.2,1.1,9.2,2.3,1.7,104,90,,,,,1.8,,,,1595,,133,0.14,0.24,1,351,,,,,,,,,,,,,,,,,,,,,,,,,,,,,,,,
4137,ผักฮี้/ผักเฮียด ยอด,Pak-hi tender tips,53,86.4,3.4,0.5,8.6,1.4,1.1,53,80,,,,,1.7,,,,917,,76,0.07,0,0.9,3,,,,,,,,,,,,,,,,,,,,,,,,,,,,,,,,
4138,พริกขี้หนู,Chili pepper,63,81.2,3.41,2.11,2.92,9.3,1.03,28,54,34,4,461,1.2,0.13,0.29,,1452,,121,0.39,0.12,1.5,49,,,,,,,,,,,,,,,,,,,,,,,,,,,,,,,,,
4139,พริกขี้หนู ยอด,Chili pepper tender tips,50,86.6,4.5,0.7,6.5,1.3,1.7,25,22,,,,,,,,,,,,,,,90,,,,,,,,,,,,,,,,,,,,,,,,,,,,,,,,
4140,พริกจินดา/พริกซุปเปอร์ฮอต เขียว,Chili pepper green hot,44,86.5,2.37,1.21,2.82,6.3,0.86,20,57,27,5,357,,0.19,0.27,1,,,,,0.14,0.08,3.76,79,,,,,,,,,,,,,,,,,,,,,,,,,,,,,,,,
4141,พริกจินดา/พริกซุปเปอร์ฮอต แดง,Chili pepper red hot,79,76.1,3.94,2.48,3.98,12.5,1,16,84,34,6,488,,0.2,0.33,1,,,,,0.14,0.32,2.56,112,,,,,,,,,,,,,,,,,,,,,,,,,,,,,,,,
4142,พริกชี้ฟ้า แดง,Pepper red long,64,85.1,3.65,1.5,8.54,3.1,1.25,14,20,,,,,1.3,,,,,,,,0.16,0.24,3.5,106,,,,,,,,,,,,,,,,,,,,,,,,,,,,,,,
4143,พริกชี้ฟ้า เขียว,Pepper green long,53,85.2,1.5,0.5,10.6,2.2,2.2,,27,,,,,0.5,,,,1152,,96,0.07,0.01,0.1,204,,,,,,,,,,,,,,,,,,,,,,,,,,,,,,,,
4144,พริกไทย อ่อน เมล็ด,Pepper young fruit,118,72,4.4,2.6,19.3,6.1,1.7,152,23,,,,,3.1,,,,,,,,0.02,0.12,2.6,14,,,,,,,,,,,,,,,,,,,,,,,,,,,,,,,
4145,พริกนุ่ม,Chili spur pepper (Prik-num),20,93.7,0.84,0.41,1.76,2.9,0.44,8,20,18,1,,0.7,0.18,0.08,1,395,,33,0.21,0.03,2.38,111,,,,,,,,,,,,,,,,,,,,,,,,,,,,,,,,,
4146,พริกหยวก,Banana pepper,23,93.3,1.05,0.21,3.32,1.7,0.43,8,30,7,1,139,0.1,tr,,1,42,,3,0.22,0.06,2.9,64,,,,,,,,,,,,,,,,,,,,,,,,,,,,,,,,,
4147,พริกหวาน/พริกยักษ์,Bell pepper/Sweet pepper,82,80.3,3.2,1.6,13.8,6.9,1.1,35,88,,,,,,,,,510,,43,0.58,0.08,0.4,218,,,,,,,,,,,,,,,,,,,,,,,,,,,,,,,,
4148,พริกเหลือง,Pepper yellow long,106,76.6,4,3.6,14.3,5.9,1.5,10,6,,,,,1.2,,,,2898,,242,0.22,0.09,3,106,,,,,,,,,,,,,,,,,,,,,,,,,,,,,,,,
4149,พาโหม ยอด,Fever vine tender tips,44,84.8,3.4,0.4,3.4,6.5,1.5,,,,,,,,,,3244,,270,0.08,0.26,2.9,66,19.81,,,,,,,,,,,,,,,,,,,,,,,,,,,,,,,,
4150,แพงพวยน้ำ/ผักปอดน้ำ,Creeping water primrose,39,88,2.2,0.4,4.8,3.6,1,53,277,,,,,1.2,,51,3027,,252,0.03,0.52,2.6,57,6.94,,,,,,,,,,,,,,,,,,,,,,,,,,,,,,,,
4151,ฟักข้าว ผล,Spring bitter cucumber fruit,31,91.8,0.9,0.1,6.6,0.8,0.6,50,9,,,,,0.4,,,,120,,10,0.11,0.14,0.6,178,,,,,,,,,,,,,,,,,,,,,,,,,,,,,,,,
4152,ฟักข้าว ยอด,Spring bitter cucumber tips,48,88,5.6,1,4.1,1.2,1.3,90,138,,,,,1.5,,,,4782,,399,0.39,0.05,1.5,31,,,,,,,,,,,,,,,,,,,,,,,,,,,,,,,,
4153,ฟักเขียว,Winter melon,13,96.4,0.4,0,2.9,0.5,0.3,8,1,,,,,0.3,,,,150,,13,0.01,0.02,0.3,69,,,,,,,,,,,,,,,,,,,,,,,,,,,,,,,,
4154,ฟักทอง เนื้อ,Pumpkin without skin,75,80.5,1.91,0.92,13.8,2,0.88,7,35,18,1,,1.9,0.29,tr,,1860,,155,0.06,0.06,1,41,,,,,,,,,,,,,,,,,,,,,,,,,,,,,,,,,
4155,ฟักทอง เนื้อและเปลือก,Pumpkin with skin,44,85.8,1.64,0.5,7,2.3,2.76,15,35,20,,431,4.9,0.1,0.27,4,1962,,164,0.08,0.07,1.1,17,,,,,,,,,,,,,,,,,,,,,,,,,,,,,,,,,
4156,ฟักทอง ยอดอ่อน,Pumpkin tender tips,19,94.6,2,0.2,2.4,0.8,0.8,6,9,,,,,1.2,,,,1927,,161,0.08,0.18,1.4,41,3.59,,,,,,,,,,,,,,,,,,,,,,,,,,,,,,,
4157,ฟักแม้ว/มะเขือเครือ/มะระหวาน ผล,Choko/Chayote fruit,15,95.4,0.63,0.09,2.49,1.1,0.31,16,15,9,0,147,0.19,tr,0.1,1,,,,,tr,0.03,0.45,6,0.01,,,,,,,,,,,,,,,,,,,,,,,,,,,,,,,
4158,ฟักแม้ว/มะเขือเครือ/มะระหวาน ยอด,Choko/Chayote tender tips,23,93.3,3.82,0.33,0,2.6,0.86,26,17,32,2,489,0.54,0.17,0.62,2,1323,,110,0.06,0.18,0.4,7,,,,,,,,,,,,,,,,,,,,,,,,,,,,,,,,,
4159,มะกอก ยอดอ่อน,Hog plum tender tips,69,76.4,2.7,1,6.5,11.5,1.9,49,80,,,,,9.9,,,,2017,,168,0.96,0.22,1.9,53,,,,,,,,,,,,,,,,,,,,,,,,,,,,,,,,
4160,มะกอกไทย ผล,Hog plum fruit,88,77.1,0.7,0.2,20.8,2.3,1.2,161,36,,,,,1.3,,,,324,,27,0.01,0,1.4,9,,,,,,,,,,,,,,,,,,,,,,,,,,,,,,,,
4161,มะกอกป่า ยอดอ่อน,Wild Hog plum tender tips,57,82,2.5,0.4,7.2,7.2,0.7,,,,,,,,,14,871,,73,0.06,1.31,1.52,2,,,,,,,,,,,,,,,,,,,,,,,,,,,,,,,,,
4162,มะขาม ฝักอ่อน,Tamarind young pods,95,75.6,2.3,0.2,21,6.3,0.9,429,14,,26,,3,,,,,,,,0.08,0.34,1.5,44,,,,,,,,,,,,,,,,,,,,,,,,,,,,,,,,
4163,มะขาม ใบอ่อน,Tamarind young leaves,59,84.3,3.6,0.3,10.4,1,1.4,19,38,,,,,1,,,,1002,,84,,,0.23,2.4,53,,,,,,,,,,,,,,,,,,,,,,,,,,,,,,,
4164,มะขามเปียก,Tamarind pods,318,19,2,0.8,75.6,6.5,2.6,314,,,,,,,,,,,0,,0,0.34,,2.6,13,,,,,,,,,,,,,,,,,,,,,,,,,,,,,,,
4165,มะเขือกรอบ/มะเขือเปราะ,Eggplant,50,87.9,1.8,0.8,8.8,2.5,0.7,38,70,,,,,1.2,,,,174,,15,0.07,0.16,2.4,3,,,,,,,,,,,,,,,,,,,,,,,,,,,,,,,,
4166,มะเขือขาว ดอง,White eggplant pickle,34,88.5,1.2,0.6,5.9,2,3.8,10,18,,,,,0.4,,,,,,,,0.08,0.11,2.9,,,,,,,,,,,,,,,,,,,,,,,,,,,,,,,,
4167,มะเขือขื่น,Cock roach berry,68,84.4,2.1,2,10.5,5,1,55,22,,,,,1.3,,,,295,,25,0.1,0.3,0.3,63,,,,,,,,,,,,,,,,,,,,,,,,,,,,,,,,
4168,มะเขือไข่เต่า สีขาว,Eggplant white,30,90.7,1.59,0.62,2.87,3.5,0.72,30,47,,5,280,0.3,0.17,0.25,2,1,,tr,0.12,0.08,1.05,4,,,,,,,,,,,,,,,,,,,,,,,,,,,,,,,,,
4169,มะเขือไข่เต่า สีเขียว,Eggplant green,29,91.1,1.57,0.48,3.13,3.1,0.66,23,39,,7,293,0.3,0.12,0.17,2,61,,5,0.17,0.07,0.89,4,,,,,,,,,,,,,,,,,,,,,,,,,,,,,,,,,
4170,มะเขือไข่เต่า สีม่วง,Eggplant purple,32,89.9,1.65,0.36,4.01,3.3,0.78,37,42,27,2,303,0.35,0.12,0.18,2,6,,tr,0.14,0.09,1.65,4,0.04,,,,,,,,,,,,,,,,,,,,,,,,,,,,,,,,
4171,มะเขือเทศ ลูกเล็ก,Tomato small size,24,93.2,1.1,0.3,3.6,1.1,0.7,2,31,,,,,4.9,,,,373,,31,0.06,0.04,0.9,32,,,,,,,,,,,,,,,,,,,,,,,,,,,,,,,,
4172,มะเขือเทศ ลูกใหญ่,Tomato big size,15,95.4,0.63,0.17,2.16,1.1,0.48,0,25,5,6,156,0.31,tr,0.12,tr,221,,18,tr,0.03,0.44,17,0.64,,,,,,,,,,,,,,,,,,,,,,,,,,,,,,,,
4173,มะเขือเทศ ราชินี,Cherry tomato,27,92.4,0.96,0.33,4.26,1.6,0.54,1,21,10,3,227,0.41,tr,0.13,tr,639,,53,tr,0.04,0.82,41,1.34,,,,,,,,,,,,,,,,,,,,,,,,,,,,,,,,
4174,มะเขือเปราะ เจ้าพระยา,Eggplant Chao-pra-ya variety,25,92.4,1.27,0.24,3.28,2.3,0.56,24,49,21,3,438,0.42,0.1,0.16,1,49,,4,0.08,0.24,1.3,5,0.08,,,,,,,,,,,,,,,,,,,,,,,,,,,,,,,,
4175,มะเขือพวง,Solanum,52,81.7,2.71,0.82,3.39,10.1,1.27,148,93,52,5,555,3.83,0.31,0.35,1,170,,14,0.19,0.15,1.91,3,0.56,,,,,,,,,,,,,,,,,,,,,,,,,,,,,,,,
4176,มะเขือยาว,Eggplant long green,18,93.9,1.03,0.27,1.91,1.9,1.01,9,27,,3,196,0.23,,,2,30,,3,0.1,0.05,,6,,,,,,,,,,,,,,,,,,,,,,,,,,,,,,,,,
4177,มะเขือยาว สีม่วง,Eggplant long purple,16,94.8,0.99,0.18,1.47,2.1,0.52,16,28,14,3,207,,0.08,0.13,1,,,,,0.04,0.05,1.75,3,,,,,,,,,,,,,,,,,,,,,,,,,,,,,,,,
4178,มะเขือเสวย,Eggplant,39,90.2,1.6,0.5,7.1,1.7,0.6,7,10,,,,,0.8,,,,858,,72,0.11,0.06,0.6,24,,,,,,,,,,,,,,,,,,,,,,,,,,,,,,,,
4179,มะตัน ผล,Madan fruit,34,91.5,0.3,0.1,7.9,0.6,0.2,103,8,,,,,tr,,,,132,,11,0.01,0.04,0.2,16,,,,,,,,,,,,,,,,,,,,,,,,,,,,,,,,
4180,มะตัน ใบอ่อน,Madan young leaves,49,85.1,1.79,0.98,5.04,6.6,0.5,106,26,21,2,125,0.43,0.3,,4,1112,,93,0.07,0.2,0.72,26,,,,,,,,,,,,,,,,,,,,,,,,,,,,,,,,,
4181,มะเดื่อ ผลอ่อน,Fig young fruit,,88.5,1.3,,,,,1,,,,,,,,11,31,,3,tr,0.97,0.1,6,1.05,,,,,,,,,,,,,,,,,,,,,,,,,,,,,,,,
4182,มะตูม ยอดอ่อน,Bael tender tips,101,73.2,6.1,1.7,15.3,2.5,3.7,,,,,,,,,,,1054,,88,0.22,0.79,4.5,126,,,,,,,,,,,,,,,,,,,,,,,,,,,,,,,,
4183,มะยม ยอดอ่อน,Star gooseberry tender tips,31,74.3,5.6,1,8.14,9.4,1.61,147,,,,,0.94,,,,2193,,183,0.02,0.69,2.4,302,,,,,,,,,,,,,,,,,,,,,,,,,,,,,,,,,
4184,มะระ ยอดอ่อน,Bitter cucumber tender tips,87,75.6,5.8,0.3,15.2,1.9,3.1,45,78,,,,,3,,,,,,,,1,0.26,1.2,110,,,,,,,,,,,,,,,,,,,,,,,,,,,,,,,
4185,มะระขี้นก,Bitter gourd Thai,20,92.9,1.18,0.44,0.81,3.8,0.86,230,5,204,26,,0.23,0.46,1.74,1,124,,10,0.07,0.07,0.91,118,1.04,,,,,,,,,,,,,,,,,,,,,,,,,,,,,,,,
4186,มะระจีน,Bitter cucumber Chinese,19,93.7,0.94,0.16,2.47,2.2,0.54,19,31,19,8,315,0.5,0.05,0.22,1,4,,tr,0.03,0.03,0.72,50,0.06,,,,,,,,,,,,,,,,,,,,,,,,,,,,,,,,
4187,มะรุม ฝัก,Horse radish tree pods,11,89.9,2.2,0.2,5.4,1.2,1.1,9,26,,,,,1.5,,,,170,,14,0.05,0.05,0.6,185,0.1,,,,,,,,,,,,,,,,,,,,,,,,,,,,,,,
4188,มะละกอดิบ ผลป้อม,Papaya raw short shape,37,90.1,0.8,0.1,8.1,0.8,0.9,20,18,,,,,0.5,,,,0,,0,0,0.01,0.4,53,,,,,,,,,,,,,,,,,,,,,,,,,,,,,,,,
4189,มะละกอดิบ ผลยาว,Papaya raw long shape,25,93.2,0.6,0.1,5.5,0.6,0.6,13,13,,,,,0.5,,,,0,,0,0.05,0.02,0.4,34,,,,,,,,,,,,,,,,,,,,,,,,,,,,,,,,
4190,มะแว้ง,Sparrow brinjal,72,82.3,2.6,1,13.2,3.3,0.9,50,68,,,,,1,,,,828,,69,0.04,0.1,8.4,6,,,,,,,,,,,,,,,,,,,,,,,,,,,,,,,,
4191,มะอึก,Ma-eok,66,83.9,1.9,0.8,12.7,3.6,0.7,26,41,,,,,0.8,,,,1086,,91,0.07,0.05,4.9,3,,,,,,,,,,,,,,,,,,,,,,,,,,,,,,,,
4192,มันเทศ ใบอ่อน,Sweet potato young leaves,58,84.8,3.6,0.8,9.2,1.4,1.6,89,68,,,,,4.2,,,,2700,,225,0.07,0.8,1.3,27,,,,,,,,,,,,,,,,,,,,,,,,,,,,,,,,
4193,มันปู ใบอ่อน,Mon-pu young leaves,78,71.2,0.9,0.8,8.5,16.7,1.9,110,,,,,,,,,12,5646,,471,tr,2.12,0.36,27,6.54,,,,,,,,,,,,,,,,,,,,,,,,,,,,,,,
4194,เม่าน่า/ส้มเม่า/เม่าไข่ปลา ยอดอ่อน,Mau-na tender tips,60,80.4,3.1,0.45,7.25,7.1,1.7,242,,,,,,,,,,,2269,,189,0.04,0.62,0.5,5,2.87,,,,,,,,,,,,,,,,,,,,,,,,,,,,,,
4195,แมงลัก ใบ,Lemon basil leaves,41,89.9,2.9,1,5,2.6,1.2,140,40,,,,,17.2,,,,6396,,533,0.12,0.28,1,3,,,,,,,,,,,,,,,,,,,,,,,,,,,,,,,,
4196,ยอ ใบ,Indian mulberry leaves,89,77.3,5,1.2,14.5,4,2,469,tr,,,,,1.4,,,,3999,,333,0.3,0.14,7.2,27,,,,,,,,,,,,,,,,,,,,,,,,,,,,,,,,
4197,ยอ ลูกสด ไม่รวมเมล็ด,Awltree raw fruit,47,87.6,0.96,0.3,10,,1.12,,,,,,,,,3,5,,0,0.1,0.06,0.48,110,3.08,,,,,,,,,,,,,,,,,,,,,,,,,,,,,,,,
4198,ยอดมะพร้าวอ่อน,Coconut heart,41,89.3,1.95,0.55,7.05,0.8,1.15,58,53,,,,,0.35,,,,5,,tr,0.03,0.08,1.9,6,,,,,,,,,,,,,,,,,,,,,,,,,,,,,,,,
4199,ย่านาง ใบ,Ya-nang young leaves,127,67.6,5.6,0.9,24,7.9,1.9,155,11,,,,,7,,,,,,,,0.03,0.36,1.4,40,,,,,,,,,,,,,,,,,,,,,,,,,,,,,,,
4200,ยี่หร่า ใบ,Tree basil leaves,42,86.2,3.84,0.99,1.5,5.7,1.77,286,57,81,9,,,0.33,0.4,4,7410,,618,0.14,0.32,8.2,24,,,,,,,,,,,,,,,,,,,,,,,,,,,,,,,,,
4201,ลิ้นฟ้า/เพกา ใบ,Broken bone tree leaves,135,67.1,9.6,2.8,17.8,0.9,2.7,,,,,,,,,,,690,,58,0.17,0.09,1.2,44,,,,,,,,,,,,,,,,,,,,,,,,,,,,,,,,
4202,ลิ้นฟ้า/เพกา ยอด,Broken bone tree trips,101,76.4,6.4,2.6,13,,1.6,,,,,,,,,,,,,,,0.18,0.69,2.4,,,,,,,,,,,,,,,,,,,,,,,,,,,,,,,,
4203,ลูกเนียง/ชะเนียง,Djenkol beans fruit,162,59.6,8.8,0.4,30.7,1.3,0.5,25,52,,,,,0.7,,,,648,,54,0.19,0.01,0.4,3,,,,,,,,,,,,,,,,,,,,,,,,,,,,,,,,
4204,ลูกเนียงนก,Djenkol beans fruit,153,61.7,8.6,0.7,28.1,0.6,0.9,7,80,,,,,tr,,,4,18,,2,0.06,0.81,1.8,17,,,,,,,,,,,,,,,,,,,,,,,,,,,,,,,,
4205,ลูกเนียงรอก,Djenkol beans fruit,65,78.1,2.2,0.8,6.5,11.5,0.9,,,,,,,,,,,249,,21,0.03,,,61,2.02,,,,,,,,,,,,,,,,,,,,,,,,,,,,,,,
4206,ลูกประ ดอง,Look pra pickled,332,46.5,5.9,27.9,9.7,9.2,0.8,,,,,,,,,,,0,,0,0.04,0.04,1.7,0,3.57,,,,,,,,,,,,,,,,,,,,,,,,,,,,,,,
4207,ส้มเกรียบ ใบและยอดอ่อน,-,83,74.8,3.1,1.3,10.4,8.8,1.6,,,,,,,,,,,1530,,128,0.02,0.28,,86,18.71,,,,,,,,,,,,,,,,,,,,,,,,,,,,,,,
4208,ส้มป่อย,Som-poi,,85.6,3.8,,,,,0.7,95,,,,,,,,,6568,,547,0.04,0.26,1.1,6,6.7,,,,,,,,,,,,,,,,,,,,,,,,,,,,,,,
4209,สมอไทย,Chebulic Marobalans,63,85.9,1.2,1.7,10.8,2.5,0.4,18,18,,,,,tr,,,,300,,25,0,0.01,2,116,,,,,,,,,,,,,,,,,,,,,,,,,,,,,,,,
4210,สะเดา ดอก,Neem tree flowers,84,77.4,5.5,4.2,0,12.2,1.6,,,,,,,,,,,1264,,105,0.11,,6.2,123,4.57,,,,,,,,,,,,,,,,,,,,,,,,,,,,,,,
4211,สะเดา ยอด,Neem tree tender tips,85,77.9,5.4,0.5,14.7,2.2,1.5,354,26,,,,,4.6,,,,3611,,301,0.06,0.07,3.5,194,,,,,,,,,,,,,,,,,,,,,,,,,,,,,,,,
4212,สะตอ,Bitter bean,132,70.7,8,4,16,0.5,1.3,76,83,,,,,0.7,,,,474,,40,0.11,0.01,1,6,,,,,,,,,,,,,,,,,,,,,,,,,,,,,,,,
4213,สะแล ดอก,Sa-lare flower,86,80.8,6,1.6,12,1.6,2.3,349,4,,,,,1.2,,,,363,,30,0.11,0.54,0.3,13,4.94,,,,,,,,,,,,,,,,,,,,,,,,,,,,,,,
4214,สันตวาใบพาย,Santawa-bai-phai,10,97.1,0.4,0.1,1.8,0.6,0.6,5,9,,,,,,,,,,,,,,,,,,,,,,,,,,,,,,,,,,,,,,,,,,,,,,,
4215,สายบัว,Water lily stem,8,87.4,0.2,0.1,1.6,0.4,0.5,0,3,,,,,0.2,,,,60,,5,0.02,0.02,0.4,9,tr,,,,,,,,,,,,,,,,,,,,,,,,,,,,,,,
4216,สำมะเสรี ต้นอ่อน,-,25,90.9,2.2,0.4,1.4,3.3,1.8,52,,,,,,,,,16,15156,,1263,0.05,0.03,2.7,15,30.58,,,,,,,,,,,,,,,,,,,,,,,,,,,,,,,
4217,เสม็ด,Eugenia trips milk wood,57,81.5,2.4,0.9,5.4,9,0.8,,,,,,,,,,,1824,,152,0.03,0.09,,,,,,,,,,,,,,,,,,,,,,,,,,,,,,,,,,
4218,โสน ดอก,Sesbania flowers yellow,42,87.1,3.6,0.4,4.11,3.9,0.89,51,60,,,,8.2,,,,2004,,167,0.26,0.4,2.8,24,,,,,,,,,,,,,,,,,,,,,,,,,,,,,,,,,
4219,หญ้าปักกิ่ง ราก,Beijing grass/Angel grass root,14,93.6,0.5,0.2,0.7,3.5,1.5,64,,,,,,,,,,,70,,6,0.07,0.04,0.7,6,1.09,,,,,,,,,,,,,,,,,,,,,,,,,,,,,,
4220,หญ้าปักกิ่ง ต้นและใบ,Beijing grass/Angel grass stems and leaves,12,94.6,0.8,0.2,0.6,2.5,1.3,101,,,,,,,,,,,606,,51,0.04,0.07,0.2,9,2.31,,,,,,,,,,,,,,,,,,,,,,,,,,,,,,
4221,หน่อไม้ไผ่ตง,Bamboo shoot cultivated,30,91.9,2.3,0.2,4.8,0.9,0.8,49,55,,,,,0.3,,,,,,,,0.06,0.06,0.8,11,,,,,,,,,,,,,,,,,,,,,,,,,,,,,,,
4222,หน่อไม้ไผ่ป่า,Bamboo shoot wild,33,91.3,2.4,0.2,5.4,1,0.7,58,48,,,,,0.2,,,,,,,,tr,0.08,0.18,1.2,13,,,,,,,,,,,,,,,,,,,,,,,,,,,,,,
4223,หน่อไม้พันธุ์กิมซุง ต้ม,Bamboo shoot boil,22,93.5,1.81,0.56,1.37,2.3,0.51,15,35,,,,,0.28,,,1,,,,,tr,,,14,,,,,,,,,,,,,,,,,,,,,,,,,,,,,,,
4224,หน่อไม้พันธุ์กิมซุง ดิบ,Bamboo shoot raw,33,90.6,1.97,0.57,3.95,2.2,0.75,13,46,,,,,0.32,,,11,,,1,,,,,37,,,,,,,,,,,,,,,,,,,,,,,,,,,,,,,
4225,หน่อไม้หวาน หน่อเล็ก,Bamboo shoot hairy sweet,11,96.6,1.9,0.2,0.4,0.8,0.9,20,26,,,,,0.1,,,,25,,2,0.06,0.24,1.2,,,,,,,,,,,,,,,,,,,,,,,,,,,,,,,,,
4226,หน่อไม้หวาน หน่อใหญ่,Bamboo shoot hairy sweet,21,94.5,1.5,0.3,3.1,0.8,0.6,3,2,,,,,0.6,,,,44,,4,0.05,0.25,1.2,15,,,,,,,,,,,,,,,,,,,,,,,,,,,,,,,,
4227,หน่อหวาย คั่ว,Rattan palm roasted,400,0.1,27.27,5.44,60.52,,6.68,541,614,319,6,1514,4.06,,22.02,17,,,,,,,,,,,,,,,,,,,,,,,,,,,,,,,,,,,,,,,,
4228,หน่อหวาย ต้ม อบแห้ง,Rattan palm boiled and baked,370,9.7,27.51,6.27,50.78,,5.79,495,599,321,7,1058,4.1,,21.88,21,,,,,,,,,,,,,,,,,,,,,,,,,,,,,,,,,,,,,,,,
4229,หน่อเหรียง,Nitta tree sprout,94,79.6,7.5,3.5,8,1.3,1.4,182,4,,,,,2,,,,132,,11,0.06,0.62,0.1,83,,,,,,,,,,,,,,,,,,,,,,,,,,,,,,,,
4230,หมรุย/สมุย/หัสคุณ,Hatsa khun,75,72.9,4.7,0.4,6.1,14.2,1.7,,,,,,,,,18,5390,,449,0.06,,1.4,4,8.8,,,,,,,,,,,,,,,,,,,,,,,,,,,,,,,,
4231,หมากหมก/ผักหวานใบแหลม,-,57,78.4,5.6,1,2.6,7.7,4.7,,,,,,,,,18,4384,,365,0.29,0.03,2.7,4,1.7,,,,,,,,,,,,,,,,,,,,,,,,,,,,,,,,
4232,หยวกกล้วย อ่อน,Banana young stem,15,95.7,0.8,0.2,2.6,0.6,0.7,25,3,,,,,0.04,,,,0,,0,0.02,0.24,0.3,2,,,,,,,,,,,,,,,,,,,,,,,,,,,,,,,,
4233,หยวกกล้วยน้ำว้า อ่อน,Banana young stem,8,97.6,0.4,0.1,1.4,0.6,0.5,22,47,,,,,0.3,,,,4,,tr,tr,tr,0.4,tr,,,,,,,,,,,,,,,,,,,,,,,,,,,,,,,,
4234,หอมหัวใหญ่,Onion,29,91.8,1.4,0.1,5,1.2,0.5,8,27,,,,,,,,,0,,0,0.02,0.01,0.4,8,0,,,,,,,,,,,,,,,,,,,,,,,,,,,,,,,
4235,หัวปลี,Banana flower,28,92.3,1.4,0.2,5.2,0.8,0.9,28,40,,,,,0.7,,,,156,,13,0.01,0.02,0.6,25,,,,,,,,,,,,,,,,,,,,,,,,,,,,,,,,
4236,เห็ดขมิ้น,Mushroom hed-kamin,29,92.7,2.7,0.5,3.3,1,0.8,2,17,,,,,1.6,,,,5494,,458,0.03,0.44,3.7,7,,,,,,,,,,,,,,,,,,,,,,,,,,,,,,,,
4237,เห็ดเข็มทอง,Mushroom golden neddle,25,92,1.71,0.11,3.02,2.4,0.79,0,73,9,7,291,1.06,tr,tr,1,0,,0,tr,0,6.92,tr,tr,,,,,,,,,,,,,,,,,,,,,,,,,,,,,,,,
4238,เห็ดฉาง,Mushroom hed-saang,197,37.7,2.4,0.2,46.4,1,13.3,,,,,,,,,,,,,,,,,3.1,35,,,,,,,,,,,,,,,,,,,,,,,,,,,,,,,
4239,เห็ดตับเต่า,Mushroom bolete,29,92.4,2.5,0.1,4.5,0.9,0.5,13,37,,,,,,,,,,,,,,0.06,0.33,2,16,,,,,,,,,,,,,,,,,,,,,,,,,,,,,,
4240,เห็ดตาไล่,Mushroom hed-ta-loh,9,97.9,0.15,0.13,1.7,,0.08,8,,,,,,,,,2,,,,,,tr,0.03,0.26,,,,,,,,,,,,,,,,,,,,,,,,,,,,,,,
4241,เห็ดนางฟ้า,Mushroom Indian oyster,35,91,2.3,0.3,5.7,0.7,0.7,,,,,,,,,,,,,,,,,0.05,0.85,2.5,,,,,,,,,,,,,,,,,,,,,,,,,,,,,,
4242,เห็ดนางรม,Mushroom oyster,30,92,2.1,0.3,4.8,0.5,0.8,4,61,,,,,0.3,,,,,,,,0.02,0.13,2.7,21,,,,,,,,,,,,,,,,,,,,,,,,,,,,,,,
4243,เห็ดบัว (เห็ดฟาง),Mushroom chinese/straw,35,90.6,3.2,0.2,5,0.9,1,8,18,,,,,1.1,,,,,,,,0.07,0.25,3,7,,,,,,,,,,,,,,,,,,,,,,,,,,,,,,,
4244,เห็ดเป๋าฮื้อ,Mushroom abalone,34,91.1,1.6,0.4,6,1.2,0.9,3,78,,,,,1.1,,,,,,,,0.01,0.24,2.8,11,,,,,,,,,,,,,,,,,,,,,,,,,,,,,,,
4245,เห็ดเผาะ,Mushroom barometer earthstars,47,87.8,2.2,0.4,8.6,2.3,1,39,85,,,,,3.6,,,,0,,0,0.04,0.03,0.7,12,,,,,,,,,,,,,,,,,,,,,,,,,,,,,,,,
4246,เห็ดลม/เห็ดกระด้าง,Mushroom hed-lom,110,72.4,1.85,0.15,25.2,9.9,0.4,282,14,,,,,6,,,,0,,0,0.13,0.4,1.4,42,,,,,,,,,,,,,,,,,,,,,,,,,,,,,,,,
4247,เห็ดหอมสด,Mushroom shiitake fresh,24,92.4,2.24,0.28,1.82,2.7,0.55,0,38,4,2,233,0.34,tr,0.79,1,44,,4,0.13,0.32,2.43,0,0.78,,,,,,,,,,,,,,,,,,,,,,,,,,,,,,,,
4248,เห็ดหูหนูสด,Mushroom Jew's ear fresh,50,87.1,1.4,0.1,10.9,1.8,0.5,60,tr,,,,,6.1,,,,0,,0,0.04,0.71,2.8,21,,,,,,,,,,,,,,,,,,,,,,,,,,,,,,,,
4249,เหลียง ใบ,Baegu/Pak-lieng leaves,83,75.1,6.6,1.2,7,8.8,1.3,151,224,,,,,2.5,,,,3814,,318,0.18,0.75,1.7,124,,,,,,,,,,,,,,,,,,,,,,,,,,,,,,,,
4250,อบแอบ ใบ,Op-aep leaves,49,87.6,1.7,0.9,8.6,1.6,1.2,,18,,,,,2.8,,,,,,,,0.01,0,1.2,118,,,,,,,,,,,,,,,,,,,,,,,,,,,,,,,
4251,อีหลำ/มะกล่ำ ใบอ่อน,Red sanda wood tree young leaves,86,78.1,5.5,1.1,13.4,1.9,1.9,,,,,,,,,,,,,,,0.01,0.33,2.4,169,,,,,,,,,,,,,,,,,,,,,,,,,,,,,,,
4252,เอื้องน้ำ,Ueang-nam,23,91.9,0.8,0.1,2.7,3.8,0.7,100,,,,,,,,,10,581,,48,tr,1.49,0.7,21,2,,,,,,,,,,,,,,,,,,,,,,,,,,,,,,,
5001,กล้วยไข่ สุก,Banana Khai variety ripe,108,71.4,1.24,0.2,24.26,1.9,0.99,1,16,16,2,269,tr,tr,tr,1,271,-,23,-,0.13,0.81,10,0.47,21.84,,,,,,,,,,,,,,,,,,,,,,,,,,,,,,,
5002,กล้วยไข่โนนสูง สุก,Banana Khai nonsung variety ripe,74,77.3,0.7,0.2,13.7,7.2,0.87,-,16,-,2,319,tr,tr,-,tr,397,-,33,-,-,0.89,9,0.18,15.03,,,,,,,,,,,,,,,,,,,,,,,,,,,,,,,
5003,กล้วยไข่พม่า สุก,Banana Khai phama variety ripe,65,78.9,0.97,0.21,10.79,8,1.18,3,15,17,-,375,-,tr,tr,1,528,-,44,-,-,0.73,7,0.32,15.67,,,,,,,,,,,,,,,,,,,,,,,,,,,,,,,
5004,กล้วยงาช้าง สุก,Banana Nhachang variety ripe,128,65.3,0.99,0.13,29.27,2.8,1.44,5,34,30,1,363,0.3,tr,0.21,1,520,-,43,0.04,11.14,11.74,21,0.52,22.88,,,,,,,,,,,,,,,,,,,,,,,,,,,,,,,
5005,กล้วยตะกั่ย สุก,Banana Takuy variety ripe,83,75.2,1.36,0.33,15.18,7,0.92,6,38,35,3,342,0.41,tr,0.29,2,132,-,11,0.02,2.91,3.14,13,0.61,19.08,,,,,,,,,,,,,,,,,,,,,,,,,,,,,,,
5006,กล้วยตีบมุกดาหาร สุก,Banana Tib-mukdahan variety ripe,117,69.9,1.22,0.11,27.9, ,0.88,4,29,32,-,334,0.13,tr,-,1,37,-,3,0.02,0.17,0.67,11,0.14,22.49,,,,,,,,,,,,,,,,,,,,,,,,,,,,,,,
5007,กล้วยทิพรส สุก,Banana Thipparot variety ripe,97,70.9,1.12,0.09,18.95,8,0.94,5,28,36,1,314,tr,tr,tr,1,15,-,1,-,0.46,0.46,16,0.34,19.98,,,,,,,,,,,,,,,,,,,,,,,,,,,,,,,
5008,กล้วยเทพรส สุก,Banana Thepparot variety ripe,115,64.8,1.19,0.12,21.53,11.4,0.97,8,36,35,2,368,0.54,tr,0.28,2,109,-,9,0.02,0.24,0.78,23,0.39,25.31,,,,,,,,,,,,,,,,,,,,,,,,,,,,,,,
5009,กล้วยนมสาว สุก,Banana Nom-sao variety ripe,74,77.4,0.9,0.18,13.65,6.9,1.03,5,26,22,-,387,tr,tr,-,2,146,-,12,-,-,0.53,4,0.39,16.19,,,,,,,,,,,,,,,,,,,,,,,,,,,,,,,
5010,กล้วยนาก สุก,Banana Nak variety ripe,69,76.7,0.9,0.16,11.87,8.2,2.19,3,24,-,2,274,-,tr,-,-,142,-,12,-,-,0.66,5,0.12,17,,,,,,,,,,,,,,,,,,,,,,,,,,,,,,,
5011,กล้วยนางพญา สุก,Banana Nang-paya variety ripe,128,63.5,1.38,0.19,26.52,7.5,0.93,6,38,43,1,397,0.44,tr,0.24,3,393,-,33,0.03,0.12,0.79,13,0.44,26.79,,,,,,,,,,,,,,,,,,,,,,,,,,,,,,,
5012,กล้วยน้ำ สุก,Banana Nam variety ripe,110,68.2,1.04,0.1,22.59,7.2,0.91,7,29,29,1,318,0.35,tr,0.15,1,229,-,19,0.01,0.21,0.63,14,0.54,20.7,,,,,,,,,,,,,,,,,,,,,,,,,,,,,,,
5013,กล้วยน้ำเชียงราย สุก,Banana Nam-chiangrai variety ripe,111,67.6,1.03,0.19,22.35,8,0.89,4,37,41,-,351,0.23,tr,0.21,1,17,-,1,0.01,0.13,0.78,10,0.12,11.98,,,,,,,,,,,,,,,,,,,,,,,,,,,,,,,
5014,กล้วยน้ำไทย สุก,Banana Nam-tai variety ripe,124,68.6,1.5,0.2,29,0.3,0.7,1,8,-,-,-,0.7,-,-,-,-,-,-,0.04,0.19,0.8,48,-,-,,,,,,,,,,,,,,,,,,,,,,,,,,,,,,,
5015,กล้วยน้ำว้า สุก,Banana Nam-wa variety ripe,143,62.6,1.1,0.2,33.1,2.3,0.7,7,43,-,-,-,0.8,-,-,12,54,-,5,0.04,0.02,1.4,11,-,-,,,,,,,,,,,,,,,,,,,,,,,,,,,,,,,
5016,กล้วยน้ำว้าเงิน สุก,Banana Namwa-ngaen variety ripe,117,70.2,0.85,0.18,28, ,0.78,3,32,27,3,294,tr,tr,tr,1,88,-,7,0.1,0.13,0.68,18,0.11,22.33,,,,,,,,,,,,,,,,,,,,,,,,,,,,,,,
5017,กล้วยน้ำว้าใส้แดง สุก,Banana Namwa-dang variety ripe,110,69.8,1.06,0.18,24,4.2,0.76,6,29,30,1,347,tr,tr,tr,1,18,-,2,-,0.15,0.79,19,0.14,21.19,,,,,,,,,,,,,,,,,,,,,,,,,,,,,,,
5018,กล้วยปิ้งซูซู สุก,Banana Pisangsusu variety ripe,80,75.1,0.9,0.14,14.76,8.1,1.03,2,41,31,4,421,0,tr,tr,2,8,-,1,0,0.19,0.75,10,0,-,,,,,,,,,,,,,,,,,,,,,,,,,,,,,,,
5019,กล้วยพม่าแหกคุก สุก,Banana Phama-heak-kuk variety ripe,102,71.3,0.7,0.18,21.76,5.1,0.96,7,39,37,-,345,0.22,tr,tr,-,21,-,2,-,-,0.56,8,0.23,17.63,,,,,,,,,,,,,,,,,,,,,,,,,,,,,,,
5020,กล้วยเล็บมือนาง สุก,Banana Leb-muenang variety ripe,124,66,1.39,0.32,26.59,4.8,0.91,-,-,-,-,-,-,-,2,0,-,0,-,0.02,0.09,0.86,18,0.11,-,,,,,,,,,,,,,,,,,,,,,,,,,,,,,,,
5021,กล้วยหอม สุก,Banana Hom variety ripe,128,66.3,0.9,0.2,29.8,1.9,0.9,26,46,-,-,-,0.8,-,-,16,99,-,8,0.04,0.07,0.1,27,-,-,,,,,,,,,,,,,,,,,,,,,,,,,,,,,,,
5022,กล้วยหอมจำปา สุก,Banana Hom-jumpa variety ripe,109,71.9,1.11,0.1,25.79,0,1.06,10,27,28,1,352,0.31,tr,0.38,2,85,-,7,0.01,0.14,0.69,10,0.43,18.47,,,,,,,,,,,,,,,,,,,,,,,,,,,,,,,
5023,กล้วยหอมทิพย์ สุก,Banana Hom-thip variety ripe,82,74.5,0.97,0.1,15.1,8.2,1.05,6,36,33,2,374,0.38,tr,0.23,0,44,-,4,0.01,0.17,0.85,9,0.19,18.28,,,,,,,,,,,,,,,,,,,,,,,,,,,,,,,
5024,กล้วยหอมผลสั้น สุก,Banana Hom short-body variety ripe,73,77.3,0.95,0.2,13.07,7.5,1.05,6,29,27,-,338,0.16,tr,tr,1,63,-,5,-,-,0.99,6,0.28,17.3,,,,,,,,,,,,,,,,,,,,,,,,,,,,,,,
5025,กล้วยหักมุก สุก,Banana Hak-mook variety ripe,113,71.2,1.2,0.2,26.7,0.4,0.7,7,48,-,-,-,0.8,-,-,1,77,-,6,0.08,0.11,0.08,13,0.18,-,,,,,,,,,,,,,,,,,,,,,,,,,,,,,,,
5026,กล้วยหักมุกนวล สุก,Banana Hak-mook-nuon variety ripe,109,69.5,0.78,0.25,23.38,5.1,0.99,5,51,34,-,359,0.31,tr,tr,2,270,-,23,-,-,0.78,10,0.17,18.43,,,,,,,,,,,,,,,,,,,,,,,,,,,,,,,
5027,กล้วยหิน สุก,Banana Hin variety ripe,128,62.5,1.29,0.13,25.98,9.1,1.09,7,42,45,-,375,tr,tr,-,2,12,-,1,-,-,0.55,20,0.22,20.55,,,,,,,,,,,,,,,,,,,,,,,,,,,,,,,
5028,แก้วมังกร เนื้อชมพู,Dragon fruit red flesh,59,84.1,1.28,1.02,9.54,3.4,0.62,5,38,28,3,287,0.35,tr,0.7,3,0,-,0,0.02,0.04,0.33,4,0.59,8.11,,,,,,,,,,,,,,,,,,,,,,,,,,,,,,,
5029,แก้วมังกร เนื้อสีขาว,Dragon fruit white flesh,59,85.4,1.27,0.68,11.87,0,0.8,-,-,-,-,-,-,-,tr,0,-,0,0.06,0.03,0.18,4,0.35,10,,,,,,,,,,,,,,,,,,,,,,,,,,,,,,,,
5030,ขนุน ละมุด,Jackfruit La-mud variety,117,70.3,1.3,0.4,27.1,1,0.9,20,22,-,-,-,1,-,-,-,-,-,-,0.1,0.01,0.4,88,-,-,,,,,,,,,,,,,,,,,,,,,,,,,,,,,,,
5031,ขนุน จำปา,Jackfruit Jum-pa variety,118,63.2,2.24,0.39,25.25,2.2,6.7,7,16,17,4,355,0.12,tr,0.08,2,40,-,3,0.13,0.13,0.73,14,0.43,28.2,,,,,,,,,,,,,,,,,,,,,,,,,,,,,,,
5032,ขนุน หนัง,Jackfruit Nang variety,76,73.6,1.8,0.27,15.57,2.2,6.57,6,23,17,1,327,0.21,tr,0.08,2,78,-,7,0.08,0.1,0.83,15,2.38,21.45,,,,,,,,,,,,,,,,,,,,,,,,,,,,,,,
5033,แคนตาลูป เนื้อเขียว,Cantaloupe green flesh,29,92,0.5,0,6.5,0.6,0.4,1,6,8,4,162,0.8,-,-,1,28,-,2,0.02,0.01,-,13,0.07,6,,,,,,,,,,,,,,,,,,,,,,,,,,,,,,,
5034,แคนตาลูป เนื้อเหลือง,Cantaloupe yellow flesh,27,92.3,0.5,0.09,5.37,1.3,0.38,5,13,9,6,159,0.1,tr,0.23,2,217,-,18,0.01,0.02,0.35,13,0,9.9,,,,,,,,,,,,,,,,,,,,,,,,,,,,,,,
5035,เงาะ,Rambutan,67,82.9,0.9,0.1,15.6,1.1,0.5,3,6,-,-,-,1.8,-,-,-,-,tr,-,0.04,0.05,0.6,31,-,-,,,,,,,,,,,,,,,,,,,,,,,,,,,,,,,
5036,เงาะ โรงเรียน,Rambutan Rong-rean variety,73,81,1,0.3,15.8,1.6,0.3,29,20,-,-,161,0.3,-,-,0,-,0,-,tr,0.13,1.3,76,-,18,,,,,,,,,,,,,,,,,,,,,,,,,,,,,,,
5037,เงาะ สีชมพู,Rambutan Pink variety,78,80.4,1.1,0.4,17.2,0.6,0.3,37,18,-,-,-,0.3,-,-,-,-,-,-,0.01,0.15,1.1,3,-,-,,,,,,,,,,,,,,,,,,,,,,,,,,,,,,,
5038,ชมพู่ แก้มแหม่ม,Java apple/Wax jambu,16,95.7,0.3,0,3.8,0.4,0.2,7,4,-,-,-,0.3,-,-,132,-,11,0.14,0.02,0.8,35,-,-,,,,,,,,,,,,,,,,,,,,,,,,,,,,,,,,
5039,ชมพู่ แขกดำ,Rose apple Khak-dum variety,27,93.1,0.6,0,6.2,0.4,0.1,5,18,-,-,-,0.2,-,-,102,-,9,0.76,0.03,0.3,24,-,-,,,,,,,,,,,,,,,,,,,,,,,,,,,,,,,,
5040,ชมพู่ ทับทิมจันทร์,Rose apple Tub-tim-jun variety,40,89.4,0.5,0.09,8.99,0.8,0.19,tr,12,7,8,112,0.18,tr,tr,1,11,-,1,0.03,0.02,0.2,11,0.12,8,,,,,,,,,,,,,,,,,,,,,,,,,,,,,,,
5041,ชมพู่ ทูลเกล้า,Rose apple Toon-klow variety,37,90,0.52,0.08,8.11,1,0.31,tr,12,6,6,106,0.3,tr,tr,1,12,-,1,0.02,0.02,0.24,8,0.2,8,,,,,,,,,,,,,,,,,,,,,,,,,,,,,,,
5042,ชมพู่ นาค,Rose apple Nak variety,21,94.7,0.3,0,4.9,0.3,0.1,2,10,-,-,-,0.8,-,-,-,150,-,13,0.01,0.02,0.1,25,-,-,,,,,,,,,,,,,,,,,,,,,,,,,,,,,,,
5043,ชมพู่ มะเหมี่ยว,Malay apple (Mameaw),24,93.8,0.5,0.1,5.3,3.1,0.3,1,8,-,-,-,0.7,-,-,126,-,11,0.34,-,0.6,18,-,-,,,,,,,,,,,,,,,,,,,,,,,,,,,,,,,,
5044,ชมพู่ เมืองเพชร,Rose apple Phet variety,26,92.8,0.5,0,5.5,1.1,0.1,2,18,-,-,-,0.3,-,-,53,-,4,0.02,0.18,0.6,32,-,-,,,,,,,,,,,,,,,,,,,,,,,,,,,,,,,,
5045,ชมพู่ สาแหรก,Malay apple,32,91.7,0.3,0.1,7.5,1,0.4,2,8,-,-,-,0.6,-,-,66,-,6,0.01,0.04,0.3,20,-,-,,,,,,,,,,,,,,,,,,,,,,,,,,,,,,,,
5046,ชมพู่ สีชาด,Rose apple,21,94.6,0.4,0,4.8,0.4,0.2,2,14,-,-,-,0.4,-,-,-,318,-,27,0.09,0.05,0.2,36,-,-,,,,,,,,,,,,,,,,,,,,,,,,,,,,,,,
5047,ช้ามะเลียง,Luna nut, ,-,-,-, , ,-,-,-,-,-,-,-,-,1,0,-,0,-,-,-,43,0.3,-,,,,,,,,,,,,,,,,,,,,,,,,,,,,,,,,
5048,เชอร์รี่นอก,Cherry,49,63.1,1.05,0.6,31.93,2.3,1.04,21,47,22,4,486,0.44,-,0.12,1,-,-,-,0.02,0.02,-,20,-,10.7,,,,,,,,,,,,,,,,,,,,,,,,,,,,,,,
5049,ตะขบ,Ramontchi/Governor's plum/Batoko plum,79,76.4,2.28,0.28,13.67,6,1.04,108,52,9,13,773,1.2,-,0.5,2,18,-,1,0.03,0.06,1.04,156,1.9,11,,,,,,,,,,,,,,,,,,,,,,,,,,,,,,,
5050,แตงไทย สุก,Musk melon (Tang-tai),13,96.5,0.2,0,3.1,0.3,0.2,1,17,-,-,-,0.3,-,-,-,36,-,3,0.07,0.03,0.3,56,-,-,,,,,,,,,,,,,,,,,,,,,,,,,,,,,,,
5051,แตงโม กินรี,Watermelon Kinnaree variety,33,91.5,0.69,0.1,7.1,0.4,0.21,3,10,9,2,122,0.22,-,0.08,1,483,-,40,0.22,0.03,-,8,-,11.2,,,,,,,,,,,,,,,,,,,,,,,,,,,,,,,
5052,แตงโม ตอปิโด,Watermelon Torpedo variety,33,91.6,0.87,0.09,6.99,0.1,0.33,3,14,11,1.4,106,0.22,-,0.04,1,-,-,-,0.01,0.02,-,5,-,6.1,,,,,,,,,,,,,,,,,,,,,,,,,,,,,,,
5053,แตงโม เหลียบไม่แตก,Watermelon,38,90.3,0.65,0.09,8.77,0,0.21,-,-,-,-,-,-,-,1,-,-,-,-,-,-,5,-,-,,,,,,,,,,,,,,,,,,,,,,,,,,,,,,,,
5054,แตงโมเหลือง,Watermelon yellow flesh,28,92.2,0.49,0.06,5.68,1.4,0.23,6,13,11,3,103,0.12,tr,0.12,2,21,-,2,0.01,0.03,0.2,4,0.1,5.96,,,,,,,,,,,,,,,,,,,,,,,,,,,,,,,
5055,ทุเรียน กระดุม,Durian Kra-dum variety,134,70.9,3.3,4.3,20.5,1.2,1,49,27,-,-,-,2,-,-,-,366,-,31,-,0.11,1,-,-,-,,,,,,,,,,,,,,,,,,,,,,,,,,,,,,,
5056,ทุเรียนกวน,Durian paste,340,22.8,3.2,7.5,64.9,2.9,1.6,116,44,-,-,-,0.3,-,-,-,281,-,23,0.21,0.72,3.4,-,-,-,,,,,,,,,,,,,,,,,,,,,,,,,,,,,,,
5057,ทุเรียนกวน ก้านยาว,Durian paste,349,20.3,4,7.2,67.1,2,1.4,93,47,-,-,-,0.3,-,-,-,280,-,23,0.21,0.66,3.5,-,-,-,,,,,,,,,,,,,,,,,,,,,,,,,,,,,,,
5058,ทุเรียนกวน ก้านยาว+ชะนี,Durian paste,352,20.3,4.1,8,66,2.6,1.6,144,44,-,-,-,0.5,-,-,-,265,-,22,0.25,0.7,2.7,-,-,-,,,,,,,,,,,,,,,,,,,,,,,,,,,,,,,
5059,ทุเรียนกวน ก้านยาว+หมอนทอง,Durian paste,344,20.9,3.7,6.6,67.5,2.3,1.3,136,44,-,-,-,0.8,-,-,-,262,-,22,0.18,0.71,3,-,-,-,,,,,,,,,,,,,,,,,,,,,,,,,,,,,,,
5060,ทุเรียน ก้านยาว,Durian Kan-yow variety,187,57.3,2.5,4.1,35.1,1.7,1,18,36,-,-,-,0.8,-,-,-,134,-,11,0.22,0.18,2.8,34,-,-,,,,,,,,,,,,,,,,,,,,,,,,,,,,,,,
5061,ทุเรียน ชะนี,Durian Cha-nee variety,148,67.3,2.5,4.4,24.7,2.4,1.1,8,35,-,-,-,1.1,-,-,-,244,-,20,0.15,0.18,3.1,28,-,-,,,,,,,,,,,,,,,,,,,,,,,,,,,,,,,
5062,ทุเรียนเทศ/ทุเรียนน้ำ,Soursop,69,82.5,1.1,0.35,15.45, ,0.6,14,23,-,-,289,0.6,-,-,-,-,-,-,0.08,0.07,0.93,25,-,13.38,,,,,,,,,,,,,,,,,,,,,,,,,,,,,,,
5063,ทุเรียน หมอนทอง,Durian Mon-thong variety,163,62.5,2.1,3.3,31.2,1.4,0.9,29,34,-,-,473,1.1,-,-,-,46,-,4,0.16,0.23,2.5,38,-,21,,,,,,,,,,,,,,,,,,,,,,,,,,,,,,,
5064,ทุเรียน อีลวง,Durian Loung variety,160,64.6,2.7,4.6,27,0.7,1.1,41,48,-,-,-,1.4,-,-,-,-,-,-,0.12,2.1,-,-,-,,,,,,,,,,,,,,,,,,,,,,,,,,,,,,,,
5065,น้อยหน่า,Custard apple,92,75.2,1.4,0.2,19.9,2.7,0.6,7,27,-,-,-,0.4,-,-,-,0,-,0,0.09,0.09,1,27,-,-,,,,,,,,,,,,,,,,,,,,,,,,,,,,,,,
5066,ฝรั่ง กลมสาลี่,Guava Klom-sali variety,37,89,0.6,0.1,6.9,2.9,0.5,2,12,-,-,184,0.4,-,-,-,21,-,2,0.05,0.11,1.3,187,-,6,,,,,,,,,,,,,,,,,,,,,,,,,,,,,,,
5067,ฝรั่ง กิมจู,Guava Kim-ju variety,35,89.5,0.76,0.21,6.01,3.1,0.36,3,14,7,2,174,0.2,-,0.1,-,5,-,0,0.02,0.03,-,115,-,6.5,,,,,,,,,,,,,,,,,,,,,,,,,,,,,,,
5068,ฝรั่ง ซันจู,Guava Sun-ju variety,37,88.6,0.65,0.12,6.8,3.1,0.64,-,-,-,-,-,-,-,-,5,-,0,-,-,-,116,0.13,-,,,,,,,,,,,,,,,,,,,,,,,,,,,,,,,,
5069,ฝรั่ง แป้นสีทอง,Guava Pan-si-thong variety,37,89,0.5,0.2,6.6,3.3,0.4,3,14,6.7,3.7,194.7,0.4,-,0.08,0,8,-,1,0.02,0.03,-,74,0.21,6,,,,,,,,,,,,,,,,,,,,,,,,,,,,,,,
5070,ฝรั่ง ไร้เมล็ด,Guava no seed variety,41,88.2,0.56,0.13,7.95,2.9,0.26,-,-,-,-,-,-,-,1,0,-,0,0.02,0.05,0.52,151,0.21,-,,,,,,,,,,,,,,,,,,,,,,,,,,,,,,,,
5071,พลับ,Persimmon,60,84,0.5,0.16,13.1,1.9,0.27,-,-,-,-,-,-,-,1,93,-,8,0.02,0.06,0.25,73,0.06,-,,,,,,,,,,,,,,,,,,,,,,,,,,,,,,,,
5072,พุทรา ลูกยาว,Jujube oval shape,120,71.6,0.7,1.7,25.5,1.8,0.5,30,30,-,-,-,0.9,-,-,30,-,3,0.04,0.18,1,23,-,-,,,,,,,,,,,,,,,,,,,,,,,,,,,,,,,,
5073,พุทราไทย,Jujube Thai variety,89,77.7,1.7,0.8,18.7,1,1.1,11,8,-,-,-,0.4,-,-,-,19,-,2,0.01,0.63,1.3,44,-,-,,,,,,,,,,,,,,,,,,,,,,,,,,,,,,,
5074,พุทรา แอปเปิ้ล,Jujube apple variety,43,88.2,0.81,0.13,8.78,1.8,0.38,14,6,-,-,-,0.4,-,-,1,24,-,2,0.01,0.05,0.44,47,0.12,-,,,,,,,,,,,,,,,,,,,,,,,,,,,,,,,
5075,แพชชั่นฟรุท กวน,Passion fruit yam,321,22.5,0.7,3.2,71.8,0.9,0.9,17,19,-,-,-,1.2,-,-,-,86,-,7,-,0.13,1.3,-,-,-,,,,,,,,,,,,,,,,,,,,,,,,,,,,,,,
5076,แพชชั่นฟรุท น้ำคั้น,Passion fruit juice,60,85.3,0.9,0.8,12.3,tr,0.7,20,11,-,-,-,tr,-,-,-,245,-,20,tr,0.07,0.8,30,-,-,,,,,,,,,,,,,,,,,,,,,,,,,,,,,,,
5077,แพชชั่นฟรุท เนื้อภายนอก,Passion fruit outer layer,42,86.3,1.3,0.3,6.6,3.8,1.7,45,34,-,-,-,tr,-,-,-,17,-,1,0.01,0.1,2.3,3,-,-,,,,,,,,,,,,,,,,,,,,,,,,,,,,,,,
5078,แพชชั่นฟรุท เมล็ด,Passion fruit seeds,248,44.7,7.5,15.2,8.6,23.2,0.8,19,96,-,-,-,2.5,-,-,-,29,-,2,0.01,0.04,0.9,3,-,-,,,,,,,,,,,,,,,,,,,,,,,,,,,,,,,
5079,มะกอกฝรั่ง,Hog plum,52,86.3,0.8,0,12.3,1.2,0.6,20,2,-,-,-,1.2,-,-,-,828,-,69,0.06,0.02,0.4,70,-,-,,,,,,,,,,,,,,,,,,,,,,,,,,,,,,,
5080,มะขามเทศ,Madas tamarind,80,78.9,3.5,1,12.6,3.4,0.6,53,52,-,-,-,tr,-,-,1,0,-,0,0.14,0.75,1.5,97,2.29,-,,,,,,,,,,,,,,,,,,,,,,,,,,,,,,,
5081,มะขามป้อม,Indian gooseberry,58,84.9,0.29,0.22,13.4,0.8,0.44,28,14,9,1,202,0.5,0.06,0.12,4,-,-,-,0.02,0.1,3.05,431,0.03,-,,,,,,,,,,,,,,,,,,,,,,,,,,,,,,,
5082,มะขามหวาน,Tamarind sweet variety,333,12.4,2.9,0,80.3,4.7,4.4,141,165,-,-,-,0.9,-,-,-,156,-,13,0.46,0.01,1.3,75,-,-,,,,,,,,,,,,,,,,,,,,,,,,,,,,,,,
5083,มะปราง สุก,Gandaria ripe,50,86.6,0.4,0,11.3,1.5,0.2,9,4,-,-,-,0.3,-,-,-,230,-,19,0.11,0.05,0.5,100,-,-,,,,,,,,,,,,,,,,,,,,,,,,,,,,,,,
5084,มะเฟือง,Carambola star fruit,35,89,0.7,0.1,6.26,3,0.94,1,20,5,20,121,0.12,tr,tr,1,27,-,2,0.01,0.06,0.48,23,0.34,9.66,,,,,,,,,,,,,,,,,,,,,,,,,,,,,,,
5085,มะไฟ,Rambai,48,88.2,0.7,0.3,10.5,0.9,0.3,2,20,-,-,-,-,-,-,12,-,1,0.03,0.09,0.8,55,-,-,,,,,,,,,,,,,,,,,,,,,,,,,,,,,,,,
5086,มะม่วง แก้ว ดิบ,Mango Kaew variety unripe,71,81,0.5,0.2,15.7,2.4,0.2,14,2,-,-,-,tr,-,-,-,219,-,18,0.05,0.02,0.2,35,-,-,,,,,,,,,,,,,,,,,,,,,,,,,,,,,,,
5087,มะม่วง แก้ว สุก,Mango Kaew variety ripe,90,76.7,0.6,0.1,20.8,1.6,0.2,34,10,-,-,-,tr,-,-,-,1768,-,147,0.05,0.06,1.1,28,-,-,,,,,,,,,,,,,,,,,,,,,,,,,,,,,,,
5088,มะม่วง เขียวสะอาด ดิบ,Mango Kiew-sa-ard variety unripe,61,84.3,0.7,0.1,14.4,0.4,0.5,4,16,-,-,-,0.1,-,-,-,606,-,51,0.16,0.07,0.2,75,-,-,,,,,,,,,,,,,,,,,,,,,,,,,,,,,,,
5089,มะม่วง เขียวสวย ดิบ,Mango Kiew-sa-weya variety unripe,83,78.5,0.7,0.4,18.1,2,0.3,2,28,10,2,197,0.18,-,0.1,3,56,-,5,0.02,0.03,-,26,1.52,7,,,,,,,,,,,,,,,,,,,,,,,,,,,,,,,
5090,มะม่วง เขียวสวย สุก,Mango Kiew-sa-weya variety ripe,82,80.2,0.5,0.8,18.2, ,0.3,-,-,-,-,-,-,-,-,160,-,13,0.03,0.05,-,25,1.23,-,,,,,,,,,,,,,,,,,,,,,,,,,,,,,,,,
5091,มะม่วง คาราบาว สุก,Mango Karabow variety ripe,61,84.6,0.5,0.6,13,1,0.3,-,-,-,-,-,-,-,-,1350,-,113,0.08,0.05,1.5,62,-,-,,,,,,,,,,,,,,,,,,,,,,,,,,,,,,,,
5092,มะม่วง ทองดำ ดิบ,Mango Thong-dum variety unripe,105,74,0.8,0.4,24.6,0.7,0.2,30,2,-,-,-,0.3,-,-,-,252,-,21,0.01,0.12,0.3,25,-,-,,,,,,,,,,,,,,,,,,,,,,,,,,,,,,,
5093,มะม่วง น้ำดอกไม้ สุก,Mango Num-dok-mai variety ripe,77,80.3,0.6,0.23,17.73,0.8,0.39,4,16,8,2,197,tr,0.15,tr,2,878,-,73,0.07,0.06,1.81,15,1.1,15,,,,,,,,,,,,,,,,,,,,,,,,,,,,,,,
5094,มะม่วง พราหมณ์ สุก,Mango Prarm variety ripe,49,87.5,0.6,0.1,11.4,0.4,0.4,1,15,-,-,-,0.4,-,-,-,2676,-,223,0.04,0.05,0.8,-,-,-,,,,,,,,,,,,,,,,,,,,,,,,,,,,,,,
5095,มะม่วง พิมเสน สุก,Mango Pimsen variety ripe,64,83.9,1,0.2,14.6,0.5,0.3,25,12,-,-,-,tr,-,-,-,3210,-,268,0.09,0.05,0.8,13,-,-,,,,,,,,,,,,,,,,,,,,,,,,,,,,,,,
5096,มะม่วง พิมเสนมัน ดิบ,Mango Pimsen-mun variety unripe,88,77.5,1,0.5,18.9,1.8,0.3,25,14,-,-,-,tr,-,-,-,148,-,12,0.04,0.03,0.6,31,-,-,,,,,,,,,,,,,,,,,,,,,,,,,,,,,,,
5097,มะม่วง ยายกล่า สุก,Mango Yai-glam variety ripe,68,79.5,0.65,0.42,11.8,7.3,0.29,2,23,7,2,126,0.14,tr,0.1,tr,238,-,20,0.02,0.06,1.22,8,0.97,13.94,,,,,,,,,,,,,,,,,,,,,,,,,,,,,,,
5098,มะม่วง แรด ดิบ,Mango Rad variety unripe,48,87.1,0.4,0.1,10.4,1.8,0.2,1,1,-,-,-,0.1,-,-,-,46,-,4,0.12,0.02,0.2,27,-,-,,,,,,,,,,,,,,,,,,,,,,,,,,,,,,,
5099,มะม่วงลิ้นงูเห่า/มันขุนศรีบ้านแพ้ว สุก,Mango Mun-khun-si variety ripe,76,80.3,0.91,0.21,16.97,1.3,0.34,-,-,-,-,-,-,-,1,372,-,31,0.04,0.06,-,11,0.92,-,,,,,,,,,,,,,,,,,,,,,,,,,,,,,,,,
5100,มะม่วง หนังกลางวัน สุก,Mango Nung-klang-wan variety ripe,83,79.3,0.5,0.2,19.7,0.5,0.3,25,15,-,-,-,-,-,-,23,-,2,0.11,0.07,0.8,30,1.26,-,,,,,,,,,,,,,,,,,,,,,,,,,,,,,,,,
5101,มะม่วง แห้วมัน ดิบ,Mango Haew variety unripe,73,81.7,0.7,0.1,17.3,0.4,0.2,3,17,-,-,-,0.1,-,-,-,426,-,36,0.12,0.06,0.3,70,-,-,,,,,,,,,,,,,,,,,,,,,,,,,,,,,,,
5102,มะม่วง อกร่อง สุก,Mango Ok-rong variety ripe,76,80.1,0.9,0.2,17.2,1.1,0.5,29,19,-,-,-,0.2,-,-,59,-,5,0.04,0.06,1.1,13,-,-,,,,,,,,,,,,,,,,,,,,,,,,,,,,,,,,
5103,มะม่วงหาวมะนาวโห่,Karanda/Carunda,57,87.9,1.1,2.35,7.8, ,0.9,37,18,17,2,411,0.35,0.1,0.43,-,71,-,6,0,0.06,0.28,5,-,-,,,,,,,,,,,,,,,,,,,,,,,,,,,,,,,
5104,มะม่วงหิมพานต์ ผล สุก,Cashew nut fruit ripe,48,87,0.8,0.4,8.9,2.6,0.3,11,12,-,-,-,tr,-,-,-,258,-,22,0.02,0.18,0.5,54,-,-,,,,,,,,,,,,,,,,,,,,,,,,,,,,,,,
5105,มะยงชิด,Marian plum (Ma yong chid),58,84.7,0.51,0.32,12.54,1.6,0.28,1,13,6,2,137,0.28,tr,0.1,2,207,-,17,0.02,0.02,0.7,25,0.27,13.05,,,,,,,,,,,,,,,,,,,,,,,,,,,,,,,
5106,มะละกอ ค่อนข้างสุก,Papaya half ripe,13,96.6,0.2,0,3,0.3,0.2,18,1,-,-,-,0.3,-,-,-,198,-,17,0.03,0.1,0.2,58,-,-,,,,,,,,,,,,,,,,,,,,,,,,,,,,,,,
5107,มะละกอ แขกดำ สุก,Papaya Kak-dum variety ripe,39,89,0.6,0.1,8.1,1.7,0.5,11,14,12,3,229,0.25,-,0.08,1,482,-,40,-,-,-,55,0.21,8,,,,,,,,,,,,,,,,,,,,,,,,,,,,,,,
5108,มะละกอ ฮอลแลนด์ สุก,Papaya Holland variety ripe,39,89,0.7,0.1,8,1.7,0.5,11,11,10,5,224,0.21,-,0.96,0,483,-,40,-,-,-,78,-,9,,,,,,,,,,,,,,,,,,,,,,,,,,,,,,,
5109,มะละกอ ฮาวาย สุก,Papaya Hawaii variety ripe,50,86.1,0.63,0.2,10.55,1.9,0.61,34,9,24,3,316,0.22,-,0.06,0,483,-,40,0.02,0.04,-,87,-,9.9,,,,,,,,,,,,,,,,,,,,,,,,,,,,,,,
5110,มังคุด,Mangosteen,79,79.2,0.5,0,18.4,1.7,0.2,11,17,-,-,-,0.9,-,-,-,0,-,0,0.09,0.06,0.1,3,-,-,,,,,,,,,,,,,,,,,,,,,,,,,,,,,,,
5111,ระกำ,Salak palm,50,87.2,0.6,0.2,11.5,0.7,0.5,-,-,-,-,-,-,-,-,24,-,2,0.03,0.26,0.6,33,-,-,,,,,,,,,,,,,,,,,,,,,,,,,,,,,,,,
5112,ราสเบอรี่,Raspberry,38,89.7,1.11,0.76,5.41,2.4,0.6,35,215,305,17,9,0.57,-,0.23,1,8,-,1,0.01,0.07,-,2,-,5.7,,,,,,,,,,,,,,,,,,,,,,,,,,,,,,,
5113,ลองกอง,Longkong,61,80.8,0.91,0.14,11.89,4.4,1.9,5,19,9,3,173,0.12,tr,tr,2,11,-,1,0.04,0.09,1.43,4,0,16.02,,,,,,,,,,,,,,,,,,,,,,,,,,,,,,,
5114,ละมุดไทย/ละมุดสีดา,Sapodilla Si-da variety,82,77.3,0.3,0.8,15.6,5.6,0.4,15,6,-,-,269,0.6,-,-,-,22,-,2,0,0.01,0.6,24,-,17,,,,,,,,,,,,,,,,,,,,,,,,,,,,,,,
5115,ละมุดฝรั่ง พันธุ์มะกอก,Sapodilla Ma-kok variety,35,91.4,0.2,0.2,8,0.7,0.2,1,79,-,-,-,0.2,-,-,-,102,-,9,0.11,0.5,0.2,26,-,-,,,,,,,,,,,,,,,,,,,,,,,,,,,,,,,
5116,ลางสาด,Langsat,67,82.9,0.9,0.1,15.6,0.3,0.5,5,35,-,-,-,0.7,-,-,12,-,1,0.08,0.04,1.7,24,-,-,,,,,,,,,,,,,,,,,,,,,,,,,,,,,,,,
5117,ลำไย,-111,72.4,1,0.5,-25.6,0.4,0.5,2,6,-,-,-,0.3,-,-,18,-,2,0.04,0.07,0.6,44,-,-,,,,,,,,,,,,,,,,,,,,,,,,,,,,,,,,,
5118,ลำไย กะโหลก,Longan Kaloke variety,77,80.2,0.9,0.1,18.2,0.2,0.6,4,3,-,-,-,0.4,-,-,-,12,-,1,0.06,0.07,0.6,-,-,-,,,,,,,,,,,,,,,,,,,,,,,,,,,,,,,
5119,ลำไย เบี้ยวเขียว,Longan Beawkeaw variety,64,83.4,1.1,0.1,14,1.1,0.3,1,12,-,-,-,0.5,-,-,-,18,-,2,0.07,0.08,0.9,11,-,-,,,,,,,,,,,,,,,,,,,,,,,,,,,,,,,
5120,ลิ้นจี่,Litchi,57,85.2,0.9,0.1,13.2,0.1,0.6,7,41,-,-,-,1.3,-,-,-,0,-,0,0.11,0.04,0.3,41,-,-,,,,,,,,,,,,,,,,,,,,,,,,,,,,,,,
5121,ลิ้นจี่ กะโหลกใบอ้อ,Litchi Kalok variety,68,81.9,1.01,0.18,14.85,1.6,0.5,-,-,-,-,-,-,-,1,-,-,-,-,0.09,-,90,-,-,,,,,,,,,,,,,,,,,,,,,,,,,,,,,,,,
5122,ลิ้นจี่ ค่อม,Litchi Kom variety,69,82,0.8,0.1,15.6,1.2,0.3,1,20,15,1,217,0.21,-,1.38,1,-,-,-,-,-,-,60,-,18,,,,,,,,,,,,,,,,,,,,,,,,,,,,,,,
5123,ลิ้นจี่ จักรพรรดิ์,Litchi King variety,70,82,0.67,0.11,16.47,0.5,0.32,0,17,3,1,206,0.17,-,0.51,0,-,-,-,-,0.06,-,78,-,13.4,,,,,,,,,,,,,,,,,,,,,,,,,,,,,,,
5124,ลิ้นจี่ สำเภาแก้ว,Litchi Sampao-kaew variety,78,79.3,1.24,0.19,16.99,1.7,0.56,-,-,-,-,-,-,-,1,-,-,-,-,-,0.12,-,66,-,-,,,,,,,,,,,,,,,,,,,,,,,,,,,,,,,
5125,ลิ้นจี่ ฮงฮวย,Litchi Hong-houy variety,68,82.7,0.77,0.18,15.75,0,0.64,-,-,-,-,-,-,-,1,-,-,-,-,-,-,-,33,-,-,,,,,,,,,,,,,,,,,,,,,,,,,,,,,,,
5126,ลูกจันทน์/จันทน์เทศ,Nutmeg,325,13.1,13.6,0.6,66.3, ,6.4,-,-,-,-,-,-,-,-,-,420,-,35,0.07,0.32,0.2,6,-,-,,,,,,,,,,,,,,,,,,,,,,,,,,,,,,,
5127,ลูกตาล,Sugar-palm,45,88.5,0.5,1,7.65,1.9,0.5,2,16,7,2,130,0.06,-,0.09,1,0,-,0,0.03,0.01,0.5,2,-,5.5,,,,,,,,,,,,,,,,,,,,,,,,,,,,,,,
5128,ลูกท้อ,Peach Thai variety (Loog-taw),44,87.4,1.17,0.12,8.19,2.7,0.41,4,24,207,20,184,0.31,-,0.12,0,130,-,11,0.01,0.04,-,8,tr,6.4,,,,,,,,,,,,,,,,,,,,,,,,,,,,,,,
5129,ลูกหว้า,Jambolan,52,84.7,0.9,0.1,10.3,3.3,0.7,5,61,28,9,199,1.77,-,0.15,1,47,-,4,0.01,0.28,1.9,12,-,5,,,,,,,,,,,,,,,,,,,,,,,,,,,,,,,
5130,ลูกไหน/ลูกพลัม,Wild cherry,53,85.4,1.18,0.28,10.26,3,0.41,7,23,240,7,201,0.45,-,0.17,2,1537,-,-,0.02,0.09,-,2,-,7.4,,,,,,,,,,,,,,,,,,,,,,,,,,,,,,,
5131,สตรอว์เบอร์รี่,Strawberry,30,91.4,0.68,0.27,5.2,2,0.47,2,22,8,1,157,0.3,tr,0.13,1,5,-,0,0.01,0.06,0.31,66,0.54,4,,,,,,,,,,,,,,,,,,,,,,,,,,,,,,,
5132,ส้ม เกลี้ยง,Orange sweet,52,86.8,0.5,0,12.6,0.2,0.1,33,23,-,-,-,0.4,-,-,-,60,-,5,0.04,0.04,1.8,71,-,-,,,,,,,,,,,,,,,,,,,,,,,,,,,,,,,
5133,ส้ม เขียวหวาน,Tangerine/Mandarin,46,87.8,0.83,0.26,9.27,1.6,0.34,26,23,9.7,3.1,190,0.4,tr,0.1,tr,71.8,-,6,0.05,0.04,0.33,31,0.33,11.34,,,,,,,,,,,,,,,,,,,,,,,,,,,,,,,
5134,ส้ม โชกุน,Orange Cho-guun variety,45,87.9,1.09,0.17,9.18,1.3,0.43,9.6,23,4,1,213,-,-,-,1,37,-,3,0.05,0.03,0.31,18,0.16,-,,,,,,,,,,,,,,,,,,,,,,,,,,,,,,,
5135,ส้มแก้ว,Orange Som-keaw variety,52.00,85.8,0.89,0.2,10.86,1.8,0.49,,,,,,,,1,127,,11,,0.05,,13,0.7,,,,,,,,,,,,,,,,,,,,,,,,,,,,,,,,,
5136,ส้มจีนไร้เมล็ด,Orange Chinese variety,51.00,85.4,0.81,0.22,9.7,3.6,0.28,,,,,,,,1,42,,3,0.06,0.04,0.27,17,0.21,,,,,,,,,,,,,,,,,,,,,,,,,,,,,,,,,
5137,ส้มเช้ง,Orange acidless,,,,,,,0.43,,,,,,,,1,0,,0,,,,46,0.06,,,,,,,,,,,,,,,,,,,,,,,,,,,,,,,,,
5138,ส้มสายน้ำผึ้ง,Orange Sai-nam-phung variety,49.00,86.7,0.81,0.17,10.08,1.7,0.54,18,16,8,1,157,0.16,tr,0.02,tr,101,,8,0.07,0.05,0.27,30,0.35,10.71,,,,,,,,,,,,,,,,,,,,,,,,,,,,,,,
5139,ส้มโอ ทองดี,Pummelo Tong-dee variety,42.00,89.2,0.5,0.4,8.8,0.7,0.4,9,21,,,,tr,,,1,26,,2,0.07,0.02,0.4,54,,,,,,,,,,,,,,,,,,,,,,,,,,,,,,,,,
5140,ส้มโอ บางขุนนนท์,Pummelo Bang-khunnon variety,52.00,86.7,0.5,0,12.4,0.1,0.4,22,17,,,,0.7,,,,,42,,4,0.01,0.01,0.4,45,,,,,,,,,,,,,,,,,,,,,,,,,,,,,,,,
5141,ส้มโอ ขาวแตงกวา,Pomelo Khaw-tangkwa variety,39.00,89.2,0.87,0.24,7.57,1.6,0.5,11,16,8,2,225,0.13,,0.08,1,8,,1,0.01,0.03,,48,tr,7,,,,,,,,,,,,,,,,,,,,,,,,,,,,,,,
5142,ส้มโอ ขาวน้ำผึ้ง,Pomelo Khaw-namhung variety,38.00,89.6,0.78,0.17,7.88,1.2,0.46,8,23,8,1,218,0.18,,0.01,1,,,,0,0.02,,41,,7.7,,,,,,,,,,,,,,,,,,,,,,,,,,,,,,,
5143,ส้มโอ ขาวใหญ่,Pomelo Khaw-yai variety,50.00,88.6,0.81,0.23,10.34,1.7,0.35,8,20,7,2,206,0.11,,0.67,0,9,,1,0.01,0.03,,41,0.37,9.9,,,,,,,,,,,,,,,,,,,,,,,,,,,,,,,
5144,สละ,Salak palm,68.00,80.6,0.4,0.1,14.7,3.2,1,0,,,,7,,,,1,38,,3,0.03,0.29,0.8,14,,13.4,,,,,,,,,,,,,,,,,,,,,,,,,,,,,,,
5145,สับปะรด นางแล,Pineapple Nang-lae variety,63.00,84.2,0.44,0.81,12.84,1.4,0.3,12,9,26,,129,,,0.06,3,21,,2,0.14,0.02,0.44,8,,13.5,,,,,,,,,,,,,,,,,,,,,,,,,,,,,,,
5146,สับปะรด ภูแล,Pineapple Phu-lae variety,60.00,84.3,0.41,0.23,13.55,1.3,0.3,5,8,25,,172,,,0.06,8,21,,2,0.11,0.04,0.46,18,0.02,11.11,,,,,,,,,,,,,,,,,,,,,,,,,,,,,,,
5147,สัปปะรด ภูเก็ต,Pineapple Phu-ket variety,66.00,82.5,0.66,0.13,14.95,1.4,0.35,8,9,18,1,160,0.31,tr,0.26,1,150,,12,0.13,0.05,0.34,11,0,14.55,,,,,,,,,,,,,,,,,,,,,,,,,,,,,,,
5148,สับปะรด ศรีราชา,Pineapple Sri-ra-cha variety,50.00,86.8,0.54,0.1,10.91,1.4,0.25,4,15,8,1,106,0.15,tr,0.22,2,24,,2,0.11,0.03,0.24,12,0,12.6,,,,,,,,,,,,,,,,,,,,,,,,,,,,,,,
5149,สาลี่ ก้านยาว,Chinese pear kanyaw variety,46.00,87.4,0.4,0.09,9.83,2.1,0.23,,,,,,,,,1,0,,0,,,,4,0.07,10,,,,,,,,,,,,,,,,,,,,,,,,,,,,,,,
5150,สาลี่ น้ำผึ้ง,Chinese pear namphung variety,44.00,88,0.27,0.06,9.87,1.5,0.3,1,12,22,2,189,0.04,,0.06,1,0,,0,,,,3,0.1,7,,,,,,,,,,,,,,,,,,,,,,,,,,,,,,,
5151,สาลี่ หอม,Chinese pear ham variety,57.00,85.4,0.26,0.08,13.92,0,0.33,1,8,6,2,176,0.03,,0.01,1,0,,0,,,,3,0.22,8,,,,,,,,,,,,,,,,,,,,,,,,,,,,,,,
5152,สาลี่ หิมะ,Chinese pear hima variety,56.00,85.9,0.36,0.12,13.42,0,0.22,1,14,7,1,142,0.12,,0.05,1,0,,0,,,,4,0.1,9,,,,,,,,,,,,,,,,,,,,,,,,,,,,,,,
5153,องุ่นเขียว,Grapes green,51.00,86.4,0.54,0.09,11.54,1,0.51,1,15,5,4,190,tr,tr,tr,1,35,,3,0.03,0.02,0.15,4,0.22,13,,,,,,,,,,,,,,,,,,,,,,,,,,,,,,,
5154,องุ่นดำ,Grapes black,46.00,87.8,0.51,0.1,10.45,0.8,0.35,0,15,4,4,182,tr,tr,tr,1,45,,4,0.03,0.05,0.2,2,0.4,12,,,,,,,,,,,,,,,,,,,,,,,,,,,,,,,
5155,องุ่นแดง ลูกใหญ่,Grapes red big size,37.00,87.6,0.4,0.09,5.8,5.9,0.25,6,12,5,4,138,tr,tr,tr,2,56,,5,0.04,0.06,0.18,2,0.25,9.2,,,,,,,,,,,,,,,,,,,,,,,,,,,,,,,
5156,องุ่นแดงนอก ลูกเล็ก,Grapes red small size,61.00,84,0.5,0.2,13.92,1,0.38,4,15,6,2,246,0.23,,0,2,8,,1,,,,3,0.17,13,,,,,,,,,,,,,,,,,,,,,,,,,,,,,,,
5157,แอปเปิ้ลเขียว,Apple green variety,47.00,87,0.24,0.21,9.95,2.2,0.35,2,6,4,1,127,tr,tr,tr,0,31,,3,0.01,0.02,0.11,2,0.33,8,,,,,,,,,,,,,,,,,,,,,,,,,,,,,,,
5158,แอปเปิ้ลแดง ฟูจิ,Apple red variety Fuji,36.00,90.5,0.17,0.12,7.86,1.2,0.2,1,6,3,4,61,tr,tr,tr,2,19,,2,0.01,0.02,0.08,1,0.23,9,,,,,,,,,,,,,,,,,,,,,,,,,,,,,,,
5159,แอปเปิ้ลแดง วอชิงตัน,Apple red variety Washington,56.00,84.8,0.18,0.25,12.26,2.1,0.41,3,10,4,3,98,tr,tr,tr,2,36,,3,0.01,0.04,0.09,1,0.34,,,,,,,,,,,,,,,,,,,,,,,,,,,,,,,,
5160,แอปเปิ้ลแดงลาย ฟูจิ,Apple light red variety Fuji,47.00,87.4,0.23,0.18,10.29,1.5,0.36,1,8,3,9,106,tr,tr,tr,2,33,,3,0.01,0.02,0.05,1,0.19,9,,,,,,,,,,,,,,,,,,,,,,,,,,,,,,,
,,,,,,,,,,,,,,,,,,,,,,,,,,,,,,,,,,,,,,,,,,,,,,,,,,,,,,,,,,
6001,กบ ดิบ,Frog raw,102.00,75.2,17.62,3.53,0,0,3.02,,,,,,,,,7,,74,74,0.33,0.22,0.52,,1.23,,,,,,,,,,,,,,,,,,,,,,,,,,,,,,,,
6002,กระบือ เนื้อ ดิบ,Buffalo meat raw,98.00,77.1,22.01,1.06,0,0,0.93,3,179,23,69,607,1.77,0.07,2.86,,,,,,,,,,,,,,,,,,,,,,,,,,,,,,,,,,,,,,,,,
6003,กระรอก ดิบ,Squirrel raw,113.00,72.4,23.01,2.29,0,0,5.26,,750,,,,,,,27,,676,676,0.08,0.38,4,,,0,,,,,,,,,,,,,,,,,,,,,,,,,,,,,,,
6004,ไก่ ตับ ดิบ,Chicken liver raw,115.00,76,18.62,4.55,0,0,1.35,3,122,15,82,228,5.72,0.12,2.39,,,,,,,,,,,,,,,,,,,,,,,,,,,,,,,,,,,,,,,,,
6005,ไก่ เนื้อ ดิบ,Chicken meat raw,165.00,69.5,19.5,9.7,0,0,1.3,4,,,,,,,,24,,,,,,,,,,,,,,,,,,,,,,,,,,,,,,,,,,,,,,,,
6006,ไก่ เลือด สุก,Chicken blood cooked,50.00,89,11.53,0.41,0,0,1.05,12,55,3,430,2132,11.25,0.03,0.19,,,,,,,,,,,,,,,,,,,,,,,,,,,,,,,,,,,,,,,,,
6007,ไก่ดำ กึ๋น ดิบ,Black chicken gizzard raw,97.00,76.6,21.1,1.3,0.3,0,0.7,,138,,,,4.6,,,,0,,0,0.12,0.31,1.1,0,,,,,,,,,,,,,,,,,,,,,,,,,,,,,,,,,
6008,ไก่ดำ น่อง เนื้อและหนัง ดิบ,Black chicken drumstic meat and skin raw,122.00,74,24,2.9,0,0,0.7,,138,,,,1.8,,,,0,,0,0.12,0.22,1.8,,,,,,,,,,,,,,,,,,,,,,,,,,,,,,,,,,
6009,ไก่ดำ ปีก เนื้อและหนัง ดิบ,Black chicken wing meat and skin raw,147.00,71.7,22.5,6.3,0,0,0.6,,113,,,,2.2,,,,0,,0,0.1,0.2,1.3,,,,,,,,,,,,,,,,,,,,,,,,,,,,,,,,,,
6010,ไก่ดำ สะโพก เนื้อและหนัง ดิบ,Black chicken thigh meat and skin raw,127.00,73.3,22.7,4,0,0,0.8,,134,,,,2.4,,,,0,,0,0.16,0.26,1.6,,,,,,,,,,,,,,,,,,,,,,,,,,,,,,,,,,
6011,ไก่ดำ หน้าอก เนื้อและหนัง ดิบ,Black chicken breast meat and skin raw,115.00,74.7,23.7,2.2,0,0,1,,114,,,,1.2,,,,0,,0,0.11,0.13,3.3,,,,,,,,,,,,,,,,,,,,,,,,,,,,,,,,,,
6012,ไก่บ้าน กึ๋น ดิบ,Native chicken gizzard raw,111.00,75.1,20.8,3.1,0,0,0.9,,,,,,4.2,,,,,0,,0.11,0.41,2.9,,,,,,,,,,,,,,,,,,,,,,,,,,,,,,,,,,
6013,ไก่บ้าน น่อง เนื้อและหนัง ดิบ,Native chicken drumstick meat and skin raw,119.00,74.7,21.7,3.6,0,0,0.8,,,,,,7.8,,,10,,,,0.12,0.29,2.4,,,,,,,,,,,,,,,,,,,,,,,,,,,,,,,,,,
6014,ไก่บ้าน ปีก เนื้อและหนัง ดิบ,Native chicken wing meat and skin raw,137.00,74,22.3,5.3,0,0,0.7,,,,,,,,,,,,,0.06,0.17,,,,,,,,,,,,,,,,,,,,,,,,,,,,,,,,,,,
6015,ไก่บ้าน สะโพก เนื้อและหนัง ดิบ,Native chicken thigh meat and skin raw,124.00,74.3,21.1,4.4,0,0,0.8,,,,,,,,,,15,,,0.12,0.29,2.8,,,,,,,,,,,,,,,,,,,,,,,,,,,,,,,,,,
6016,ไก่บ้าน อก เนื้อและหนัง ดิบ,Native chicken breast meat and skin raw,127.00,73.9,23.6,3.6,0,0,1,,,,,,2.8,,,,,0,,0.1,0.12,2.7,,,,,,,,,,,,,,,,,,,,,,,,,,,,,,,,,,
6017,ไก่ป่า น่อง เนื้อ ดิบ,Jungle fowl drumstick meat raw,139.00,72.3,23,5.2,0,0,0.9,,283,,,,2.3,,,,0,,0,0.21,0.22,1.7,,,,,,,,,,,,,,,,,,,,,,,,,,,,,,,,,,
6018,ไก่ป่า ปีก เนื้อและหนัง ดิบ,Jungle fowl wing meat and skin raw,188.00,66.4,22.2,11,0,0,0.8,,164,,,,1.7,,,,0,,0,0.08,0.11,2.1,,,,,,,,,,,,,,,,,,,,,,,,,,,,,,,,,,
6019,ไก่ป่า สะโพก เนื้อและหนัง ดิบ,Jungle fowl thigh meat and skin raw,218.00,64.1,20.2,15.2,0,0,0.9,,147,,,,3.9,,,,36,,,0.11,0.23,1.8,,,,,,,,,,,,,,,,,,,,,,,,,,,,,,,,,,
6020,ไก่ป่า หน้าอก เนื้อและหนัง ดิบ,Jungle fowl breast meat and skin raw,178.00,67.9,24.3,9,0,0,1.3,,146,,,,1.1,,,,14,,,0.14,0.15,1.5,,,,,,,,,,,,,,,,,,,,,,,,,,,,,,,,,,
6021,เขียด ทั้งตัว ดิบ,Frog small raw,82.00,79.7,17.18,1.53,0,0,3.84,,527,,,,,,,18,,,,0.09,0.45,1.4,,,,,,,,,,,,,,,,,,,,,,,,,,,,,,,,,,
6022,เขียด เนื้อ ดิบ,Frog small meat raw,46.00,87.1,9.5,0.6,0.7,0,2.1,29,69,,,,2.1,,,,,,,0.23,0.13,0.5,,,,,,,,,,,,,,,,,,,,,,,,,,,,,,,,,,
6023,แคบหมู มีมัน,Pork skin with fat deep fried,626.00,1.8,48.9,47.8,0,0,2.1,29,69,,,,2.1,,,,,,,,,,,0.42,,,,,,,,,,,,,,,,,,,,,,,,,,,,,,,,
6024,แคบหมู ไม่มีมัน,Pork skin without fat deep fried,515.00,2.9,56.4,27,11.5,0,2.2,27,55,,,,3.4,,,,,,0,,,,,0.17,,,,,,,,,,,,,,,,,,,,,,,,,,,,,,,,
6025,นกกระทา ดิบ,Quail raw,116.00,72,18.48,4.69,0,0,5.31,,,,93,246,,tr,tr,26,,71,71,0.08,0.33,4.41,,0.73,,,,,,,,,,,,,,,,,,,,,,,,,,,,,,,,
6026,เป็ด เนื้อ ดิบ,Duck meat raw,199.00,70.2,13.4,16.2,0,0,0.5,15,123,,,,1.7,,,,,,,0.1,0.25,5.4,,0,,,,,,,,,,,,,,,,,,,,,,,,,,,,,,,,
6027,เป็ด เลือด สุก,Duck blood cooked,16.00,86.8,10.36,0.13,1.75,0,0.92,7,75,5,444,1073,12.4,0.06,0.2,,,,,,,,,,,,,,,,,,,,,,,,,,,,,,,,,,,,,,,,,
6028,แพะ เนื้อ ดิบ,Goat meat raw,93.00,79.4,20.5,1.22,0,0,0.85,,148,17,96,1081,1.37,,4.57,,,,,,,,,,,,,,,,,,,,,,,,,,,,,,,,,,,,,,,,,
6029,แย้ แห้ง,Ground lizzard dried,254.00,11.6,52.6,4.5,0.7,0,30.6,,,,,,,,,,,,,,,,,,,,,,,,,,,,,,,,,,,,,,,,,,,,,,,,,
6030,ลูกอ๊อด/ลูกฮวก ดิบ,Tadpole raw,65.00,86.7,11.42,2.2,0,0,2.17,,199,,,,,,,19,,138,138,0.01,0.4,1.59,,1.28,,,,,,,,,,,,,,,,,,,,,,,,,,,,,,,,
6031,วัว กระเพาะ สุก,Beef abomasum cooked,174.00,72.7,14.11,13.03,0,0,0.41,15,66,10,48,66,,0.06,1.86,6,,37,37,0.02,0.18,2.24,,0.52,,176,,,,,,,,,,,,,,,,,,,,,,,,,,,,,,
6032,วัว เนื้อ ดิบ,Beef meat raw,134.00,69.5,20.3,4.8,2.3,0,3.1,4,,,,,,,,,,,,,,,,,,65,,,,,,,,,,,,,,,,,,,,,,,,,,,,,,
6033,วัว เนื้อคอโหนกใหล่ ดิบ,Beef hump raw,193.00,67,20.24,12.49,0,0,0.81,5,,20,54,392,,0.09,3.79,3,,11,11,0.03,0.21,4.77,,0.45,,56,,,,,,,,,,,,,,,,,,,,,,,,,,,,,,
6034,วัว เนื้อแดดเดียว ดิบ,Beef meat sundried raw,139.00,61.3,30.6,1.5,0.7,0,5.9,31,227,,,,7.5,,,,,,,0.08,0.19,3.6,,0,,,,,,,,,,,,,,,,,,,,,,,,,,,,,,,,
6035,วัว เนื้อติดมัน ทอด,Beef medium fat fried,412.00,18.7,46.1,21.9,7.5,0,5.8,,372,,,,1.9,,,,,,,0.01,,4.8,,,,,,,,,,,,,,,,,,,,,,,,,,,,,,,,,,
6036,วัว เนื้อสันใน ดิบ,Beef tenderloin raw,103.00,77.7,20.09,2.47,0,0,0.97,5,118,21,79,392,,0.11,5.91,5,,19,19,0.02,0.21,4.08,,0.22,,54,,,,,,,,,,,,,,,,,,,,,,,,,,,,,,
6037,วัว ปอด ดิบ,Beef lung raw,83.00,80.8,15.83,2,0.4,0,0.93,11,141,12,139,322,,0.08,1.7,8,,7,7,0.04,0.35,4.95,,0.77,,343,,,,,,,,,,,,,,,,,,,,,,,,,,,,,,
6038,วัว ผ้าขี้ริ้ว ดิบ,Beef rumen raw,63.00,85.8,11.84,1.66,0.26,0,0.42,38,65,11,43,40,,0.08,2.1,5,,7,7,0.02,0.41,0.98,,0.13,,114,,,,,,,,,,,,,,,,,,,,,,,,,,,,,,
6039,วัว รก ดิบ,Beef placenta raw,69.00,88.7,11.59,2.55,0,0,0.25,,,,,,,,,,,,,0.1,0.13,2.22,,,,118,,,,,,,,,,,,,,,,,,,,,,,,,,,,,,
6040,วัว ลำไส้ สุก,Beef intestine cooked,353.00,54.6,11.53,34.11,0,0,0.43,12,102,8,32,61,0.61,0.05,1.59,6,,34.5,35,0.01,0.16,3.11,,1.56,,198,,,,,,,,,,,,,,,,,,,,,,,,,,,,,,
6041,วัว ลูกชิ้น ทอด,Beef meat ball fried,225.00,52.7,16.4,10.1,17.1,0,3.7,8,857,,,,1.2,,,,,,,0.05,0.13,,,,,,,,,,,,,,,,,,,,,,,,,,,,,,,,,,,
6042,วัว เหงือก ทอด,Beef gill fried,417.00,14.8,66.7,16.7,0,0,4.4,58,337,,,,2.4,,,,,,,0.01,4.14,6.7,,,,,,,,,,,,,,,,,,,,,,,,,,,,,,,,,,
6043,ไส้กรอกคอกเทล ไก่,Cocktail sausage chicken,220.00,63.3,11.55,16.15,7.04,0,2.01,19,,19,600,157,0.33,tr,0.82,14,,21,21,0.16,0.1,1.71,,0.29,,,,,,,,,,,,,,,,,,,,,,,,,,,,,,,,
6044,ไส้กรอกคอกเทล หมู,Cocktail sausage pork,242.00,60.2,11.78,18.42,7.19,0,2.38,20,,16,712,151,2.09,0.2,1.23,24,,11,11,0.25,0.12,1.45,,0.33,,,,,,,,,,,,,,,,,,,,,,,,,,,,,,,,
6045,ไส้กรอกเวียนนา ไก่,Vienna sausage chicken,335.00,53,12.4,31,1.7,0,1.9,3,,,,,,,,,,,,,,,,,,,,,,,,,,,,,,,,,,,,,,,,,,,,,,,,
6046,ไส้กรอกเวียนนา หมู,Vienna sausage pork,263.00,59.7,14.5,21.8,2.1,0,1.9,4,,,,,,,,,,,,,,,,,,,,,,,,,,,,,,,,,,,,,,,,,,,,,,,,
6047,ไส้กรอกหมู ทอด,Pork sausage fried,409.00,35.7,9.3,32.2,20.4,0,2.4,96,1080,,,,0.5,,,,,,,tr,0.08,,0,,,77,,,,,,,,,,,,,,,,,,,,,,,,,,,,,,
6048,ไส้อั้ว ดิบ,Pork sausage northern style raw,420.00,37.4,18,36.1,5.7,0,2.8,57,144,,,,1,,,,18,0,2,0.1,0.32,3.1,0,0.32,,,,,,,,,,,,,,,,,,,,,,,,,,,,,,,,
6049,หนูนา เนื้อ ดิบ,Rat meat raw,219.00,63.7,16.73,15.46,3.12,0,0.97,,,,,,,,,6,,188,188,0.09,0.35,4.21,,1.97,,97,,,,,,,,,,,,,,,,,,,,,,,,,,,,,,
6050,หมู เนื้อ ดิบ,Pork meat raw,110.00,75.8,19.6,3.3,0.4,0,0.9,2,,,,,,,,,,,,0.69,0.26,5.7,,,,,,,,,,,,,,,,,,,,,,,,,,,,,,,,,,
6051,หมู ปอด ดิบ,Pork lung raw,87.00,81.5,13.34,3.47,0.7,0,0.96,24,172,13,155,348,47.6,tr,1,4,,6,6,0.11,0.33,3.53,0,0.5,,320,,,,,,,,,,,,,,,,,,,,,,,,,,,,,,
6052,หมู เลือด สุก,Pork blood cooked,44.00,89.9,10.63,0.17,0,0,0.61,17,12,5,178,40,24.44,tr,tr,5,1,17,17,0.01,0.05,0.82,0,0,,50,,,,,,,,,,,,,,,,,,,,,,,,,,,,,,
6053,หมู กระเพาะ ดิบ,Pork stomach raw,155.00,63.4,12.4,2.1,21.6,0,0.5,18,94,,,,,,,,,,,,,,,,,181,,,,,,,,,,,,,,,,,,,,,,,,,,,,,,
6054,หมู ตับ ดิบ,Pork liver raw,117.00,73.2,19.8,3,2.6,0,1.4,11,232,,,,10.5,,,,,4204,4204,0.29,3.3,13.6,0,,,364,,,,,,,,,,,,,,,,,,,,,,,,,,,,,,
6055,หมู เนื้อซี่โครงอ่อน ดิบ,Pork spare ribs raw,217.00,65.1,17.33,16.1,0.68,0,0.78,8,,17,85,437,,0.06,2,2,,21,21,0.54,0.26,5.93,,0.44,,63,,,,,,,,,,,,,,,,,,,,,,,,,,,,,,
6056,หมู เบคอน,Pork Bacon,416.00,44.4,13.52,40.11,0.35,0,1.6,,,,,,,,,5,,0,0,0.37,0.11,3.29,,0,,,,,,,,,,,,,,,,,,,,,,,,,,,,,,,,
6057,หมู มัน ดิบ,Pork fat raw,714.00,15.2,4.7,76,2.7,0,1.4,2,,,,,,,,,,,,,,,,,,,,,,,,,,,,,,,,,,,,,,,,,,,,,,,,
6058,หมู ยอ,Pork sausage steared (Moo-yor),341.00,50.9,13.1,30.5,3.6,0,1.9,17,130,,,,tr,,,,0,,0,0.21,0.09,3.4,,,0,,,,,,,,,,,,,,,,,,,,,,,,,,,,,,,
6059,หมู ลูกชิ้น ทอด,Pork meat ball fried,372.00,38.8,13.9,27.9,16.4,0,3,27,785,,,,0.9,,,,,,2,2,0.04,0.08,,,,,,,,,,,,,,,,,,,,,,,,,,,,,,,,,,
6060,หมู สันคอ ดิบ,Pork shoulder raw,189.00,69.3,17.73,13.1,0,0,0.96,5,,21,55,376,,0.06,2.69,2,0,6,6,0.79,0.25,4.12,,0.1,,59,,,,,,,,,,,,,,,,,,,,,,,,,,,,,,
6061,หมู สันใน ดิบ,Pork tender loin raw,119.00,74.1,21.31,3.77,0,0,1.09,4,174,27,50,433,,tr,1.83,3,,5,5,1.02,0.25,7.43,,0.43,,54,,,,,,,,,,,,,,,,,,,,,,,,,,,,,,
6062,หมู หนัง ดิบ,Pork skin raw,306.00,49.4,28,21.1,0.9,0,0.6,3,23,,,,,,,,,30,30,0.05,0.07,0.6,,0,,34,,,,,,,,,,,,,,,,,,,,,,,,,,,,,,
6063,หมู หยอง,Pork shredded,357.00,9.8,43.1,5.7,33.3,0,8.1,61,216,,,,17.8,,,,,,,0.32,0.29,5.6,,0,,,,,,,,,,,,,,,,,,,,,,,,,,,,,,,,
6064,หมู แหนม,Fermented pork,185.00,62.8,20.2,9.9,3.8,0,3.3,15,132,,,,1.3,,,,,,,0.24,0.1,3.8,,0,,,,,,,,,,,,,,,,,,,,,,,,,,,,,,,,
6065,หมู แฮม,Pork ham raw,110.00,72.7,19.82,2.5,1.96,0,3,,,,,,,,,5,,0,0,0.42,0.16,4.66,,,0,,,,,,,,,,,,,,,,,,,,,,,,,,,,,,,
7001,กระเพาะปลา ทอด,Fish maw fried,682.00,4.6,38.3,58.8,0,0,0.4,46,33,,,,tr,,,,0,0,0,,0.7,0.6,,,,,,,,,,,,,,,,,,,,,,,,,,,,,,,,,,
7002,กุ้งกุลาดำ เนื้อ สด,Giant tiger prawn body raw,92.00,80.3,20.1,1.3,0,0,1.1,8,140,,,,tr,,,,,,,0.03,,3.5,,,,,,,,,,,,,,,,,,,,,,,,,,,,,,,,,,
7003,กุ้งกุลาดำ หัว สด,Giant tiger prawn head raw,120.00,74,14.3,4.4,5.7,0,1.6,17,168,,,,tr,,,,,,,0.14,,2.1,,,,,,,,,,,,,,,,,,,,,,,,,,,,,,,,,,
7004,กุ้งเคย สด,Krill/small shrimp raw,61.00,84,12,1,1,0,2,,205,,,,3.4,,,69,,,,0.05,0.14,3.1,,,,,,,,,,,,,,,,,,,,,,,,,,,,,,,,,,
7005,กุ้งจ่อม กุ้งหมักข้าวคั่ว,Small shrimp fermented,135.00,59.2,12.3,1.6,17.9,0,9,449,32,,,,3.2,,,,,,3,0.06,,3.2,,,,,,,,,,,,,,,,,,,,,,,,,,,,,,,,,,
7006,กุ้งฝอย สด,Lanchester's fresh water prawn raw,88.00,77.6,15.4,2.7,0.6,0,3.7,1339,247,,,,28,,,,53,0,4,0.07,0.72,2.9,,,,,,,,,,,,,,,,,,,,,,,,,,,,,,,,,,
7007,กุ้งส้ม กุ้งหมัก,Shrimp fermented,58.00,79.1,7.2,0.6,6,0,7.1,446,95,,,,5.3,,,,0,0,0,0.09,0.59,1.4,,,,,,,,,,,,,,,,,,,,,,,,,,,,,,,,,,
7008,กุ้งตัวเล็ก แห้ง,Shrimp dried,263.00,16.1,46.4,2.9,12.8,0,21.8,2305,625,,,,20,,,,,,,0.05,0.2,5.7,,,,,,,,,,,,,,,,,,,,,,,,,,,,,,,,,,
7009,ไตปลากระบอก,Bluespot gray mullet viscera fermented,90.00,65.3,9.7,4.4,2.8,0,17.8,,317,,,,tr,,,,14338,122,1195,0.01,0.5,1.6,,,,,,,,,,,,,,,,,,,,,,,,,,,,,,,,,,
7010,น้ำปู/น้ำปู๋,Crab paste,210.00,42.7,26,9.1,6.1,0,16.1,2167,436,,,,39,,,,3576,20,298,0.07,4.91,6.7,13,,,,,,,,,,,,,,,,,,,,,,,,,,,,,,,,,
7011,ปลากา เนื้อ สด,Sharkminnow raw,98.00,77.5,18.48,2.48,0.35,0,1.2,,210,,,,,,,49,,,,0,0.11,1.67,,,,,,,,,,,,,,,,,,,,,,,,,,,,,,,,,,
7012,ปลากดทะเล แห้ง,Catfish sea dried,219.00,34,48,2.8,0.4,0,14.8,770,943,,,,8,,,67,0,0,0,tr,0.02,0.6,,,,,,,,,,,,,,,,,,,,,,,,,,,,,,,,,,
7013,ปลากระบอก สด,Bluespot gray mullet raw,98.00,76.5,20.5,1.6,0.3,0,1.1,108,194,,,,0.8,,,28,0,20,0,0.04,0.25,4.1,,,,,,,,,,,,,,,,,,,,,,,,,,,,,,,,,,
7014,ปลากราย สด,Spotted featherback fish raw,84.00,79.9,17.5,1.6,0,0,1,45,172,,,,1.2,,,,,,,0.04,0.07,8.5,,,,,,,,,,,,,,,,,,,,,,,,,,,,,,,,,,
7015,ปลากะพงขาว สด,Giant seaperch raw,100.00,76.5,21.34,1.64,0,0,1.09,10,160,27,,1087,0.7,0.2,0.33,,,,,,,,,,,,,,,,,,,,,,,,,,,,,,,,,,,,,,,,,
7016,ปลาเก้า สด,Grouper raw,29.00,79.8,20.03,0.32,1.13,0,1.02,2,142,26,,616,0.49,0.07,0.25,,,,,,,,,,,,,,,,,,,,,,,,,,,,,,,,,,,,,,,,,
7017,ปลาแขยง เนื้อหนัง สด,Catfish raw,116.00,75.5,15.89,5.77,0.01,0,2.84,,,,,,,,,19,,,9,0,0.08,1.18,,0.96,,,,,,,,,,,,,,,,,,,,,,,,,,,,,,,,
7018,ปลาชวา สด,Siamese mud carp raw,91.00,78.4,18.08,2.01,0.08,0,1.44,25,,,48,324,,tr,tr,11,,,20,0,0.1,1.46,,0.75,,,,,,,,,,,,,,,,,,,,,,,,,,,,,,,,
7019,ปลาข้าวสาร เค็ม,Anchovy salted,165.00,51.8,32.56,3.82,0,0,12.76,,666,,,,,,,73,,,,0.01,0.06,3.29,,,,,,,,,,,,,,,,,,,,,,,,,,,,,,,,,,
7020,ปลาคัง สด,Asian redtail catfish raw,80.00,80.2,17.92,0.95,0,0,1.04,5,,26,73,320,7.54,tr,tr,10,,,7,0.01,0.06,2.51,,0.66,,,,,,,,,,,,,,,,,,,,,,,,,,,,,,,,
7021,ปลาชิว ปลาเจ่า,Fish fermented (pla-chaw),117.00,66.9,12.2,5.6,4.5,0,10.8,326,171,,,,7,,,,,,,0.01,0.84,3.4,,,,,,,,,,,,,,,,,,,,,,,,,,,,,,,,,,
7022,ปลาโจก สด,Soldier river barb raw,170.00,70.4,18.12,10.83,0,0,1.05,,,,,,,,,16,,,124,0,0.15,3.71,,0.65,,,,,,,,,,,,,,,,,,,,,,,,,,,,,,,,
7023,ปลาจาระเม็ดน้ำจืด/ปลาคู้ สด,Bellied pacu raw,180.00,70.8,17.29,12.29,0,0,1.22,16,213,26,62,326,8.34,tr,tr,8,,,,0,0.15,2.27,,0.34,,,,,,,,,,,,,,,,,,,,,,,,,,,,,,,,
7024,ปลาช่อน สด,Striped snake-head fish raw,122.00,73.1,20.5,3.8,1.4,0,1.2,31,218,,,,5.8,,,,0,0,0,0.09,0.12,1.1,,,,,,,,,,,,,,,,,,,,,,,,,,,,,,,,,,
7025,ปลาช่อนทะเล แห้ง,Cobia dried,185.00,38.6,41.8,2,0,0,17.7,508,858,,,,4.3,,,,,,,0.02,0.04,17.4,,,,,,,,,,,,,,,,,,,,,,,,,,,,,,,,,,
7026,ปลาซาบะ สด,Saba raw,218.00,64.4,18.03,16.2,0.03,0,1.38,10,182,19,293,433,1.31,tr,0.52,130,,34,34,0.09,0.29,7.71,,0.61,,,,,,,,,,,,,,,,,,,,,,,,,,,,,,,,
7027,ปลาดุก สด,Fresh-water catfish raw,114.00,74.8,23,2.4,0,0,1.4,13,282,,,,8.1,,,,,,,0.2,0.24,1.3,,,,,,,,,,,,,,,,,,,,,,,,,,,,,,,,,,
7028,ปลาแดง สด,Orante threadfin bream raw,120.00,72.7,20.4,3.1,2.5,0,1.3,,287,,,,1.4,,,,47,,,,,,,,,,,,,,,,,,,,,,,,,,,,,,,,,,,,,,,
7029,ปลาดอกหมาก ชุดเนื้อ สด,Whipfin silver-biddy raw,90.00,78,20.26,1,0,0,1.66,,267,,,,,,,,23,,,0.05,0.1,2.18,,0.28,,,,,,,,,,,,,,,,,,,,,,,,,,,,,,,,
7030,ปลาตะโกก สด,Soldier river barb raw,92.00,78.2,18.7,1.89,0.11,0,1.06,,,,,,,,,,21,,103,0,0.07,3.28,,0.19,,,,,,,,,,,,,,,,,,,,,,,,,,,,,,,,
7031,ปลาตะเพียน สด,Common silver barb raw,111.00,74.7,20.4,3.2,0.1,0,1.6,117,236,,,,5.6,,,,,,,0.03,0.01,2.7,,,,,,,,,,,,,,,,,,,,,,,,,,,,,,,,,,
7032,ปลาตาเดียว/ปลาซีกเดียว สด,Indian Hilabut raw,89.00,77,20.6,0.6,0.4,0,1.4,,,,,,,,,30,,,,,,,,,,,,,,,,,,,,,,,,,,,,,,,,,,,,,,,,
7033,ปลาตาไต สด,Purple spotted bigeye raw,117.00,76.7,21.3,3.5,0,0,1.1,,,,,,,,,,,,,,,,,,,,,,,,,,,,,,,,,,,,,,,,,,,,,,,,,
7034,ปลาทู นึ่ง,Short-body mackerel steamed,136.00,67,24.9,4,0,0,4.4,163,640,,,,3,,,50,0,0,0,0.09,0.1,6.1,,,,,,,,,,,,,,,,,,,,,,,,,,,,,,,,,,
7035,ปลาทู สด,Short-body mackerel raw,140.00,72,20,6.7,0,0,1.5,170,,,,,,,,33,,9,9,0.03,0.62,9.2,9,,,,,,,,,,,,,,,,,,,,,,,,,,,,,,,,,
7036,ปลาทูน่า สด,Tuna raw,110.00,72.5,24.8,1.2,0,0,1.5,,,,,,,,,,,,,0.11,0.12,2.5,0,,,,,,,,,,,,,,,,,,,,,,,,,,,,,,,,,
7037,ปลาทูน่า ในน้ำมัน,Tuna in oil,218.00,60.4,23.5,13.5,0.5,0,2.1,,,,,,,,,,,,,0.22,,10.1,,,,,,,,,,,,,,,,,,,,,,,,,,,,,,,,,,
7038,ปลาทูน่า ในน้ำสลัด,Tuna in mayonnaise,86.00,79.2,13.4,2.3,2.9,0,2.2,,,,,,,,,,,,10,0.16,,6.5,,,,,,,,,,,,,,,,,,,,,,,,,,,,,,,,,,
7039,ปลาทับทิม สด,Nile tilapia raw,113.00,74.4,20.96,2.93,0.65,0,1.08,,,,,,,,,8,,,2,0.12,0.05,2.95,,1.34,,,,,,,,,,,,,,,,,,,,,,,,,,,,,,,,
7040,ปลาน้ำตอกไม้ สด,Shortjawed Barracuda raw,111,80.2,17.6,4.5,0,0,0.9,-,-,-,-,-,-,-,-,-,-,-,-,-,-,-,-,-,,,,,,,,,,,,,,,,,,,,,,,,,,,,,,,,
7041,ปลานิล สด,Nile tilapia raw,93,79.9,18.23,2.25,0,0,1.07,-,-,-,-,-,-,-,-,18,-,-,2,0.02,0.09,2.05,-,0.86,,,,,,,,,,,,,,,,,,,,,,,,,,,,,,,,
7042,ปลาเนื้ออ่อน สด,Whisker sheatfish raw,80,80.6,17.3,1.1,0.1,0,0.9,49,152,-,-,-,1,-,-,-,-,-,-,0.01,0.04,1.4,-,-,,,,,,,,,,,,,,,,,,,,,,,,,,,,,,,,
7043,ปลาบึก สด,Mekong giant catfish raw,71,82,16.2,0.5,0.3,0,1,-,-,-,-,-,-,-,-,-,10,0,1,0.03,0.07,1.9,-,-,,,,,,,,,,,,,,,,,,,,,,,,,,,,,,,,
7044,ปลาปีกไก่ สด,Blue sheatfhish raw,142,73.1,16.27,8.46,0.08,0,2.1,-,-,-,-,-,-,-,16,-,-,,0,0,0.79,1.21,-,,,,,,,,,,,,,,,,,,,,,,,,,,,,,,,,,
7045,ปลาแป้งแดง ปลาหมัก,Fish fermented,114,70.7,4.9,2.4,18.1,0,3.9,813,155,-,-,-,2.5,-,-,-,0,0,0,0.11,0.95,0.7,-,-,,,,,,,,,,,,,,,,,,,,,,,,,,,,,,,,
7046,ปลาแป้น สด,Common ponyfish raw,120,74.4,20.2,4.3,0.1,0,1,42,175,-,-,-,2,-,-,-,-,-,-,0.12,0.05,3,-,-,,,,,,,,,,,,,,,,,,,,,,,,,,,,,,,,
7047,ปลาแปบ สด,Abramine raw,102,77.9,17.8,3.39,0,0,1.17,-,-,-,-,-,-,-,,13,-,-,78,0.12,0.11,1.97,-,1.24,,,,,,,,,,,,,,,,,,,,,,,,,,,,,,,,
7048,ปลาม้า สด,Boeseman croaker raw,115,74.1,18.7,3.12,3.11,0,0.98,-,-,-,-,-,-,-,,12,-,-,102,0.02,0.07,2.51,-,1.07,,,,,,,,,,,,,,,,,,,,,,,,,,,,,,,,
7049,ปลายอน สด,Macronema cat fish raw,115,75.5,16.42,5.39,0.1,0,2.56,-,-,-,65,192,-,tr,1.61,12,-,-,103,0.33,0.1,1.71,-,-,,,,,,,,,,,,,,,,,,,,,,,,,,,,,,,,
7050,ปลาร้า,Fish fermented (Pla-ra),149,52.5,15.3,8,3.9,0,20.3,-,-,-,-,-,3.4,-,-,-,-,-,-,0.02,0.16,0.8,-,-,,,,,,,,,,,,,,,,,,,,,,,,,,,,,,,,
7051,ปลาร้า ผง,Fish fermented powder,274,4.8,28,13.9,9.3,0,44,2392,1312,-,-,-,15.2,-,-,-,-,-,-,0.12,0.19,1.8,-,-,,,,,,,,,,,,,,,,,,,,,,,,,,,,,,,,
7052,ปลาร้าปลาซิว ดิบ,Rasbora fish fermented raw,119,64.9,12.24,2.7,11.37,0,8.84,1308,407,201,5931,412,494.73,tr,0.71,14,-,-,62,0.01,0.12,1.34,-,0.53,,,,,,,,,,,,,,,,,,,,,,,,,,,,,,,,
7053,ปลาร้าอึ่งอ่าง,Bullfrog fermented,113,57.3,14.9,4.8,2.6,0,20.4,2164,1139,-,-,-,5.6,-,-,-,0,9,0,0.06,0.51,2.2,-,-,,,,,,,,,,,,,,,,,,,,,,,,,,,,,,,,
7054,ปลาแรด สด,Giant gourami raw,179,69.6,18.78,11.53,0,0,1.04,5,-,28,51,371,0.41,tr,0.35,6,-,-,205,0.02,0.08,3.74,-,0.9,,,,,,,,,,,,,,,,,,,,,,,,,,,,,,,,
7055,ปลาลิ้นหมา แห้ง,Tongue-sole dried,280,21.4,63.2,3,0,0,12.6,1913,1290,-,-,-,8,-,-,-,-,-,-,0.03,0.1,6.9,-,-,,,,,,,,,,,,,,,,,,,,,,,,,,,,,,,,
7056,ปลาสูบ/ปลาสูด สด,Spotted hampala barb raw,83,79.5,18.44,1.05,0,0,1.27,18,194,-,-,-,-,-,,12,-,,53,0,0.08,2.43,-,0.19,,,,,,,,,,,,,,,,,,,,,,,,,,,,,,,,
7057,ปลาส้ม ตัวเล็ก ปลาหมัก,Fish small fermented,127,64.6,16.5,5.3,3.4,0,10.2,-,509,-,-,-,3.2,-,-,-,,0,0,0.03,-,1.3,,-,,,,,,,,,,,,,,,,,,,,,,,,,,,,,,,,
7058,ปลาส้ม ตัวใหญ่ ปลาหมัก,Fish large fermented,85,69.4,19.4,0.8,5.5,0,4.9,55,157,-,-,-,1.6,-,-,-,-,43,43,0.05,-,2.5,-,-,,,,,,,,,,,,,,,,,,,,,,,,,,,,,,,,
7059,ปลาสลิด สด,Snake skin gourami raw,76,80.9,17.2,0.8,0,0,1.1,70,177,-,-,-,2.3,-,-,-,-,-,-,-,0.19,2,-,-,,,,,,,,,,,,,,,,,,,,,,,,,,,,,,,,
7060,ปลาสลาด ย่าง,Grey feather back roasted,395,10.8,57.9,17.4,1.7,0,12.2,-,-,-,-,-,-,-,-,-,-,-,-,-,-,-,-,-,,,,,,,,,,,,,,,,,,,,,,,,,,,,,,,,
7061,ปลาเส้น,Fish minced strip,65,81,12.31,0.16,3.67,0,2.9,-,-,-,-,-,-,-,,10,-,-,0,0.1,0.04,-,-,0.35,,,,,,,,,,,,,,,,,,,,,,,,,,,,,,,,
7062,ปลาสวาย สด,Striped catfish raw,256,62.1,15.5,21.5,0.1,0,0.8,30,132,-,-,-,2.5,-,-,-,0,0,-,0.03,0.08,0.8,-,-,,,,,,,,,,,,,,,,,,,,,,,,,,,,,,,,
7063,ปลาสีเสียด แห้ง,Yellow queenfish dried,176,43.7,37.8,2.8,0,0,16,253,407,-,-,-,9,-,-,-,0,0,0,0.13,0.14,11.5,-,-,,,,,,,,,,,,,,,,,,,,,,,,,,,,,,,,
7064,ปลาสำลี สด,Black-banded travally raw,164,72.4,18.2,10.1,0,0,1,-,-,-,-,-,-,-,,54,-,-,-,-,0.2,5,-,-,,,,,,,,,,,,,,,,,,,,,,,,,,,,,,,,
7065,ปลาไส้ตัน สด,Anchovy raw,75,80.5,18,0.3,0.1,0,1.1,218,211,-,-,-,1.7,-,-,11,0,20,0,0.02,0.04,0.6,-,-,,,,,,,,,,,,,,,,,,,,,,,,,,,,,,,,
7066,ปลาแมวนวดพราหมณ์ แห้ง,Hairfin anchovy dried,153,34.7,33,2.2,0.4,0,29.7,-,-,-,-,-,-,-,-,-,-,-,-,-,-,-,-,-,,,,,,,,,,,,,,,,,,,,,,,,,,,,,,,,
7067,ปลาริวกิว หวาน,Giant catfish sweetened,299,22.2,29.8,1.56,41.35,0,5.14,20,217,51,1459,374,0.86,0.29,0.73,29,-,0,0,0.07,0.04,4.21,-,0.25,,,,,,,,,,,,,,,,,,,,,,,,,,,,,,,,
7068,ปลาหมอ สด,Common climbing perch raw,133,74.7,17.2,7.1,0.1,0,0.9,64,161,-,-,-,2.5,-,-,6,-,1,1,0.03,0.18,2.6,-,-,,,,,,,,,,,,,,,,,,,,,,,,,,,,,,,,
7069,ปลาหมึกล้วย สด,Splendid squid raw,68,83,15.2,0.7,0.2,0,0.9,5,128,-,-,-,2.9,-,-,17,-,-,-,0.02,0.03,2,-,-,,,,,,,,,,,,,,,,,,,,,,,,,,,,,,,,
7070,ปลาหมึกกระเป๋า สด,Spincless cuttlefish raw,62,84.2,13.69,0.64,0.41,0,1.02,-,104,-,-,-,-,-,,19,-,-,8,0.01,0.08,0.96,-,1.29,,,,,,,,,,,,,,,,,,,,,,,,,,,,,,,,
7071,ปลาหลดจุด สด,Spotfinned spiny eel raw,101,76.1,18.96,2.78,0,0,2.68,363,-,28,62,327,3.13,tr,1.08,17,-,-,17,0.07,0.26,3.37,-,0.3,,,,,,,,,,,,,,,,,,,,,,,,,,,,,,,,
7072,ปลาหัวแข็ง แห้ง,Jullien's mud carp dried,208,30.5,47.4,2,0,0,20.2,-,-,-,-,-,-,-,-,-,-,-,-,-,-,-,-,-,,,,,,,,,,,,,,,,,,,,,,,,,,,,,,,,
7073,ปลาหางแข็ง แห้ง,Torpedo scad dried,168,46.9,38.4,1.6,0,0,13.7,134,261,-,-,-,6,-,-,-,0,0,0,0.09,0.23,15.5,-,-,,,,,,,,,,,,,,,,,,,,,,,,,,,,,,,,
7074,ปลาไหล สด,Swamp eel raw,87,78.7,18.9,1.2,0.1,0,1.1,50,158,-,-,-,2.2,-,-,-,-,-,-,0.13,0.05,2.5,-,-,,,,,,,,,,,,,,,,,,,,,,,,,,,,,,,,
7075,ปลาอังเกย สด,Snapper raw,86,78.5,19.28,1.02,0,0,1.34,-,204,-,-,-,-,-,,12,-,-,-,0.02,0.05,1.45,-,,,,,,,,,,,,,,,,,,,,,,,,,,,,,,,,,
7076,ปลาอีสร้อย สด,Jullien's mud carp raw,101,76.6,7.81,2.46,11.9,0,1.28,-,210,-,-,-,-,-,,56,-,-,-,0.01,0.05,3.82,-,,,,,,,,,,,,,,,,,,,,,,,,,,,,,,,,,
7077,ปลาออดแอด สด,Lined silver grunt raw,98,77.7,19.04,2.4,0,0,1.4,-,210,-,-,-,-,-,,31,-,-,-,0.01,0.08,2.43,-,,,,,,,,,,,,,,,,,,,,,,,,,,,,,,,,,
7078,ปลาโอ สด,Longtail-Tuna raw,109,73,24.49,1.12,0.23,0,1.14,13,186,26,-,876,1.79,0.2,0.65,-,-,-,-,-,-,-,-,-,,,,,,,,,,,,,,,,,,,,,,,,,,,,,,,,
7079,ปูทะเล/ปูดำ นิ่ม สด,Serrated mud crab young raw,55,85.9,9.46,1.38,1.29,0,1.97,198,202,60,350,192,0.45,-,1.02,34,-,-,-,0.01,0.41,-,0,-,,,,,,,,,,,,,,,,,,,,,,,,,,,,,,,,
7080,ปูทะเล/ปูดำ สด,Serrated mud crab raw,97,77.4,15.7,3,1.82,0,2.2,200,239,53,414,253,2.3,-,2.3,40,-,-,-,0,0.3,4.6,0,-,,,,,,,,,,,,,,,,,,,,,,,,,,,,,,,,
7081,ปูนา ตัวเล็ก สด,Ricefield crabs small raw,67,81.8,9.14,3.05,0.86,0,5.2,-,-,-,-,-,-,-,,117,-,-,47,0,1.38,2.28,-,0,,,,,,,,,,,,,,,,,,,,,,,,,,,,,,,,
7082,ปูม้า สด,Blue swimming crab raw,79,80,16.2,1.4,0.26,0,2.1,173,211,61,335,261,1.1,-,1.1,79,-,-,-,0,0.3,2.8,1,-,,,,,,,,,,,,,,,,,,,,,,,,,,,,,,,,
7083,ปูม้า นิ่ม สด,Blue swimming crab young raw,55,83.6,10.5,1.1,0.77,0,4.1,503,202,84,606,259,0.3,-,1.9,21,15,17,18,0,0.2,-,0,-,,,,,,,,,,,,,,,,,,,,,,,,,,,,,,,,
7084,ปูอัด,Crab flavoured stick,112,70.8,9.47,1.01,16.28,0,2.49,-,-,-,-,-,-,-,9,-,-,0,-,0.11,0.23,0.36,-,0.56,,,,,,,,,,,,,,,,,,,,,,,,,,,,,,,,
7085,ลูกชิ้นปลา,Fish ball,82,75.7,15.9,0.4,3.89, ,4.2,102,161,-,-,-,2,-,-,11,-,0,0,0,0,0.6,-,0,,,,,,,,,,,,,,,,,,,,,,,,,,,,,,,,
7086,ลูกชิ้นปลา ทอด,Fish ball deep fried,277,45.9,21.7,14.4,15.2,0,2.8,64,787,-,-,-,0.6,-,-,-,-,-,-,0.03,0.12,-,-,-,,,,,,,,,,,,,,,,,,,,,,,,,,,,,,,,
7087,ลูกชิ้นกุ้ง ทอด,Shrimp ball deep fried,198,59.5,17.6,9.6,10.34, ,3,89,805,-,-,-,0.6,-,-,34,-,-,0,0,0.1,1.7,-,1.7,,,,,,,,,,,,,,,,,,,,,,,,,,,,,,,,
7088,ส้มฟัก,Fermented fish,96,74.4,18,1.4,2.9,0,3.3,14,110,-,-,-,tr,-,-,-,0,0,0,0.05,0.06,4.6,1,-,,,,,,,,,,,,,,,,,,,,,,,,,,,,,,,,
7089,สมันปลา,Fish shreded sounthern style,386,16.8,34.5,16.1,25.8,0,6.8,103,313,-,-,-,4.4,-,-,-,0,0,0,0.18,0.22,3.6,3,-,,,,,,,,,,,,,,,,,,,,,,,,,,,,,,,,
7090,หอยกะพง สด,Horse mussel raw,42,90.3,7.2,1.4,0.1,0,1,79,136,-,-,-,9.8,-,-,-,-,-,-,0.02,0.07,2.2,-,-,,,,,,,,,,,,,,,,,,,,,,,,,,,,,,,,
7091,หอยขม สด,Pond snail river snail raw,74,79.3,12.1,0.7,4.9,0,3,1,114,-,-,-,25.2,-,-,-,432,0,36,0.01,0.4,0.6,-,-,,,,,,,,,,,,,,,,,,,,,,,,,,,,,,,,
7092,หอยโข่ง สด,Apple snail raw,85,76.9,11.5,0.2,9.2,0,2.2,750,107,-,-,-,-,-,-,-,450,-,38,0.06,0.4,2.9,-,-,,,,,,,,,,,,,,,,,,,,,,,,,,,,,,,,
7093,หอยโข่งทะเล/หอยเป๋าฮื้อ สด,Abalone raw,72,81.4,15.35,0.82,0.77,0,1.66,-,77,-,-,-,-,-,,29,-,-,-,0,0.08,1.32,-,-,,,,,,,,,,,,,,,,,,,,,,,,,,,,,,,,
7094,หอยแครง สด,Blood cockle raw,81,79.8,12.9,1.3,4.3,0,1.7,134,128,-,-,-,6.4,-,-,-,74,0,6,0.12,0.28,1.7,-,-,,,,,,,,,,,,,,,,,,,,,,,,,,,,,,,,
7095,หอยจุน สด,,86,77.7,14.5,0.9,4.9,0,2,1280,42,-,-,-,-,-,-,-,0,-,-,0.05,0.37,2.2,-,-,,,,,,,,,,,,,,,,,,,,,,,,,,,,,,,,
7096,หอยทราย สด,River snail raw,70,79.8,13.3,0.4,3.3,0,3.2,1130,111,-,-,-,-,-,-,-,-,-,-,0.07,0.2,-,-,-,,,,,,,,,,,,,,,,,,,,,,,,,,,,,,,,
7097,หอยปากเป็ด สด,Lamp shell raw,66,84.2,11.16,1.52,1.93,0,1.21,3,92,-,-,-,-,-,-,265,-,-,21,0.01,0.18,0.86,-,-,,,,,,,,,,,,,,,,,,,,,,,,,,,,,,,,
7098,หอยแมลงภู่ สด,Green mussel raw,53,85.5,8.1,0.9,3.1,0,2.4,26,184,-,-,-,15.6,-,-,-,-,-,-,0.02,0.18,1.9,-,-,,,,,,,,,,,,,,,,,,,,,,,,,,,,,,,,
7099,หอยหวาน สด,Spotted babylon raw,84,83.4,12.14,3.89,0.06,0,0.52,-,-,-,-,-,-,-,,33,-,-,-,0,0.25,0.32,-,-,,,,,,,,,,,,,,,,,,,,,,,,,,,,,,,,
7100,หูฉลาม แห้ง,Shark fin dried,351,12.5,86.7,0.5,0,0,0.7,295,61,-,-,-,1.1,-,-,-,0,0,0,0.09,0.71,0.1,-,-,,,,,,,,,,,,,,,,,,,,,,,,,,,,,,,,
8001,ไข่ไก่ ไข่ขาว,Egg hen white,48,87.2,11.49,0.07,0.4,0,0.85,5,11,12,217,189,-,tr,tr,3,-,4,4,0.01,0.39,-,-,0,,2,,,,,,,,,,,,,,,,,,,,,,,,,,,,,,
8002,ไข่ไก่ ไข่แดง,Egg hen yolk,292,55.8,15,24.42,3.19,0,1.6,104,296,12,90,123,-,0.3,2.44,28,4,428,428,0.14,0.41,-,-,-,,1150,,,,,,,,,,,,,,,,,,,,,,,,,,,,,,
8003,ไข่ไก่ ทั้งฟอง,Egg hen whole,143,75.5,12.77,9.65,1.17,0,0.96,70,169,12,165,156,1.8,0.1,1.28,49,3,182,182,0.07,0.37,0.4,0,2.13,,388,,,,,,,,,,,,,,,,,,,,,,,,,,,,,,
8004,ไข่จระเข้ ไข่ขาว,Egg crocodile white,15,95.8,2.5,0.2,0.8,0,0.7,-,-,-,-,-,-,-,-,-,-,-,-,tr,0.02,0.1,-,-,,-,,,,,,,,,,,,,,,,,,,,,,,,,,,,,,
8005,ไข่จระเข้ ไข่แดง,Egg crocodile yolk,228,62.2,17.3,17,1.5,0,2,-,-,-,-,-,-,-,-,-,-,12,12,0.06,0.53,0.1,-,-,,-,,,,,,,,,,,,,,,,,,,,,,,,,,,,,,
8006,ไข่จระเข้ ทั้งฟอง,Egg crocodile whole,128,77,11.2,8.3,2.2,0,1.3,-,-,-,-,-,-,-,-,-,-,6,6,0.04,0.35,-,-,-,,-,,,,,,,,,,,,,,,,,,,,,,,,,,,,,,
8007,ไข่จาตะเม็ด/ไข่เต่าทะเล,Egg green turtle whole,135,76.4,12.1,9.1,1.27,0,1.13,91,183,-,-,-,1.43,-,-,-,-,327,327,0.06,0.53,0.1,0,-,,202,,,,,,,,,,,,,,,,,,,,,,,,,,,,,,
8008,ไข่นกกะทา,Egg quail whole,171,71.2,13.3,12,2.4,0,1.1,153,167,-,-,-,3.5,-,-,-,0,143,143,0.06,0.71,1,-,-,,-,,,,,,,,,,,,,,,,,,,,,,,,,,,,,,
8009,ไข่ปลากระบอก เค็ม,Roe bluespot gray mullet salted,441,22.6,40.85,30.4,1.05,0,5.1,38,472,-,-,-,3.65,-,-,-,-,144,144,0.49,0.89,2.6,0,-,,-,,,,,,,,,,,,,,,,,,,,,,,,,,,,,,
8010,ไข่เป็ด ไข่ขาว,Egg duck white,49,87.1,10.83,tr,1.29,0,0.79,6,16,13,206,190,-,0.1,tr,6,0,3,3,0.01,0.04,-,-,0,,2,,,,,,,,,,,,,,,,,,,,,,,,,,,,,,
8011,ไข่เป็ด ไข่แดง,Egg duck yolk,319,52.2,14.78,26.97,4.4,0,1.65,109,382,11,68,108,-,0.18,2.17,69,33,434,436,0.51,0.88,-,-,3.38,,1281,,,,,,,,,,,,,,,,,,,,,,,,,,,,,,
8012,ไข่เป็ด ทั้งฟอง,Egg duck whole,178,71,13.03,13.35,1.54,0,1.09,98,209,13,133,161,1.74,0.11,1.38,52,18,268,269,0.26,0.49,0.3,-,1.43,,570,,,,,,,,,,,,,,,,,,,,,,,,,,,,,,
8013,ไข่เปรี้ยว ไข่ไก่ ไข่ขาว,Sour egg hen white,39,88,7.02,0.08,2.51,0,2.36,714,11,-,38,-,tr,tr,0.36,3,-,0,0,tr,0.33,0.24,-,0,-,,,,,,,,,,,,,,,,,,,,,,,,,,,,,,,
8014,ไข่เปรี้ยว ไข่ไก่ ไข่แดง,Sour egg hen yolk,361,49.1,16.73,32.69,0,0,2.32,33,345,-,-,-,4.11,tr,3.25,112,-,1082,1082,0.19,0.42,0.31,-,9.9,-,,,,,,,,,,,,,,,,,,,,,,,,,,,,,,,
8015,ไข่เปรี้ยว ไข่ไก่ ทั้งฟอง,Sour egg hen whole,96,81.4,8.65,6.08,1.79,0,2.07,584,113,-,43,-,0.83,-,0.96,19,-,154,154,0.04,0.3,0.12,-,1.24,-,,,,,,,,,,,,,,,,,,,,,,,,,,,,,,,
8016,ไข่มดแดง,Egg red ant,76,83.6,8.51,2.96,3.95,0,1.01,6,92,25,52,201,2.93,0.31,1.97,15,52,8,13,0.06,0.44,0.8,7.7,-,-,,,,,,,,,,,,,,,,,,,,,,,,,,,,,,,
8017,ไข่มดแดงและตัวอ่อน,Red ant larva and egg,74,84,8.2,2.6,4.5,0,0.7,-,47,-,-,-,0.3,-,-,-,-,-,-,0.16,4.68,5.5,-,-,-,,,,,,,,,,,,,,,,,,,,,,,,,,,,,,,
8018,ไข่แมงมัน,Subterranean ants egg,129,79.5,8.1,10.1,1.4,0,0.9,13,81,-,-,-,5.3,-,-,-,54,18,23,0.04,1.06,1.7,-,-,-,,,,,,,,,,,,,,,,,,,,,,,,,,,,,,,
8019,เต้าหู้ไข่ไก่,Egg steamed soft packed in a pouch,36,91.4,4.77,1.81,0.19,0,1.87,12,-,-,383,-,0.46,-,-,-,-,-,-,tr,0.1,-,-,-,-,,,,,,,,,,,,,,,,,,,,,,,,,,,,,,,
9001,นม พาสเจอร์ไรส์ รสธรรมชาติ,Milk whole pasteurised plain,66,87.2,3.1,3.49,5.55,0,0.7,100,89,-,45,-,0.07,-,-,9,18,68,69.5,0.03,0.21,0.4,tr,0.22,,10,,,,,,,,,,,,,,,,,,,,,,,,,,,,,,
9002,นม พาสเจอร์ไรส์ รสหวาน,Milk whole pasteurised sweetened,79,83.6,3,3.2,9.5,0,0.7,102,82,-,-,-,0.1,-,-,9,13,60,61,0.05,0.25,0.4,tr,0.16,,9,,,,,,,,,,,,,,,,,,,,,,,,,,,,,,
9003,นม ยูเอชที รสธรรมชาติ,Milk whole UHT plain,65,88,3.3,3.9,4.1,0,0.7,122,90,-,-,-,0.1,-,-,7,13,36,37,0.04,0.21,0.3,tr,0.16,,11,,,,,,,,,,,,,,,,,,,,,,,,,,,,,,
9004,นม ยูเอชที รสหวาน,Milk whole UHT sweetened,69,86.7,3.3,3.8,5.5,0,0.7,101,88,-,-,-,0.1,-,-,6,13,36,37,0.03,0.2,0.4,tr,0.14,,10,,,,,,,,,,,,,,,,,,,,,,,,,,,,,,
9005,นม สเตอริไลส์ รสธรรมชาติ,Milk whole sterilized plain,56,89.5,3.3,3.4,3,0,0.8,114,92,-,-,-,0.3,-,-,7,5,36,36,0.04,0.21,0.4,tr,0.15,,9,,,,,,,,,,,,,,,,,,,,,,,,,,,,,,
9006,นมข้นคืนรูป ไม่หวาน สูตรน้ำมันปาล์ม,Unsweetened recombined with palm oil condensed milk,114,78,6.8,6.5,7,0,1.7,244,211,-,-,-,0.3,-,-,11,42,7,14,0.05,0.5,-,tr,0.85,,6,,,,,,,,,,,,,,,,,,,,,,,,,,,,,,
9007,นมข้นคืนรูป ไม่หวาน สูตรมันเนย,Unsweetened recombined with butter fat condensed milk,105,81.2,6.3,7.2,3.7,0,1.6,-,-,-,-,-,-,-,15,42,371,375,0.06,0.5,,1.2,tr,0.34,,19,,,,,,,,,,,,,,,,,,,,,,,,,,,,,,
9008,นมข้นคืนรูป หวาน,Sweetened recombined with palm oil and butter fat,331,24.8,7.4,7.3,58.8,0,1.7,232,201,-,-,-,0.3,-,-,20,36,358,361,0.55,0.5,-,tr,0.9,,9,,,,,,,,,,,,,,,,,,,,,,,,,,,,,,
9009,นมข้นคืนรูป หวาน สูตรน้ำมันปาล์ม,Sweetened recombined with palm oil condensed milk,324,25.4,7,6.4,59.6,0,1.6,226,195,-,-,-,0.2,-,-,32,39,293,296,0.47,0.5,-,tr,0.93,,6,,,,,,,,,,,,,,,,,,,,,,,,,,,,,,
9010,นมข้นคืนรูป หวาน สูตรมันเนย,Sweetened recombined with butter fat condensed milk,337,24.3,7.7,8.2,58,0,1.8,-,191,-,-,-,0.3,-,-,20,23,396,398,0.49,0.46,0.7,tr,0.36,,25,,,,,,,,,,,,,,,,,,,,,,,,,,,,,,
9011,นมคน,Milk human,64,87.7,1.24,3.13,7.74,0,0.19,27,12,3,17,51,tr,tr,0.22,-,-,44,44,0.01,0.04,0.33,0,0.17,,9,,,,,,,,,,,,,,,,,,,,,,,,,,,,,,
9012,นมเปรี้ยวพร้อมดื่ม ไขมันต่ำ ยูเอชที รสธรรมชาติ,Drinking yoghurt low fat UHT plain,54,86.3,1.7,0.1,11.5,0,0.4,58,43,-,-,-,0.2,-,-,6,0,1,1,0.02,0.14,0.2,tr,0,,1,,,,,,,,,,,,,,,,,,,,,,,,,,,,,,
9013,นมเปรี้ยวพร้อมดื่ม ไขมันต่ำ ยูเอชที รสผลไม้รวม,Drinking yoghurt low fat UHT fruits flavour,53,86.5,1.7,0.1,11.3,0,0.4,57,47,-,-,-,0.2,-,-,6,0,1,1,0.02,0.11,0.2,tr,0,,1,,,,,,,,,,,,,,,,,,,,,,,,,,,,,,
9014,นมเปรี้ยวพร้อมดื่ม พาสเจอร์ไรส์ รสธรรมชาติ,Drinking Yoghurt pasteurised plain,63,84.7,1.5,0.6,12.85,0,0.4,46,42,-,-,-,0.1,-,-,7,tr,20,20,0.02,0.1,0.3,tr,0.04,,2,,,,,,,,,,,,,,,,,,,,,,,,,,,,,,
9015,นมเปรี้ยวพร้อมดื่ม พาสเจอร์ไรส์ สูตรนมสด รสผลไม้รวม,Drinking yoghurt pasteurised fruits flavour,72,83.6,1.5,1.6,13,0,0.3,60,40,-,-,-,0.2,-,-,12,tr,29,29,0.03,0.09,0.3,tr,0.04,,4,,,,,,,,,,,,,,,,,,,,,,,,,,,,,,
9016,นมเปรี้ยวพร้อมดื่ม พาสเจอร์ไรส์ สูตรโยเกิร์ต 35% รสผลไม้รวม,Drinking yoghurt pasteurised fruits flavour,67,84.2,1.6,0.9,13,0,0.3,-,-,-,-,-,-,-,,5,tr,20,20,0.04,0.05,0.4,tr,0.3,,3,,,,,,,,,,,,,,,,,,,,,,,,,,,,,,
9017,นมเปรี้ยวพร้อมดื่ม พาสเจอร์ไรส์ สูตรโยเกิร์ต 76.5% รสผลไม้รวม,Drinking yoghurt pasteurised fruits flavour,71,83.6,1.8,1.3,13,0,0.3,-,-,-,-,-,-,-,,8,tr,14,14,0.04,0.11,0.3,tr,0,,3,,,,,,,,,,,,,,,,,,,,,,,,,,,,,,
9018,นมเปรี้ยวพร้อมดื่ม ยูเอชที สูตรนมสด 50% รสผลไม้รวม,Drinking yoghurt UHT 50% milk fruits flavour,70,83.6,1.3,1.2,13.6,0,0.3,34,34,-,-,-,0.4,-,-,9,5,16,16,0.01,0.07,0.1,tr,0.04,,3,,,,,,,,,,,,,,,,,,,,,,,,,,,,,,
9019,นมเปรี้ยวพร้อมดื่ม ยูเอชที สูตรนมสด 85% รสผลไม้รวม,Drinking yoghurt UHT 85% milk fruits flavour,64,85,1.3,1.1,12.3,0,0.3,35,36,-,-,-,0.3,-,-,6,6,16,17,0.02,0.08,0.1,tr,0.04,,4,,,,,,,,,,,,,,,,,,,,,,,,,,,,,,
9020,นมเปรี้ยวพร้อมดื่ม ยูเอชที สูตรนมสดผสมนมผง รสผลไม้รวม,Drinking yoghurt UHT fruits flavour,62,85.2,1.7,1,11.6,0,0.5,50,73,-,-,-,0.2,-,-,7,5,16,16,0.02,0.09,0.3,1,0.03,,3,,,,,,,,,,,,,,,,,,,,,,,,,,,,,,
9021,นมผง,Milk powder full cream,499,3,26.1,26.8,38.41,0,5.7,864,722,-,-,-,1.1,-,-,57,174,842,857,0.29,1.92,-,-,1.91,,93,,,,,,,,,,,,,,,,,,,,,,,,,,,,,,
9022,นมผง ขาดมันเนย,Milk powder non fat,358,3.3,38.1,0.5,50.33,0,7.8,1185,923,-,-,-,0.8,-,-,65,0,0,0,0.25,3.42,1.2,-,0,,25,,,,,,,,,,,,,,,,,,,,,,,,,,,,,,
9023,นมชนิดเม็ด,Milk pressed,477,2,13.2,20.4,60.1,0,4.3,481,454,-,-,-,-,-,-,77,143,149,0.21,1.07,0.8,4,-,-,,,,,,,,,,,,,,,,,,,,,,,,,,,,,,,,
9024,นมพร่องมันเนย พาสเจอร์ไรส์ รสธรรมชาติ,Milk low fat pasteurised plain,44,90.1,3.4,1.6,4.1,0,0.8,132,92,-,-,-,0.2,-,-,5,4,36,36,0.05,0.33,0.4,tr,0.06,,6,,,,,,,,,,,,,,,,,,,,,,,,,,,,,,
9025,นมพร่องมันเนย ยูเอชที รสธรรมชาติ,Milk low fat UHT plain,42,90.7,3.7,1.6,3.2,0,0.8,146,99,-,-,-,0.2,-,-,10,0,15,15,0.05,0.27,0.2,tr,0.06,,5,,,,,,,,,,,,,,,,,,,,,,,,,,,,,,
9026,นมพร่องมันเนย ยูเอชที สูตรนมสดผสมนมผงพร่องมันเนย (อัตราส่วน 22:78) รสธรรมชาติ,Milk low fat UHT milk mixed with low fat milk powder 22:78 plain,41,90.1,4.2,0.9,4,0,0.8,-,-,-,-,-,-,-,,8,0,7,7,0.04,0.25,0.2,tr,0.02,,4,,,,,,,,,,,,,,,,,,,,,,,,,,,,,,
9027,นมพร่องมันเนย ยูเอชที สูตรนมสดผสมนมผงพร่องมันเนย (อัตราส่วน 46:6) รสธรรมชาติ,Milk low fat UHT milk mixed with low fat milk powder 46:6 plain,46,89.7,3.8,1.6,4,0,0.9,112,99,-,-,-,0.3,-,-,8,4,15,15,0.04,0.3,0.2,tr,0.06,,5,,,,,,,,,,,,,,,,,,,,,,,,,,,,,,
9028,นมแพะ ดิบ,Goat milk raw,81,85.5,3.98,5.39,4.26,0,0.84,209,-,14,85,188,tr,tr,-,12,-,39,39,0.02,0.19,0.38,1,0.38,-,-,,,,,,,,,,,,,,,,,,,,,,,,,,,,,,
9029,นมแพะ ต้ม,Goat milk boiled,88,84.2,4.22,5.53,5.24,0,0.84,183,-,15,111,219,tr,tr,-,13,-,36,36,0.02,0.2,0.33,0,0.19,-,-,,,,,,,,,,,,,,,,,,,,,,,,,,,,,,
9030,นมแพะ พลาสเจอร์ไรส์,Goat milk pasteurised,54,89.6,2.93,2.92,3.93,0,0.6,162,-,11,86,223,tr,tr,-,23,-,32,32,0.02,0.16,0.21,0,0.1,-,-,,,,,,,,,,,,,,,,,,,,,,,,,,,,,,
9031,นมวัว ดิบ,Cow milk raw,53,89.7,3.16,2.95,3.44,0,0.7,107,-,10,52,162,-,tr,0.39,8,-,21,21,0.02,0.23,-,-,0.15,-,10,,,,,,,,,,,,,,,,,,,,,,,,,,,,,,
9032,เนย ชนิดเค็ม,Butter salted,764,11.4,0.4,83.2,3.5,0,1.5,17,12,-,-,-,0.2,-,-,13,251,739,760,0.02,0.02,1.2,-,3.26,-,163,,,,,,,,,,,,,,,,,,,,,,,,,,,,,,
9033,เนยแข็ง เชดดาร์,Cheese cheddar,340,38.2,18.1,22.7,15.7,0,5.3,526,556,-,-,-,0.5,-,-,19,235,210,230,0.04,0.6,4.1,-,0.82,-,64,,,,,,,,,,,,,,,,,,,,,,,,,,,,,,
9034,โยเกิร์ต ไขมันต่ำ รสผลไม้รวม,Yoghurt cream low fat fruits flavour,92,77.2,3.3,0.8,17.9,0,0.8,-,-,-,-,-,-,-,-,12,0,17,17,0.05,0.29,-,2,0,-,3,,,,,,,,,,,,,,,,,,,,,,,,,,,,,,
9035,โยเกิร์ต รสธรรมชาติ,Yoghurt cream plain,107,77.4,3.8,4,13.9,0,0.9,129,113,-,-,-,0.2,-,-,20,13,82,83,0.05,0.39,0.3,tr,0.13,-,12,,,,,,,,,,,,,,,,,,,,,,,,,,,,,,
9036,โยเกิร์ต สูตรนมสดผสมนมพร่องมันเนย,Yoghurt cream milk mixed with low fat milk,90,80.6,5,3.2,10.4,0,0.8,-,-,-,-,-,-,-,-,16,14,28,29,0.04,0.42,0.4,tr,0.09,-,11,,,,,,,,,,,,,,,,,,,,,,,,,,,,,,
9037,โยเกิร์ต สูตรนมสดผสมนมพร่องมันเนย 73:4 รสผลไม้รวม,Yoghurt cream milk mixed with low fat milk fruits flavour,122,71.1,3.8,2,22.3,0,0.8,-,-,-,-,-,-,-,-,27,12,39,40,0.04,0.33,0.4,1,0.09,-,8,,,,,,,,,,,,,,,,,,,,,,,,,,,,,,
9038,โยเกิร์ต สูตรนมสดผสมนมพร่องมันเนย 73:3 รสผลไม้รวม,Yoghurt cream milkmixed with low fat milk fruits flavour,126,71.8,3.5,3.2,20.7,0,0.8,106,90,-,-,-,0.3,-,-,27,20,73,75,0.04,0.3,0.3,1,0.11,-,10,,,,,,,,,,,,,,,,,,,,,,,,,,,,,,
10001,กระเทียม,Garlic dried bulb,108,67.4,6.96,0.31,14.6,9.4,1.33,21,126,24,14,632,1.09,0.12,1.3,-,2,-,0,0.19,0.08,4,4,0.15,-,-,,,,,,,,,,,,,,,,,,,,,,,,,,,,,,
10002,กะปิ คุณภาพดี,Shrimp paste fermented (Ka-pi) first class quality,142,40.6,27.3,2.4,2.9, ,26.85,1554,630,-,-,-,-,-,-,-,-,-,-,tr,0.36,-,0,-,-,-,,,,,,,,,,,,,,,,,,,,,,,,,,,,,,
10003,กะปิ คุณภาพรอง,Shrimp paste fermented (Ka-pi) second class quality,99,27.4,15.7,1.2,6.3,0.2,-,1559,683,-,-,-,-,-,-,-,-,-,-,0,0.15,-,0,-,-,-,,,,,,,,,,,,,,,,,,,,,,,,,,,,,,
10004,ขมิ้นขาว,Turmeric white,46,86.9,0.5,0.3,10.2,1,-,14,4,-,-,-,1.9,-,-,-,10,-,-,0.03,0.01,-,3,-,-,-,,,,,,,,,,,,,,,,,,,,,,,,,,,,,,
10005,ขมิ้นชัน,Turmeric/curcuma,68,83.8,1.7,1.4,12.1,0.7,1,9,41,-,-,-,2.3,-,-,-,114,-,19,0.02,0.03,1.3,12,-,-,-,,,,,,,,,,,,,,,,,,,,,,,,,,,,,,
10006,ข่า,Galanga,95,75.7,1,0.3,22.1,3.1,0.9,18,tr,-,-,-,2.2,-,-,-,36,-,6,0.02,0.02,1,1,-,-,-,,,,,,,,,,,,,,,,,,,,,,,,,,,,,,
10007,เครื่องแกงเผ็ด,Chilli paste,121,56.2,4.2,2.5,20.3,6.5,16.8,97,121,-,-,-,17.1,-,-,-,648,-,54,0.02,0.62,10.2,22,-,-,-,,,,,,,,,,,,,,,,,,,,,,,,,,,,,,
10008,เครื่องแกงมัสมั่น,Chilli paste matsaman,282,52.6,4.3,24.3,11.5,3.7,7.3,60,153,-,-,-,12.5,-,-,-,558,-,47,0.02,0.6,8.6,21,-,-,-,,,,,,,,,,,,,,,,,,,,,,,,,,,,,,
10009,ดอกจันทน์เทศ,Mace,388,19.6,14.2,15.4,48.1,9.7,2.7,134,142,-,-,-,-,-,-,-,2286,-,190,0.05,0.5,0.6,-,-,-,-,,,,,,,,,,,,,,,,,,,,,,,,,,,,,,
10010,ตะไคร้,Lemon grass,143,65.6,1.2,2.1,29.7,4.2,1.4,35,30,-,-,-,2.6,-,-,-,258,-,22,0.05,0.02,2.2,1,-,-,-,,,,,,,,,,,,,,,,,,,,,,,,,,,,,,
10011,น้ำบูดู เค็ม,Budu fish sauce salted,47,72.3,7.5,0.7,2.7,0,16.8,88,19,-,-,-,3.8,-,-,-,0,0,0,0,0.17,2.9,0,-,-,-,,,,,,,,,,,,,,,,,,,,,,,,,,,,,,
10012,น้ำบูดู หวาน,Budu fish sauce sweetened,203,37.4,4.9,0.2,45.5,0,12,36,12,-,-,-,2.2,-,-,-,0,0,0,-,-,6.6,0,-,-,-,,,,,,,,,,,,,,,,,,,,,,,,,,,,,,
10013,ใบกระวาน แห้ง,Bay leaves dried,372,9.8,9.5,6.3,69.3,29.6,5.1,16,23,-,-,-,12.6,-,-,-,0,-,0,0.12,0.45,2.4,0,-,-,-,,,,,,,,,,,,,,,,,,,,,,,,,,,,,,
10014,ผงกะหรี่,Curry powder,299,8.1,7.1,7,52,6.3,25.8,7254,72,-,-,-,-,-,-,-,498,-,42,1.59,0.28,1.8,0,-,-,-,,,,,,,,,,,,,,,,,,,,,,,,,,,,,,
10015,ผักชี ราก,Coriander roots,57,84,1.7,0.2,12.2,6,1.9,26,3,-,-,-,1.2,-,-,-,102,-,9,0.03,0.04,2.1,30,-,-,-,,,,,,,,,,,,,,,,,,,,,,,,,,,,,,
10016,ผักชี ลูก,Coriander seeds dried,325,13.1,13.6,0.6,66.3,29.7,6.4,512,495,-,-,-,-,-,-,-,102,-,9,0.24,0.36,3.5,0,-,-,-,,,,,,,,,,,,,,,,,,,,,,,,,,,,,,
10017,พริกชี้หนู แห้ง,Chilli pepper dried,347,20.8,15.8,9.1,50.5,22.7,3.8,32,360,-,-,-,15.8,-,-,-,25722,-,2143,0.16,0.74,11.2,0,-,-,-,,,,,,,,,,,,,,,,,,,,,,,,,,,,,,
10018,พริกไทย แห้ง,Pepper hot dried,364,19.9,14.4,11.8,50,24.3,3.9,59,361,-,-,-,17.2,-,-,-,8214,-,684,0.15,0.75,7.2,-,-,-,-,,,,,,,,,,,,,,,,,,,,,,,,,,,,,,
10019,พริกไทย ขาว,Pepper white,380,11.6,11.3,6.6,68.8,3.8,1.7,53,164,-,-,-,3.2,-,-,-,102,-,9,0.07,0.07,0.2,-,-,-,-,,,,,,,,,,,,,,,,,,,,,,,,,,,,,,
10020,พริกไทย ดำ,Pepper black,322,11.4,11.35,5.4,45.85,22.2,3.8,388,199,136,15,1212,3.4,1.01,0.68,5,900,-,75,0.13,0.51,1.23,0,1.96,-,-,,,,,,,,,,,,,,,,,,,,,,,,,,,,,,
10021,พะโล้ ผง,,371,11.3,1.9,8.3,72.2,23.9,6.3,497,572,-,-,-,-,-,-,-,180,-,15,0.9,0.14,8.7,-,-,-,-,,,,,,,,,,,,,,,,,,,,,,,,,,,,,,
10022,มะกรูด น้ำ,Leech lime juice,46,88.2,0.6,0,10.8,0,-,20,20,-,-,-,0.6,-,-,-,-,-,-,0.02,0.03,-,58,-,-,-,,,,,,,,,,,,,,,,,,,,,,,,,,,,,,
10023,มะกรูด ใบ,Leech lime leaves,171,57.1,6.8,3.1,29,8.2,4,1672,20,-,-,-,3.8,-,-,-,1818,-,151,0.2,0.35,1,20,-,-,-,,,,,,,,,,,,,,,,,,,,,,,,,,,,,,
10024,มะกรูด ผิว,Leech lime peels,118,71.3,4,1.9,21.1,3.8,1.7,138,57,-,-,-,16.7,-,-,-,18,-,2,0.06,0.14,1.2,104,-,-,-,,,,,,,,,,,,,,,,,,,,,,,,,,,,,,
10025,มัสตาด,Mustard,511,4,31,28.4,32.8,1.5,3.8,3,900,-,-,-,26.1,-,-,-,-,-,-,0.34,0.09,2.6,13,-,-,-,,,,,,,,,,,,,,,,,,,,,,,,,,,,,,
10026,ยี่หร่า/เทียนขาว เมล็ด,Cumin seeds,313,14.4,14.5,0.6,62.4,26.8,8.1,2,215,-,-,-,25.5,-,-,-,180,-,15,0.1,0.25,0.6,7,-,-,-,,,,,,,,,,,,,,,,,,,,,,,,,,,,,,
10027,สะระแหน่ ใบ,Kitchen mint leaves,52,86.3,3.7,0.6,8,1.2,1.4,40,7,-,-,-,4.8,-,-,-,-,-,-,0.13,0.29,0.7,88,-,-,-,,,,,,,,,,,,,,,,,,,,,,,,,,,,,,
10028,หอมแดง,Shallot bulbs,63,83.9,2.7,0.2,12.6,0.6,0.6,16,59,-,-,-,-,-,-,-,168,-,14,0.09,0.03,0.5,5,-,-,-,,,,,,,,,,,,,,,,,,,,,,,,,,,,,,
10029,โหระพา ใบ,Sweet basil leaves,54,85.5,3.3,1,7.9,2.5,2.3,336,tr,-,-,-,-,-,-,-,-,-,-,0.15,0.39,0.8,35,-,-,-,,,,,,,,,,,,,,,,,,,,,,,,,,,,,,
10030,อบเชย,Cinnamon,329,15.1,3.3,1,76.6,15.4,4,17,46,-,-,-,-,-,-,-,156,-,13,0.02,1.69,-,0,-,-,-,,,,,,,,,,,,,,,,,,,,,,,,,,,,,,
11001,กระเพาะปลา,Fish maw soup,83,85,7.3,5.2,1.8, ,0.7,85,63,-,-,-,2.5,-,-,-,14,164,165,0.01,0.32,1.6,0,-,-,-,,,,,,,,,,,,,,,,,,,,,,,,,,,,,,
11002,กระเพาะปลา เส้นหมี่,Fish maw soup with rice noodles (fine thread),60,84.7,3.75,0.75,9.46, ,1.37,6,17,5,584,31,-,-,-,-,-,-,-,-,-,-,-,-,-,-,,,,,,,,,,,,,,,,,,,,,,,,,,,,,,
11003,ก๋วยจั๊บน้ำข้น,Rice noodles big sheet soup with meat and tofu (Guay-jub),67,84.3,3.91,1.88,8.49, ,1.38,11,48,13,482,93,-,-,-,-,-,-,-,-,-,-,-,-,-,-,,,,,,,,,,,,,,,,,,,,,,,,,,,,,,
11004,ก๋วยเตี๋ยวแขก (ก๋วยเตี๋ยวแกง),Rice noodles with beef curry,131,75,6.6,7.4,9.4,0.3,1.6,59,63,-,-,-,0.4,-,-,-,22,0,2,0.12,0.86,1.6,-,-,-,-,,,,,,,,,,,,,,,,,,,,,,,,,,,,,,
11005,ก๋วยเตี๋ยวคั่วไก่,Rice noodles with chicken fried,198,59.7,6.94,8.36,23.77, ,1.21,17,88,12,384,102,-,-,-,-,-,-,-,-,-,-,-,-,-,-,,,,,,,,,,,,,,,,,,,,,,,,,,,,,,
11006,ก๋วยเตี๋ยวเนื้อสับ,Rice noodles topped with chopped beef and gravy,112,76.2,3.5,4.1,15.2,0.4,1,41,42,-,-,-,0.2,-,-,-,13,0,1,0.07,0.61,1.3,1,-,-,-,,,,,,,,,,,,,,,,,,,,,,,,,,,,,,
11007,ก๋วยเตี๋ยวผัดไทย ใส่ไข่,Rice noodles fried Thai style,239,53.8,7.7,12.3,24.3,0.6,1.9,150,109,-,-,-,2,-,-,-,79,0,7,0.07,0.76,1.7,1,-,-,-,,,,,,,,,,,,,,,,,,,,,,,,,,,,,,
11008,ก๋วยเตี๋ยววุ้นเส้น เย็นตาโฟ น้ำ,Mung bean noodles with fish ball swamp cabbage red sauce and soup (Yen-ta-fo),84,81.1,2.26,2.74,12.67, ,1.21,15,24,10,545,60,-,-,-,-,-,-,-,-,-,-,-,-,-,-,,,,,,,,,,,,,,,,,,,,,,,,,,,,,,
11009,ก๋วยเตี๋ยวเส้นเซี่ยงไฮ้ น้ำ,Mung bean noodles (Shanghai noodles) and soup,77,85,4.4,4.35,5.06, ,1.2,5,48,11,479,68,-,-,-,-,-,-,-,-,-,-,-,-,-,-,,,,,,,,,,,,,,,,,,,,,,,,,,,,,,
11010,ก๋วยเตี๋ยวเส้นบะหมี่ เกี้ยว หมูแดง น้ำ,Wheat noodles with roasted pork and soup,68,84.8,3.61,2.2,8.53, ,0.82,8,29,12,397,92,-,-,-,-,-,-,-,-,-,-,-,-,-,-,,,,,,,,,,,,,,,,,,,,,,,,,,,,,,
11011,ก๋วยเตี๋ยวเส้นบะหมี่ หมู แห้ง,Wheat noodles with pork without soup,190,61.3,10.89,8.47,17.54, ,1.84,11,85,25,974,133,-,-,-,-,-,-,-,-,-,-,-,-,-,-,,,,,,,,,,,,,,,,,,,,,,,,,,,,,,
11012,ก๋วยเตี๋ยวเส้นเล็ก แคระ น้ำ,Rice noodles small size with pork tofu and soup,112,78.3,3.04,5.95,11.47, ,1.22,13,35,13,557,55,-,-,-,-,-,-,-,-,-,-,-,-,-,-,,,,,,,,,,,,,,,,,,,,,,,,,,,,,,
11013,ก๋วยเตี๋ยวเส้นเล็ก ลูกชิ้น เนื้อสด น้ำ,Rice noodles small size with beef ball beef and soup,65,83.1,5,0.6,9.88, ,1.42,4,43,9,504,88,-,-,-,-,-,-,-,-,-,-,-,-,-,-,,,,,,,,,,,,,,,,,,,,,,,,,,,,,,
11014,ก๋วยเตี๋ยวเส้นเล็ก หมู ต้มยำ,Rice noodles small size with pork spicy and sour soup,117,75.5,5.4,5.08,12.47, ,1.56,18,60,17,572,92,-,-,-,-,-,-,-,-,-,-,-,-,-,-,,,,,,,,,,,,,,,,,,,,,,,,,,,,,,
11015,ก๋วยเตี๋ยวเส้นเล็ก หมู ดับ แห้ง,Rice noodles small size with pork and liver without soup,227,57.1,8.2,12.2,21.2,0.4,1.3,147,128,-,-,-,0.8,-,-,-,28,575,577,0.08,0.54,2.5,1,-,-,-,,,,,,,,,,,,,,,,,,,,,,,,,,,,,,
11016,ก๋วยเตี๋ยวเส้นเล็ก หมู น้าตก,Rice noodles small size with pork and soup,81,80.6,4.61,1.78,11.64, ,1.37,16,49,9,463,109,-,-,-,-,-,-,-,-,-,-,-,-,-,-,,,,,,,,,,,,,,,,,,,,,,,,,,,,,,
11017,ก๋วยเตี๋ยวเส้นเล็ก หมู แห้ง,Rice noodles small size with pork without soup,271,45.2,9.12,11.86,31.83, ,1.97,31,97,22,765,134,-,-,-,-,-,-,-,-,-,-,-,-,-,-,,,,,,,,,,,,,,,,,,,,,,,,,,,,,,
11018,ก๋วยเตี๋ยวเส้นเล็ก หมูเลือง น้ำ,Rice noodles small size with pork and soup,79,81.4,3.7,1.74,12.15, ,1.02,11,40,11,349,110,-,-,-,-,-,-,-,-,-,-,-,-,-,-,,,,,,,,,,,,,,,,,,,,,,,,,,,,,,
11019,ก๋วยเตี๋ยวเส้นหมี่ ต้มยำ,Rice noodles fine thread with spicy and sour soup,94,80.6,5.02,3.86,9.67, ,0.87,11,61,5,261,113,-,-,-,-,-,-,-,-,-,-,-,-,-,-,,,,,,,,,,,,,,,,,,,,,,,,,,,,,,
11020,ก๋วยเตี๋ยวเส้นหมี่ เนื้อ น้ำตก,Rice noodles fine thread with mix beef and soup,64,83.7,5.24,0.69,9.15, ,1.21,5,41,9,421,75,-,-,-,-,-,-,-,-,-,-,-,-,-,-,,,,,,,,,,,,,,,,,,,,,,,,,,,,,,
11021,ก๋วยเตี๋ยวเส้นหมี่ ลูกชิ้น น้ำ,Rice noodles fine thread with pork ball and soup,43,90,2.54,1.3,5.22, ,0.92,4,77,7,313,53,-,-,-,-,-,-,-,-,-,-,-,-,-,-,,,,,,,,,,,,,,,,,,,,,,,,,,,,,,
11022,ก๋วยเตี๋ยวเส้นหมี่ ลูกชิ้นเนื้อวัว น้ำ,Rice noodles fine thread with beef ball and soup,51,87.1,2.7,0.9,8,0.1,1.3,79,50,-,-,-,0.2,-,-,-,0,0,0,0.02,0.18,1,tr,-,-,-,,,,,,,,,,,,,,,,,,,,,,,,,,,,,,
11023,ก๋วยเตี๋ยวเส้นหมี่ หมูตุ้น แห้ง,Rice noodles fine thread with stewed pork wihout soup,107,77.1,6.3,3.38,12.94, ,0.24,8,39,10,106,47,-,-,-,-,-,-,-,-,-,-,-,-,-,-,,,,,,,,,,,,,,,,,,,,,,,,,,,,,,
11024,ก๋วยเตี๋ยวเส้นใหญ่ ไก่ตุ๋นยาจีน,Rice noodles big size with chicken and soup,79,82.3,5.64,2.71,8.02, ,1.36,30,58,13,414,100,-,-,-,-,-,-,-,-,-,-,-,-,-,-,,,,,,,,,,,,,,,,,,,,,,,,,,,,,,
11025,ก๋วยเตี๋ยวเส้นใหญ่ ปลา น้ำ,Rice noodles big size with blanched fish and soup,68,83.8,3.6,1.32,10.45, ,0.85,18,31,8,281,47,-,-,-,-,-,-,-,-,-,-,-,-,-,-,,,,,,,,,,,,,,,,,,,,,,,,,,,,,,
11026,ก๋วยเตี๋ยวเส้นใหญ่ ผัดซีอิ้ว,Rice noodles big size with pork egg and soysauce fried,198,59.6,4.99,8.39,25.6, ,1.38,37,91,16,497,186,-,-,-,-,-,-,-,-,-,-,-,-,-,-,,,,,,,,,,,,,,,,,,,,,,,,,,,,,,
11027,ก๋วยเตี๋ยวเส้นใหญ่ ผัดซีอิ้ว ใส่ไข่,Rice noodles big size with pork egg and soysauce fried,195,61.6,6.3,9.7,20.7,0.3,1.7,177,95,-,-,-,1,-,-,-,230,0,19,0.09,0.54,2.1,2,-,-,-,,,,,,,,,,,,,,,,,,,,,,,,,,,,,,
11028,ก๋วยเตี๋ยวเส้นใหญ่ เย็นตาโฟ น้ำ,Rice noodles big size with fish ball swamp cabbage red sauce and soup (Yen-ta-fo),73,84.2,3.09,2.89,8.65,0.2,1.22,53,25,13,447,75,0.5,-,-,-,7,0,tr,0.03,0.4,0.7,1,-,-,-,,,,,,,,,,,,,,,,,,,,,,,,,,,,,,
11029,ก๋วยเตี๋ยวเส้นใหญ่ ราดหน้า กุ้ง,Rice noodles big size topped with shrimps chinese kale and gravy (Guay-teaw-rad-na),84,81.6,2.4,2.7,12.4,0.2,0.9,122,34,-,-,-,0,-,-,-,240,0,20,0.01,0.08,0.2,1,-,-,-,,,,,,,,,,,,,,,,,,,,,,,,,,,,,,
11030,ก๋วยเตี๋ยวเส้นใหญ่ ราดหน้า ไก่,Rice noodles big size topped with chicken chinese kale and gravy (Guay-teaw-rad-na),109,78.8,3,5.7,11.5,0.2,1,30,33,-,-,-,0,-,-,-,222,0,19,-,0.15,0.2,1,-,-,-,,,,,,,,,,,,,,,,,,,,,,,,,,,,,,
11031,ก๋วยเตี๋ยวเส้นใหญ่ ราดหน้า หมู,Rice noodles big size topped with pork chinese kale and gravy (Guay-teaw-rad-na),112,77.3,3.29,5.12,13.28,0.1,1.01,20,37,14,389,110,0,-,-,-,225,0,19,0.01,0.06,0.1,1,-,-,-,,,,,,,,,,,,,,,,,,,,,,,,,,,,,,
11032,ก๋วยเตี๋ยวเส้นใหญ่ ราดหน้า หมูสับ,Rice noodles big size topped with minced pork chinese kale and gravy (Guay-teaw-rad-na),96,79.5,3.11,3.76,12.48, ,1.12,6,32,7,376,68,-,-,-,-,-,-,-,-,-,-,-,-,-,-,,,,,,,,,,,,,,,,,,,,,,,,,,,,,,
11033,ก๋วยเตี๋ยวเส้นใหญ่ ลูกชิ้น หมูตุ้น น้ำ,Rice noodles big size with pork ball stewed pork and soup,60,86.5,4.9,1.95,5.61, ,1.06,8,46,9,356,75,-,-,-,-,-,-,-,-,-,-,-,-,-,-,,,,,,,,,,,,,,,,,,,,,,,,,,,,,,
11034,ก๋วยเตี๋ยวหลอด,Steamed rice noodle rolls,102,77.1,4.85,3.2,13.54, ,1.36,14,68,43,368,122,-,-,-,-,-,-,-,-,-,-,-,-,-,-,,,,,,,,,,,,,,,,,,,,,,,,,,,,,,
11035,เกาเหลาเนื้อตุ้น,Stewed beef with morning glory bean sprout and soup,48,90.2,4.49,2.38,2.14, ,0.76,4,27,10,386,55,-,-,-,-,-,-,-,-,-,-,-,-,-,-,,,,,,,,,,,,,,,,,,,,,,,,,,,,,,
11036,เกาเหลาหมู,Pork with morning glory bean sprout and soup,32,92.8,3.01,1.37,1.94, ,0.9,7,24,8,371,51,-,-,-,-,-,-,-,-,-,-,-,-,-,-,,,,,,,,,,,,,,,,,,,,,,,,,,,,,,
11037,เกี้ยวน้ำ,Wonton soup (Giew-nham),27,93.3,2.14,0.98,2.4, ,1.14,8,20,9,419,51,-,-,-,-,-,-,-,-,-,-,-,-,-,-,,,,,,,,,,,,,,,,,,,,,,,,,,,,,,
11038,ขนมจีน แกงเขียวหวานไก่,Round rice noodles with chicken green curry,112,76.9,4.78,5.15,11.73, ,1.42,11,60,18,416,190,-,-,-,-,-,-,-,-,-,-,-,-,-,-,,,,,,,,,,,,,,,,,,,,,,,,,,,,,,
11039,ขนมผักกาดผัด ใส่ไข่,Radish rice cake fried,196,64.3,4.3,11.5,18.9,0.3,1,19,61,-,-,-,0.5,-,-,-,63,-,5,0.01,0.18,1.1,1,-,-,-,,,,,,,,,,,,,,,,,,,,,,,,,,,,,,
11040,ข้าวกล้องราดแกงคั่วสับปะรด,Brown rice topped with pineapple curry,123,72.5,3.05,3.52,19.67, ,1.29,11,66,24,382,115,-,-,-,-,-,-,-,-,-,-,-,-,-,-,,,,,,,,,,,,,,,,,,,,,,,,,,,,,,
11041,ข้าวกล้องราดต้มจับฉ่าย,Brown rice topped with Chinese vegetable stew,97,76.9,3.51,1.69,16.99, ,0.92,36,80,33,157,134,-,-,-,-,-,-,-,-,-,-,-,-,-,-,,,,,,,,,,,,,,,,,,,,,,,,,,,,,,
11042,ข้าวขาหมู,Rice topped with pork leg and gravy,152,68.1,6.7,5.7,18.5,0.2,1,236,43,-,-,-,0.1,-,-,-,33,0,3,0.08,0.21,1,0,-,-,-,,,,,,,,,,,,,,,,,,,,,,,,,,,,,,
11043,ข้าวลูกปลาปี้,Rice with shrimp paste ground shrimp pork omelet,191,59.5,6.61,7.11,25.21,0.2,1.6,44,83,17,615,160,0.3,-,-,-,19,0,2,0.08,0.24,1.2,0,-,-,-,,,,,,,,,,,,,,,,,,,,,,,,,,,,,,
11044,ข้าวผัดหมู,Fried rice with pork vegetable and egg,181,64,6.01,8.2,20.79,0.2,1,57,70,9,288,67,0.5,-,-,-,124,0,10,0.02,0.25,1.9,0,-,-,-,,,,,,,,,,,,,,,,,,,,,,,,,,,,,,
11045,ข้าวมันไก่,Rice cooked in chicken-broth topped with chicken,219,55.9,5.36,9.51,28.01, ,1.24,64,48,11,483,82,1.2,-,-,-,14,0,1,0.01,0.03,1,0,-,-,-,,,,,,,,,,,,,,,,,,,,,,,,,,,,,,
11046,ข้าวราดแกงขี้เหล็ก,Rice topped with curry cassia leaves and flowers,115,74.2,3.89,3.4,17.23, ,1.24,13,45,15,506,91,-,-,-,-,-,-,-,-,-,-,-,-,-,-,,,,,,,,,,,,,,,,,,,,,,,,,,,,,,
11047,ข้าวราดแกงเขียวหวานไก่,Rice topped with chicken green curry,133,70.9,5.22,3.9,19.25,0.4,0.73,62,89,10,170,80,0.1,-,-,-,7,20,21,0.07,0.13,1.9,1,-,-,-,,,,,,,,,,,,,,,,,,,,,,,,,,,,,,
11048,ข้าวราดแกงคั่วกลิ้งหมู,Rice topped with stir-fried minced pork and yellow curry paste,159,65.2,3.93,4.71,25.13, ,1.02,12,84,17,254,141,-,-,-,-,-,-,-,-,-,-,-,-,-,-,,,,,,,,,,,,,,,,,,,,,,,,,,,,,,
11049,ข้าวราดแกงจุ๋มปลาทู,Rice topped with curry short-body mackerel,122,72.5,5.16,3.31,17.85, ,1.2,20,55,15,429,111,-,-,-,-,-,-,-,-,-,-,-,-,-,-,,,,,,,,,,,,,,,,,,,,,,,,,,,,,,
11050,ข้าวราดแกงไตปลา,Rice topped with curry fermented fish viscera,106,73.3,3.28,0.73,21.66, ,1.05,6,37,7,336,39,-,-,-,-,-,-,-,-,-,-,-,-,-,-,,,,,,,,,,,,,,,,,,,,,,,,,,,,,,
11051,ข้าวราดแกงเทโพหมูสามชั้น,Rice topped with curry pork and water spinach,85,80.6,1.93,2.28,14.2, ,1.02,7,22,12,347,95,-,-,-,-,-,-,-,-,-,-,-,-,-,-,,,,,,,,,,,,,,,,,,,,,,,,,,,,,,
11052,ข้าวราดแกงพะแนงหมู,Rice topped with curry pork (Pha-naeng),136,68.2,7.29,2.65,20.84, ,1.03,8,67,13,424,129,-,-,-,-,-,-,-,-,-,-,-,-,-,-,,,,,,,,,,,,,,,,,,,,,,,,,,,,,,
11053,ข้าวราดแกงมัสมั่นไก่,Rice topped with curry matsaman chicken,138,71.1,4.4,5.1,18.5, ,0.9,5,55,12,295,135,-,-,-,-,-,-,-,-,-,-,-,-,-,-,,,,,,,,,,,,,,,,,,,,,,,,,,,,,,
11054,ข้าวราดแกงส้มชะอมทอด,Rice topped with accacia leave and omelet in tamarind flavor soup,107,76.2,3.77,3.43,15.31, ,1.27,21,54,10,386,83,-,-,-,-,-,-,-,-,-,-,-,-,-,-,,,,,,,,,,,,,,,,,,,,,,,,,,,,,,
11055,ข้าวราดแกงส้มผักรวม,Rice topped with tamarind flavor soup mixed vegetables,85,77.9,2.91,0.23,17.77, ,1.22,20,33,15,401,96,-,-,-,-,-,-,-,-,-,-,-,-,-,-,,,,,,,,,,,,,,,,,,,,,,,,,,,,,,
11056,ข้าวราดแกงเหลือง,Rice topped with spicy yellow soup turmeric,104,73.8,3.64,0.55,21.19, ,0.84,13,40,8,299,58,-,-,-,-,-,-,-,-,-,-,-,-,-,-,,,,,,,,,,,,,,,,,,,,,,,,,,,,,,
11057,ข้าวราดไข่เจียวสมุนไพร,Rice topped with herb omelet,210,59.8,5.06,10.1,24.65, ,0.37,14,68,6,96,65,-,-,-,-,-,-,-,-,-,-,-,-,-,-,,,,,,,,,,,,,,,,,,,,,,,,,,,,,,
11058,ข้าวราดไข่เจียวหมูสับ,Rice topped with minced pork omelet,236,59.6,8.15,15.56,15.93, ,0.75,15,100,9,200,107,-,-,-,-,-,-,-,-,-,-,-,-,-,-,,,,,,,,,,,,,,,,,,,,,,,,,,,,,,
11059,ข้าวราดต้มกะทิสายบัว,Rice topped with lotus stem in coconut milk soup,106,75.5,2.99,2.55,17.88, ,1.08,12,33,12,457,108,-,-,-,-,-,-,-,-,-,-,-,-,-,-,,,,,,,,,,,,,,,,,,,,,,,,,,,,,,
11060,ข้าวราดต้มจืดเต้าหู้ หมูสับราดข้าว,Rice topped with minced pork omelet and soya bean curd soup,56,87.5,4.49,1.84,5.29, ,0.86,9,45,5,271,77,-,-,-,-,-,-,-,-,-,-,-,-,-,-,,,,,,,,,,,,,,,,,,,,,,,,,,,,,,
11061,ข้าวราดต้มพะโล้,Rice topped with pork and egg in five spices soup,158,66.2,7.43,5.57,19.62, ,1.2,17,76,3,376,79,-,-,-,-,-,-,-,-,-,-,-,-,-,-,,,,,,,,,,,,,,,,,,,,,,,,,,,,,,
11062,ข้าวราดทอดมันปลาราย,Rice topped with fried fish cake (Tod-man-pla),185,63.2,6.91,8.32,20.61, ,0.99,6,76,9,292,84,-,-,-,-,-,-,-,-,-,-,-,-,-,-,,,,,,,,,,,,,,,,,,,,,,,,,,,,,,
11063,ข้าวราดผัดกะเพราไก่,Rice topped with stir-fried chicken chilli and basil,174,62,8.95,5.48,22.19, ,1.43,12,83,19,696,140,-,-,-,-,-,-,-,-,-,-,-,-,-,-,,,,,,,,,,,,,,,,,,,,,,,,,,,,,,
11064,ข้าวราดผัดกะเพราตับ,Rice topped with stir-fried pork liver chilli and basil,192,59,6.57,6.3,27.19, ,0.94,10,83,11,299,111,-,-,-,-,-,-,-,-,-,-,-,-,-,-,,,,,,,,,,,,,,,,,,,,,,,,,,,,,,
11065,ข้าวราดผัดคะน้าหมูกรอบ,Rice topped with stir-fried crispy pork and kale,165,66.3,5.5,6.85,20.3, ,1.05,10,61,10,294,131,-,-,-,-,-,-,-,-,-,-,-,-,-,-,,,,,,,,,,,,,,,,,,,,,,,,,,,,,,
11066,ข้าวราดผัดฉ่าปลากระเบน,Rice topped with spicy stir-fried stingray,134,70.6,8.89,4.19,15.15, ,1.19,12,56,18,449,292,-,-,-,-,-,-,-,-,-,-,-,-,-,-,,,,,,,,,,,,,,,,,,,,,,,,,,,,,,
11067,ข้าวราดผัดฉ่าปลาพัง,Rice topped with spicy stir-fried snapper,192,58.3,7.33,6.38,26.27, ,1.72,14,64,18,570,155,-,-,-,-,-,-,-,-,-,-,-,-,-,-,,,,,,,,,,,,,,,,,,,,,,,,,,,,,,
11068,ข้าวราดผัดฉ่าปลาดุก,Rice topped with spicy stir-fried catfish,130,73.5,6.78,5.86,12.65, ,1.24,29,85,20,455,179,-,-,-,-,-,-,-,-,-,-,-,-,-,-,,,,,,,,,,,,,,,,,,,,,,,,,,,,,,
11069,ข้าวราดผัดเต้าหู้ใช้ทรงเครื่อง,Rice topped with deep fried tofu and gravy sauce,105,76.4,4.29,2.92,15.36, ,1.04,8,61,6,477,99,-,-,-,-,-,-,-,-,-,-,-,-,-,-,,,,,,,,,,,,,,,,,,,,,,,,,,,,,,
11070,ข้าวราดถั่วงอกกับเต้าหู้,Rice topped with stir-fried bean sprout and tofu,124,71.8,4,3.03,20.15, ,0.98,13,51,25,486,55,-,-,-,-,-,-,-,-,-,-,-,-,-,-,,,,,,,,,,,,,,,,,,,,,,,,,,,,,,
11071,ข้าวราดผักรวม,Rice topped with stir-fried mixed vegetables,118,72.3,3.12,2.1,21.61, ,0.83,9,36,9,446,79,-,-,-,-,-,-,-,-,-,-,-,-,-,-,,,,,,,,,,,,,,,,,,,,,,,,,,,,,,
11072,ข้าวราดผัดเผ็ดไก่กับหน่อไม้ดอง,Rice topped with spicy stir-fried chicken chilies and sour bamboo,150,67.4,5.21,4.68,21.73, ,1,11,55,12,428,131,-,-,-,-,-,-,-,-,-,-,-,-,-,-,,,,,,,,,,,,,,,,,,,,,,,,,,,,,,
11073,ข้าวราดผัดเผ็ดปลาดุกสด,Rice topped with spicy stir-fried catfish and chili paste,137,69.4,6.03,4.21,18.82, ,1.54,32,75,20,552,173,-,-,-,-,-,-,-,-,-,-,-,-,-,-,,,,,,,,,,,,,,,,,,,,,,,,,,,,,,
11074,ข้าวราดผัดเผ็ดหอยแมลงภู่,Rice topped with spicy stir-fried mussel and chili paste,144,67.5,5.98,3.61,21.84, ,1.05,12,72,20,417,32,-,-,-,-,-,-,-,-,-,-,-,-,-,-,,,,,,,,,,,,,,,,,,,,,,,,,,,,,,
11075,ข้าวราดผัดเผ็ดหอยลาย,Rice topped with spicy stir-fried clams and chili paste,141,69.1,2.63,4.65,22.23, ,1.44,155,49,17,392,106,-,-,-,-,-,-,-,-,-,-,-,-,-,-,,,,,,,,,,,,,,,,,,,,,,,,,,,,,,
11076,ข้าวราดผัดพริกซิ่ง ใส่ถั่วฝักยาว,Rice topped with stir-fried bean and red chilli paste,132,71.3,2.72,4.13,21.02, ,0.85,9,43,17,294,107,-,-,-,-,-,-,-,-,-,-,-,-,-,-,,,,,,,,,,,,,,,,,,,,,,,,,,,,,,
11077,ข้าวราดผัดฟักทองกับไข่,Rice topped with stir-fried pumpkin and egg,121,71.1,3.64,1.8,22.61, ,0.88,7,56,13,308,155,-,-,-,-,-,-,-,-,-,-,-,-,-,-,,,,,,,,,,,,,,,,,,,,,,,,,,,,,,
11078,ข้าวราดผัดมะเขือยาวกับหมูสับ,Rice topped with stir-fried eggplant and minced pork,145,68.5,3.2,4.33,23.25, ,0.74,12,37,15,271,122,-,-,-,-,-,-,-,-,-,-,-,-,-,-,,,,,,,,,,,,,,,,,,,,,,,,,,,,,,
11079,ข้าวราดผัดมะระกับไข่,Rice topped with stir-fried bitter melon and egg,159,69.4,4.57,7.8,17.66, ,0.57,19,66,9,141,96,-,-,-,-,-,-,-,-,-,-,-,-,-,-,,,,,,,,,,,,,,,,,,,,,,,,,,,,,,
11080,ข้าวราดยำไข่ดาว,Rice topped with fried egg salad,174,65.1,5.44,7.8,20.58, ,1.11,21,95,8,468,69,-,-,-,-,-,-,-,-,-,-,-,-,-,-,,,,,,,,,,,,,,,,,,,,,,,,,,,,,,
11081,ข้าวราดยำมะเขือยาวกับไข่ดาว,Rice topped with grilled eggplant and fried egg salad,92,78.1,3.38,1.57,15.98, ,0.96,9,43,8,325,74,-,-,-,-,-,-,-,-,-,-,-,-,-,-,,,,,,,,,,,,,,,,,,,,,,,,,,,,,,
11082,ข้าวราดยำหมูยอ,Rice topped with pork sausage salad,144,70.1,4.37,5.9,18.43, ,1.16,9,48,13,503,85,-,-,-,-,-,-,-,-,-,-,-,-,-,-,,,,,,,,,,,,,,,,,,,,,,,,,,,,,,
11083,ข้าวราดหน้าไก่ผัดใบกะเพรา,Rice topped with stir-fried chicken and holy basil leaves,191,60.3,5.6,7.3,25.6,0.4,1.2,172,66,-,-,-,0.4,-,-,-,131,0,11,0.07,0.19,2.5,0,-,-,-,,,,,,,,,,,,,,,,,,,,,,,,,,,,,,
11084,ข้าวราดหมูทอดกระเทียมพริกไทย,Rice topped with fried pork garlic and pepper,193,57,6.1,4.91,31.16, ,0.84,7,88,10,267,107,-,-,-,-,-,-,-,-,-,-,-,-,-,-,,,,,,,,,,,,,,,,,,,,,,,,,,,,,,
11085,ข้าวราดหมูสับผัดแม็กกี้,Rice topped with stir-fried minced pork and soysauce,190,58.1,7.9,5.21,27.78, ,1.06,5,115,8,836,163,-,-,-,-,-,-,-,-,-,-,-,-,-,-,,,,,,,,,,,,,,,,,,,,,,,,,,,,,,
11086,ข้าวหมกไก่ + อาจาด,Rice cooked with chicken and curry powder,158,66.5,6.94,6.07,19, ,1.48,6,75,8,411,117,-,-,-,-,-,-,-,-,-,-,-,-,-,-,,,,,,,,,,,,,,,,,,,,,,,,,,,,,,
11087,ข้าวหมูแดง,Rice with roasted (red) pork and gravy,169,63.3,6.2,5.6,23.5,0.2,1.4,352,72,-,-,-,0.2,-,-,-,61,0,5,0.02,-,1.3,0,-,-,-,,,,,,,,,,,,,,,,,,,,,,,,,,,,,,
11088,ข้าวหมูอบ,Rice with baked seasoning pork,174,61.7,7.94,5.28,23.76, ,1.34,7,76,10,546,171,-,-,-,-,-,-,-,-,-,-,-,-,-,-,,,,,,,,,,,,,,,,,,,,,,,,,,,,,,
11089,ข้าวเหนียวชุบไข่ ปิ้ง,Glutinous rice steamed dipped with egg roasted,231,43.2,2.4,1.8,51.4,0.2,1.2,3,47,-,-,-,-,-,-,-,-,-,-,0.03,0.68,-,-,-,-,-,,,,,,,,,,,,,,,,,,,,,,,,,,,,,,
11090,ส้มตำ ปู - กุ้ง,Papaya salad with crab and dried shrimp,85,77.8,3.7,2.1,12.8,1.6,3.6,71,64,-,-,-,0,-,-,-,53,-,4,0.01,0.75,1.8,3,-,-,-,,,,,,,,,,,,,,,,,,,,,,,,,,,,,,
11091,สุกี้ ไก่ น้ำ,Suki with chicken vegetables and soup,47,88.1,3.76,1.1,5.49, ,1.52,16,41,10,656,81,-,-,-,-,-,-,-,-,-,-,-,-,-,-,,,,,,,,,,,,,,,,,,,,,,,,,,,,,,
11092,สุกี้ รวมมิตร น้ำ,Suki with meat seafood vegetables and soup,39,90.1,3.94,1.08,3.38, ,1.47,15,47,12,571,91,-,-,-,-,-,-,-,-,-,-,-,-,-,-,,,,,,,,,,,,,,,,,,,,,,,,,,,,,,
11093,สุกี้ รวมมิตร แห้ง,Suki with meat seafood and vegetables stir-fried,104,78.3,5.7,4.44,10.27, ,1.34,41,60,15,515,114,-,-,-,-,-,-,-,-,-,-,-,-,-,-,,,,,,,,,,,,,,,,,,,,,,,,,,,,,,
11094,หมี่กรอบ,Crispy fried fine thread rice noodles,505,9.1,2.9,29.4,57.1,0.2,1.5,6,47,-,-,-,0.6,-,-,-,81,-,7,0.08,-,2,2,-,-,-,,,,,,,,,,,,,,,,,,,,,,,,,,,,,,
11095,หมี่กรอบ ราดหน้า ทะเล,Crispy fried fine thread rice noodles topped with seafood chinese kale and gravy,114,76.8,3.58,5.47,12.72, ,1.44,29,36,14,514,83,-,-,-,-,-,-,-,-,-,-,-,-,-,-,,,,,,,,,,,,,,,,,,,,,,,,,,,,,,
11096,หมี่กะทิ,Fine thread rice noodles cooked with coconut milk,173,63.3,3.9,6.6,24.5,0.5,1.7,12,64,16,430,127,0.7,-,-,24,51,-,4,0.1,0.88,0.9,1,0.19,-,-,,,,,,,,,,,,,,,,,,,,,,,,,,,,,,
11097,หอยทอด,Green mussel fried with flour egg and mungbean sprout (Hoi-tod),292,52.1,8.86,21.36,16.13, ,1.57,93,209,25,556,109,0.5,-,-,-,128,0,11,0.1,0.66,2.25,1,-,-,-,,,,,,,,,,,,,,,,,,,,,,,,,,,,,,
11098,แกงกะหรี่ ทูน่า,Curry yellow tuna,129,74.9,10.76,7.09,5.64, ,1.57,-,-,-,-,-,-,-,-,-,-,-,-,-,-,-,-,-,-,-,,,,,,,,,,,,,,,,,,,,,,,,,,,,,,
11099,แกงเขียวหวาน ทูน่า,Curry green tuna,169,68.6,9.16,10.36,9.82, ,2.06,-,-,-,-,-,-,-,-,-,-,-,-,-,-,-,-,-,-,-,,,,,,,,,,,,,,,,,,,,,,,,,,,,,,
11100,แกงเผ็ด เนื้อ,Curry red beef,136,73,10.1,7.77,6.45, ,2.65,-,-,-,-,-,-,-,-,-,-,-,-,-,-,-,-,-,-,-,,,,,,,,,,,,,,,,,,,,,,,,,,,,,,
11101,แกงเลียง,Spicy vegetable and prawn soup,30,91.6,1.44,0.35,5.36, ,1.29,24,40,17,3,170,-,-,-,-,-,-,-,-,-,-,-,-,-,-,,,,,,,,,,,,,,,,,,,,,,,,,,,,,,
11102,ไก่ ทอดกระเทียมพริกไทย,Fried chicken with garlic and pepper,186,63.2,18.38,10.02,5.68, ,2.74,-,-,-,-,-,-,-,-,-,-,-,-,-,-,-,-,-,-,-,,,,,,,,,,,,,,,,,,,,,,,,,,,,,,
11103,ต้มข่า ทูน่า,Soup coconut milk with galangal tuna (Tom-kha-tuna),104,80.2,7.26,6.64,3.82, ,2.11,-,-,-,-,-,-,-,-,-,-,-,-,-,-,-,-,-,-,-,,,,,,,,,,,,,,,,,,,,,,,,,,,,,,
11104,ต้มเลือดหมู,Tom-leud-moo,36,91.6,5.05,1.3,1.04, ,1.03,10,57,10,335,120,-,-,-,-,-,-,-,-,-,-,-,-,-,-,,,,,,,,,,,,,,,,,,,,,,,,,,,,,,
11105,น้ำพริกกะปิ + ปลาทู + ผัก,Shrimp-paste sauce with fried mackerel and vegetable,116,78.1,9.91,7.39,2.58, ,2.06,78,125,31,505,219,-,-,-,-,-,-,-,-,-,-,-,-,-,-,,,,,,,,,,,,,,,,,,,,,,,,,,,,,,
11106,น้ำพริกปลาทู + ผัก,Fried mackerel paste sauce with vegetable,32,91.6,2.12,0.71,4.33, ,1.27,21,36,18,423,186,-,-,-,-,-,-,-,-,-,-,-,-,-,-,,,,,,,,,,,,,,,,,,,,,,,,,,,,,,
11107,ปลาซาบะ ในซอสมะเขือเทศ,Steamed saba in tomato sauce,187,73.4,16.7,13.37,0, ,1.32,-,-,-,-,-,-,-,-,-,-,-,-,-,-,-,-,-,-,-,,,,,,,,,,,,,,,,,,,,,,,,,,,,,,
11108,ปลาซาบะ ย่างซีอิ้ว,Saba grilled with soy sauce,187,60.4,17.56,8.77,9.52, ,3.72,-,-,-,-,-,-,-,-,-,-,-,-,-,-,-,-,-,-,-,,,,,,,,,,,,,,,,,,,,,,,,,,,,,,
11109,ปลาซาร์ดีน ทอด รสเผ็ด,Sardine fried spicy,239,50.2,28.04,11.13,6.65, ,4.03,-,-,-,-,-,-,-,-,-,-,-,-,-,-,-,-,-,-,-,,,,,,,,,,,,,,,,,,,,,,,,,,,,,,
11110,ปลาซาร์ดีน ในซอสมะเขือเทศ,Steamed sardine in tomato sauce,211,54.3,20.1,7.95,14.83, ,2.86,-,-,-,-,-,-,-,-,-,-,-,-,-,-,-,-,-,-,-,,,,,,,,,,,,,,,,,,,,,,,,,,,,,,
11111,ปลาแซลมอน ย่าง,Salmon grilled,156,68.5,21.87,7.65,0, ,2.48,-,-,-,-,-,-,-,-,-,-,-,-,-,-,-,-,-,-,-,,,,,,,,,,,,,,,,,,,,,,,,,,,,,,
11112,ปลาดุกอุย ทอด รสเผ็ด,Fresh-water catfish fried spicy,317,40.7,26.85,19.27,9.14, ,4.02,-,-,-,-,-,-,-,-,-,-,-,-,-,-,-,-,-,-,-,,,,,,,,,,,,,,,,,,,,,,,,,,,,,,
11113,ปลาทู 3 รส,Short bodied mackerel 3 flavors,149,68.5,11.52,6.7,10.68, ,2.64,11,153,38,839,305,-,-,-,-,-,-,-,-,-,-,-,-,-,-,,,,,,,,,,,,,,,,,,,,,,,,,,,,,,
11114,ปลาทูน่า ชนิดก้อน ในน้ำมันพืช,Steamed tuna in vegetable oil,178,64.1,26.43,7.78,0.49, ,1.18,-,-,-,-,-,-,-,-,-,-,-,-,-,-,-,-,-,-,-,,,,,,,,,,,,,,,,,,,,,,,,,,,,,,
11115,ปลาทูน่า แซนวิช ในน้ำมันพืช,Sandwich tuna in vegetable oil,177,67.7,19.06,10.67,1.1, ,1.51,-,-,-,-,-,-,-,-,-,-,-,-,-,-,-,-,-,-,-,,,,,,,,,,,,,,,,,,,,,,,,,,,,,,
11116,ปลาทูน่า เนื้อขาว ชนิดก้อน ในน้ำเกลือ,White tuna canned in brine,112,72,26.4,0.66,0, ,0.96,-,-,-,-,-,-,-,-,-,-,-,-,-,-,-,-,-,-,-,,,,,,,,,,,,,,,,,,,,,,,,,,,,,,
11117,ปลาทูน่า เนื้อขาวชนิดก้อน ในน้ำแร่,White tuna canned in water,115,71,27.93,0.4,0, ,0.91,-,-,-,-,-,-,-,-,-,-,-,-,-,-,-,-,-,-,-,,,,,,,,,,,,,,,,,,,,,,,,,,,,,,
11118,ปลาทูน่า ในน้ำเกลือ,Tuna canned in brine,129,71.1,30.71,0.67,0, ,1.77,-,-,-,-,-,-,-,-,-,-,-,-,-,-,-,-,-,-,-,,,,,,,,,,,,,,,,,,,,,,,,,,,,,,
11119,ปลาทูน่า ผสมกระเทียม,Tuna canned in brine and garlic,326,52,17.34,27.94,1.33, ,1.42,-,-,-,-,-,-,-,-,-,-,-,-,-,-,-,-,-,-,-,,,,,,,,,,,,,,,,,,,,,,,,,,,,,,
11120,ปลาทูน่า ผัดพริกใบกะเพรา,Tuna stir-fried in basail sauce,200,64.1,11.95,12.97,8.84, ,2.18,-,-,-,-,-,-,-,-,-,-,-,-,-,-,-,-,-,-,-,,,,,,,,,,,,,,,,,,,,,,,,,,,,,,
11121,ปลาทูน่า มายองเนส,Tuna in mayonnaise,158,72.8,9.16,11.12,5.28, ,1.61,-,-,-,-,-,-,-,-,-,-,-,-,-,-,-,-,-,-,-,,,,,,,,,,,,,,,,,,,,,,,,,,,,,,
11122,ปลาทูน่า สเต็กในน้ำเกลือ,Tuna steak canned in brine,117,71.7,25.94,1.45,0, ,1.49,-,-,-,-,-,-,-,-,-,-,-,-,-,-,-,-,-,-,-,,,,,,,,,,,,,,,,,,,,,,,,,,,,,,
11123,ปลาปากคม 3 รส,Pak-kom fish 3 flavors,144,69.5,15.19,7.15,4.76, ,3.38,-,-,-,-,-,-,-,-,-,-,-,-,-,-,-,-,-,-,-,,,,,,,,,,,,,,,,,,,,,,,,,,,,,,
11124,ปลาแมกเคอเรล ในซอสมะเขือเทศ,Mackerel canned in tomato sauce,122,76.6,13.32,7.38,0.54, ,2.2,-,-,-,-,-,-,-,-,-,-,-,-,-,-,-,-,-,-,-,,,,,,,,,,,,,,,,,,,,,,,,,,,,,,
11125,ปลาแมคเคอเรลราดพริก,Mackerel canned in chilli sauce,203,56.6,15.14,8.97,15.52, ,3.76,-,-,-,-,-,-,-,-,-,-,-,-,-,-,-,-,-,-,-,,,,,,,,,,,,,,,,,,,,,,,,,,,,,,
11126,ปลาหลังขาว 3 รส,Lung khao fish 3 flavors,293,39.2,16.38,13.55,26.44, ,4.46,-,-,-,-,-,-,-,-,-,-,-,-,-,-,-,-,-,-,-,,,,,,,,,,,,,,,,,,,,,,,,,,,,,,
11127,พะแนงหมู,Pork curry (Pha-naeng),158,69.8,12.24,9.17,6.7, ,2.09,-,-,-,-,-,-,-,-,-,-,-,-,-,-,-,-,-,-,-,,,,,,,,,,,,,,,,,,,,,,,,,,,,,,
11128,มัสมั่นทูน่า,Tuna curry matsaman,235,59.3,14.15,16.03,8.44, ,2.06,-,-,-,-,-,-,-,-,-,-,-,-,-,-,-,-,-,-,-,,,,,,,,,,,,,,,,,,,,,,,,,,,,,,
11129,ลาบปลาดุก,Spicy minced catfish salad,153,70.7,12.33,9.05,5.68, ,2.27,38,194,18,494,191,-,-,-,-,-,-,-,-,-,-,-,-,-,-,,,,,,,,,,,,,,,,,,,,,,,,,,,,,,
11130,หมู ทอดกระเทียมพริกไทย,Fried pork with garlic and pepper,241,57.6,18.73,15.98,5.54, ,2.18,-,-,-,-,-,-,-,-,-,-,-,-,-,-,-,-,-,-,-,,,,,,,,,,,,,,,,,,,,,,,,,,,,,,
11131,หอยแครง ปรุงรส,Seasoned cockle,265,43.5,20.29,10.66,21.87, ,3.68,-,-,-,-,-,-,-,-,-,-,-,-,-,-,-,-,-,-,-,,,,,,,,,,,,,,,,,,,,,,,,,,,,,,
11132,หอยลาย ทอด รสเผ็ด,Seasoned clam,309,30.7,24.95,11.74,25.78, ,6.8,-,-,-,-,-,-,-,-,-,-,-,-,-,-,-,-,-,-,-,,,,,,,,,,,,,,,,,,,,,,,,,,,,,,
11133,ก๋วยเตี๋ยวผัดปู รวมถั่วงอกดิบ,Rice noodles fried with crab and raw mungbean sprout,243,44.9,2.94,6.12,44.1, ,1.9,54,37,23,545,135,1.19,0.37,12.71,20,96,0,8,0.01,0.08,1.33,-,0.74,-,-,,,,,,,,,,,,,,,,,,,,,,,,,,,,,,
11134,แกงขี้เหล็ก,Curry cassia leaves,182,81.8,2.8,19.02,0, ,1.84,32,44,20,598,142,0.99,0.16,0.4,8,-,-,-,0.05,0.03,1.09,-,-,-,-,,,,,,,,,,,,,,,,,,,,,,,,,,,,,,
11135,แกงเขียวหวานหมู,Green curry pork,136,82.7,6.31,12.32,0, ,1.86,15,64,23,571,242,1.09,0.16,0.8,12,40,0,3,0.12,0.06,3.32,-,0.2,-,-,,,,,,,,,,,,,,,,,,,,,,,,,,,,,,
11136,แกงบอน,Kang-bon,39,88.2,1.55,0.32,7.53, ,2.43,50,26,15,437,152,0.67,0.09,0.3,54,50,0,4,0.03,0.02,1.74,-,0.22,-,-,,,,,,,,,,,,,,,,,,,,,,,,,,,,,,
11137,แกงส้มผักรวมกับปลาช่อน,Kang-som vegetables and striped snakehead fish,24,93.1,1.96,0.49,2.91, ,1.54,20,27,3,509,128,1.09,0.11,0.99,11,34,0,3,0.03,0.04,1.03,-,0.31,-,-,,,,,,,,,,,,,,,,,,,,,,,,,,,,,,
11138,แกงหมูชะมวง,Kang-moo-chamoung,194,56.6,10.28,6.5,22.82,2,2.26,44,100,27,625,249,1.1,0.19,4.92,70,142,0,12,0.03,0.18,2.85,-,0.61,-,-,,,,,,,,,,,,,,,,,,,,,,,,,,,,,,
11139,แกงหอยขม,Curry river snail,126,76.2,5.46,10,2.39,2,3.87,633,69,73,618,161,16.2,0.94,2.52,85,184,0,15,0.07,0.16,2.81,-,0.81,-,-,,,,,,,,,,,,,,,,,,,,,,,,,,,,,,
11140,ขนมจีนน้ำยาวน้ำ,Round rice noodles with coconut milk pineapple ground shrimps and garlic,120,74.9,2.5,4.6,17,0.1,0.9,143,43,-,-,-,0.9,-,-,-,4,0,tr,-,0.2,1,0,-,-,-,-,,,,,,,,,,,,,,,,,,,,,,,,,,,,,
11141,ขนมจีนน้ำพริก,Round rice noodles with shrimp mungbean peanut and curry,168,65.9,3.58,8.57,19.06, ,2.87,36,61,32,413,204,1.12,0.28,0.52,53,111,0,9,0.03,tr,1.83,-,0.32,-,-,,,,,,,,,,,,,,,,,,,,,,,,,,,,,,
11142,ขนมจีนน้ำพริก รวมผัก,Round rice noodles with shrimp mungbean peanut curry and vegetable,152,68.2,3.4,6.6,19.5,0.3,2,32,54,-,-,-,1.2,-,-,51,94,0,8,0.02,0.1,1.5,1,0.32,-,-,,,,,,,,,,,,,,,,,,,,,,,,,,,,,,
11143,ขนมจีนน้ำยา,Round rice noodles with fish curry and coconut milk,95,81.8,2.4,5.4,9.07, ,1.33,21,35,18,436,165,0.97,0.13,-,21,42,0,4,0.03,0.04,0.99,-,0.08,-,-,,,,,,,,,,,,,,,,,,,,,,,,,,,,,,
11144,ขนมจีนน้ำยา รวมผัก,Round rice noodles with fish curry coconut milk and vegetable,80,83,2.7,3.6,9.2,0.2,1.3,80,41,-,-,-,0.6,-,-,22,53,0,9,0.02,0.11,1,0,0.08,-,-,,,,,,,,,,,,,,,,,,,,,,,,,,,,,,
11145,ขนมจีนน้ำยาป่า,Round rice noodles with fish curry (without coconut milk),66,82.8,1.96,0.63,13.12, ,1.49,17,33,16,499,129,1.38,0.22,9.66,19,0,0,0,0.02,0.04,1.47,-,0.09,-,-,,,,,,,,,,,,,,,,,,,,,,,,,,,,,,
11146,ซุปหน่อไม้,Bamboo shoot salad,41,88.5,2.5,0.8,6,1,2.2,251,31,-,-,-,1.3,-,-,-,95,0,8,-,0.08,0.4,1,-,-,-,-,,,,,,,,,,,,,,,,,,,,,,,,,,,,,
11147,เต้าเจี้ยว หลน,Preserved soy bean dip (Lhon tao jiew),72,83.6,3.52,2.94,7.95, ,2.03,29,61,32,576,274,1.73,0.26,0.77,14,529,0,44,0.02,0.06,0.82,-,0.53,-,-,,,,,,,,,,,,,,,,,,,,,,,,,,,,,,
11148,น้ำพริก ปลาร้า ผักลวก,Namprik-pla-ra with blanched vegetable,88,87.3,3.42,7.99,0,1.31,2.26,48,55,27,697,212,1.98,0.22,0.4,17,90,0,7,0.05,0.06,2.09,-,0.59,-,-,,,,,,,,,,,,,,,,,,,,,,,,,,,,,,
11149,ห่อหมก ปลาช่อน ใบยอ,Snakehead fish with curry and indian-mulberry leaves steamed,126,81.3,9.9,9.6,0, ,1.94,132,76,42,417,252,1.65,0.28,0.72,53,8787,0,732,-,0.07,3.75,-,2.21,-,-,,,,,,,,,,,,,,,,,,,,,,,,,,,,,,
11150,แกงไก่ใส่หัวยกล้วย,Curry chicken and young banana stem,124,80.8,6.74,10,0, ,3.3,-,-,-,-,-,-,-,-,13,38,0,3,-,0.07,1.64,-,0.41,-,-,,,,,,,,,,,,,,,,,,,,,,,,,,,,,,
11151,แกงขี้เหล็ก (ดอกขี้เหล็ก) ใส่ปลาย่าง,Curry cassia leaves and flowers,197,79.2,4.28,20,0, ,1.72,38,72,32,547,195,0.99,0.3,0.59,52,898,0,75,0.08,0.05,2.72,-,0.95,-,-,,,,,,,,,,,,,,,,,,,,,,,,,,,,,,
11152,แกงไข่ (ไข่เป็ด),Curry duck egg,158,71.8,8.17,10.96,6.77, ,2.3,-,-,-,-,-,-,-,-,24,44,48,52,0.05,0.18,1.78,-,0.85,-,-,,,,,,,,,,,,,,,,,,,,,,,,,,,,,,
11153,แกงใตปลา,Curry fermented fish viscera,50,86.6,5.28,2.21,1.33,1.6,3.13,34,68,30,1001,187,1.51,0.16,2.06,42,25,107,109,0.06,0.11,2.83,-,0.22,-,-,,,,,,,,,,,,,,,,,,,,,,,,,,,,,,
11154,แกงน้ำเคย (แกงเคยปลา),Curry fermented tiny fish,39,86.8,6.97,0.69,1.15, ,4.4,-,-,-,-,-,-,-,-,38,38,0,3,-,0.07,2.12,-,0.04,-,-,,,,,,,,,,,,,,,,,,,,,,,,,,,,,,
11155,แกงพริกปลาตัวเล็ก,Curry small fish,74,80.5,9.96,2.43,3.03, ,4.1,-,-,-,-,-,-,-,-,36,41,0,3,-,0.1,1.83,-,0.74,-,-,,,,,,,,,,,,,,,,,,,,,,,,,,,,,,
11156,แกงมัสมั่นเนื้อ,Curry matsaman beef,252,66,10.21,23.42,0, ,2.36,34,110,46,612,290,2.02,0.48,3.28,40,60,60,65,0.05,0.2,2.49,-,0.54,-,-,,,,,,,,,,,,,,,,,,,,,,,,,,,,,,
11157,แกงส้มรวมกับปลา,Kang-som vegetables and fish,50,87.4,5.22,2.98,0.56, ,3.8,-,-,-,-,-,-,-,-,36,0,0,0,0.05,0.07,1.76,-,0.34,-,-,,,,,,,,,,,,,,,,,,,,,,,,,,,,,,
11158,แกงเหลืองใส่ปลา,Yellow curry (sour soup) fish,41,85.5,7.8,0.14,1.32,1.6,3.69,70,93,26,874,212,0.78,0.29,1.98,87,55,0,5,0.06,0.04,1.85,-,0.38,-,-,,,,,,,,,,,,,,,,,,,,,,,,,,,,,,
11159,ไก่กอและ,Chicken fried,233,50.7,23.02,9.79,13.25, ,3.2,-,-,-,-,-,-,-,-,21,58,0,5,0.06,0.18,3.92,-,0.87,-,-,,,,,,,,,,,,,,,,,,,,,,,,,,,,,,
11160,ขนมจีนน้ำพริก,Round rice noodles with shrimp mungbean peanut and curry,109,77.3,2.56,4.71,14.06, ,1.4,-,-,-,-,-,-,-,-,11,46,0,4,0.09,0.05,0.14,-,0.17,-,-,,,,,,,,,,,,,,,,,,,,,,,,,,,,,,
11161,ขนมจีนน้ำยากะทิ,Round rice noodles with fish curry and coconut milk,75,82.6,3.2,3.31,6.59,3.1,1.2,91,50,28,318,132,0.83,0.16,0.58,22,67,0,6,0.04,0.08,1.28,0,0.1,-,-,,,,,,,,,,,,,,,,,,,,,,,,,,,,,,
11162,ขนมจีนน้ำยาป่า,Round rice noodles with fish curry (with out coconut milk),65,82.8,2.41,0.4,12.89, ,1.5,-,-,-,-,-,-,-,-,19,22,0,2,-,0.4,1.07,-,0.13,-,-,,,,,,,,,,,,,,,,,,,,,,,,,,,,,,
11163,ขนมจีนน้ำละซอ,,91,76.9,1.9,1.29,17.97, ,1.9,-,-,-,-,-,-,-,-,7,10,0,1,0.04,0.03,0.47,-,0.09,-,-,,,,,,,,,,,,,,,,,,,,,,,,,,,,,,
11164,ข้าวยำ ข้าวสีม่วง,Purple rice with assorted vegetable served with Budu sauce,169,59.6,4.99,3.02,30.42, ,2,-,-,-,-,-,-,-,-,9,90,0,8,0.01,0.06,1.82,-,0.09,-,-,,,,,,,,,,,,,,,,,,,,,,,,,,,,,,
11165,ข้าวยำคลุก,Spicy rice salad with vegetable,152,58.8,4.96,0,32.99, ,3.3,-,-,-,-,-,-,-,-,38,41,0,3,-,0.07,2.32,-,0.18,-,-,,,,,,,,,,,,,,,,,,,,,,,,,,,,,,
11166,ข้าวยำปักษ์ใต้,Rice with assorted vegetable served with Budu sauce,164,62.8,3.98,4.9,26.02, ,2.3,-,-,-,-,-,-,-,-,24,0,0,0,0.03,0.07,2.02,-,0.17,-,-,,,,,,,,,,,,,,,,,,,,,,,,,,,,,,
11167,ข้าวหมกไก่,Rice cooked with chicken and curry powder (Koa Mook Gai),158,63.4,5.1,3.3,26.9, ,1.3,-,-,-,-,-,-,-,-,22,0,0,0,0.03,0.05,13.12,-,0.23,-,-,,,,,,,,,,,,,,,,,,,,,,,,,,,,,,
11168,นาชิดาแม - แกงกุ้ง (ข้าวเจ้า + ข้าวเหนียว หุงกับกะทิราดแกงกุ้ง),Rice and glutinous rice boiled with coconut milk with shrimp curry,213,47.2,3.36,2.05,45.19, ,2.2,-,-,-,-,-,-,-,-,23,19,0,2,0.04,0.03,0.33,-,0.29,-,-,,,,,,,,,,,,,,,,,,,,,,,,,,,,,,
11169,นาชิดาแม - แกงปลา (ข้าวเจ้า + ข้าวเหนียว หุงกับกะทิราดแกงปลา),Rice and glutinous rice boiled with coconut milk with fish curry,163,60,3.64,2.25,32.11, ,2,-,-,-,-,-,-,-,-,76,32,5,8,0.08,0.08,0.68,-,0.39,-,-,,,,,,,,,,,,,,,,,,,,,,,,,,,,,,
11170,นาชิตีเน้ (ข้าวอัดเป็นแท่ง ราดด้วยปลานึ่ง และมะพร้าวคั้ว),Rice with steamed fish and roasted grated coconut meat,119,72,1.41,1.87,24.16, ,0.6,-,-,-,-,-,-,-,-,24,0,0,0,0.02,0.02,7.79,-,0,-,-,,,,,,,,,,,,,,,,,,,,,,,,,,,,,,
11171,นาชิมีเยาะ (ข้าวเจ้าหุงกับกะทิราดแกงตุ้ม แกงปลา),Rice boiled with coconut milk with fish curry,172,58.5,3.37,1.24,36.85, ,-,-,-,-,-,-,-,-,-,11,58,0,5,0.06,0.09,0.83,-,0.59,-,-,,,,,,,,,,,,,,,,,,,,,,,,,,,,,,
11172,ผัดคั่วกลิ้ง เนื้อวัว,Breef stir-fried with curry,147,62.6,21.72,4.63,2.74,3.6,4.74,161,190,67,1423,380,4.54,0.47,7.26,81,96,0,8,0.08,0.22,2.97,-,1.99,-,-,,,,,,,,,,,,,,,,,,,,,,,,,,,,,,
11173,ผัดหมีไทย,Fine rice noodles fried,208,53.2,3.35,5.96,35.15, ,2.3,-,-,-,-,-,-,-,-,24,24,0,2,-,0.06,2.63,-,0.15,-,-,,,,,,,,,,,,,,,,,,,,,,,,,,,,,,
11174,ยำบูดู,Budu Muslim fish sauce spicy salad,50,72.8,10.62,0.45,0.93, ,15.2,-,-,-,-,-,-,-,-,19,28,0,2,0.01,0.11,1.7,-,0.37,-,-,,,,,,,,,,,,,,,,,,,,,,,,,,,,,,
11175,ยำสาหร่ายผมนาง,Spirulina spicy salad,108,74.8,2.36,2.6,17.24,3,-,-,-,-,-,-,-,-,-,1326,0,0,0,0.03,0.05,5.63,-,0.12,-,-,,,,,,,,,,,,,,,,,,,,,,,,,,,,,,
11176,สมันปลา,Dried shredded fish,355,25.3,31.81,15.05,22.21,1.7,3.97,103,310,90,1151,522,4.76,0.97,7.48,73,0,59,59,0.21,0.2,4.97,-,0.77,-,-,,,,,,,,,,,,,,,,,,,,,,,,,,,,,,
11177,เส้นหมี่ ผัดซีอิ้ว,Rice noodles fine thread stir-fried with pork egg and soysauce,164,60.1,2.4,2.09,33.91, ,1.5,-,-,-,-,-,-,-,-,24,0,0,0,0.03,0.05,2.18,-,0.14,-,-,,,,,,,,,,,,,,,,,,,,,,,,,,,,,,
11178,แกงขนุนอ่อน,Curry young jackfruit,49,89.8,2.45,2.94,3.19, ,1.62,41,31,13,384,106,1.01,0.14,0.66,29,54,0,5,0.05,0.07,1.34,1,0.46,-,-,,,,,,,,,,,,,,,,,,,,,,,,,,,,,,
11179,แกงมักกาดจอ,Kang-pak-gard-jor,53,87.9,2.8,3.2,2.39,1.8,1.92,71,44,18,477,170,1.32,0.11,0.78,48,979,0,82,0.06,0.11,1.29,2,0.93,-,-,,,,,,,,,,,,,,,,,,,,,,,,,,,,,,
11180,แกงฮังเล,Kang-hung-le,215,62.3,11.14,16,5.21,2.8,2.5,49,82,28,579,195,1.49,0.12,1.1,39,63,0,5,0.16,0.22,2.66,-,0.49,-,-,,,,,,,,,,,,,,,,,,,,,,,,,,,,,,
11181,ขนมจีน น้ำเงี้ยว,Round rice noodles with minced pork spare rib blood and soup,107,82.4,2.71,8.42,5.2, ,1.27,24,29,11,279,79,2.08,0.12,0.4,27,27,0,2,0.06,0.1,1.47,-,0.13,-,-,,,,,,,,,,,,,,,,,,,,,,,,,,,,,,
11182,ข้าวซอย ไก่,Noodle with chicken curry,151,72.9,5.83,10.56,7.37,1.6,1.77,22,66,15,416,150,1.24,0.25,1.06,28,46,0,4,0.13,0.08,2.98,-,0.3,-,-,,,,,,,,,,,,,,,,,,,,,,,,,,,,,,
11183,น้ำพริกอ่อง,Nam-prik-ong,213,68.7,6.9,19.66,0,4.1,3.02,38,79,23,720,326,1.51,0.17,1.05,42,357,0,30,0.25,0.15,2.64,-,1.1,-,-,,,,,,,,,,,,,,,,,,,,,,,,,,,,,,
11184,ลาบคั่ว หมู,Spicy minced pork salad,175,67.7,13.01,12.16,1.85,3.2,2.14,28,123,22,599,353,3.15,0.77,1.84,84,101,1889,1898,0.18,0.35,5.01,-,0.77,-,-,,,,,,,,,,,,,,,,,,,,,,,,,,,,,,
11185,ลาบคั่วหมูผสมตับ,Spicy minced pork and liver salad,172,66.4,11.68,10.74,5.39,3.8,2.04,20,107,27,519,468,2.4,0.16,1.39,197,111,108,118,0.21,0.38,4.78,-,0.7,-,-,,,,,,,,,,,,,,,,,,,,,,,,,,,,,,
11186,ไส้อั่ว,Sausage northern style,420,37.4,18,36.1,5.75, ,2.75,53,134,48,686,382,3.29,0.25,2.5,90,18,0,2,0.1,0.32,3.39,-,0.32,-,-,,,,,,,,,,,,,,,,,,,,,,,,,,,,,,
11187,ก้อยอีสาน,Chopped beef cooked,105,72.4,15.8,1.4,7.4,1.4,3,20,161,-,-,-,1,-,-,-,192,543,575,0.02,1.98,6.1,0,-,-,-,,,,,,,,,,,,,,,,,,,,,,,,,,,,,,
11188,แกงกล้วยกับไก่,Curry banana and chicken,105,80.9,5.17,6.94,5.41, ,1.6,52,-,29,403,264,-,-,-,27,65,0,5,0.08,0.09,0.3,-,0.74,-,-,,,,,,,,,,,,,,,,,,,,,,,,,,,,,,
11189,แกงเนือก ใส่ปลา,Curry taro and fish,50,86.3,4.11,0.32,7.65, ,1.6,29,-,30,429,258,-,-,-,22,39,0,3,0.03,0.05,2.1,-,0.31,-,-,,,,,,,,,,,,,,,,,,,,,,,,,,,,,,
11190,แกงหน่อไม้,Bamboo shoot curry,26,92.7,1.41,0.51,3.9, ,1.5,-,-,-,-,-,-,-,-,15,111,0,9,0.02,0.05,1.21,-,0.1,-,-,,,,,,,,,,,,,,,,,,,,,,,,,,,,,,
11191,แกงหอยขม,Curry river snail,45,86.4,5.41,0.26,5.14, ,2.84,401,61,401,519,66,11.4,1.69,2.64,26,366,0,30,0.05,0.14,2.3,-,0.63,-,-,,,,,,,,,,,,,,,,,,,,,,,,,,,,,,
11192,แกงอ่อม เนื้อ,Spicy soup with bee (Gaeng-om),55,88.8,3.54,3.63,2.01, ,2,-,-,-,-,-,-,-,-,14,361,0,30,0.04,0.09,2.04,-,0.31,-,-,,,,,,,,,,,,,,,,,,,,,,,,,,,,,,
11069,ข้าวราดผัดเต้าหู้ใช้ทรงเครื่อง,Rice topped with deep fried tofu and gravy sauce,105.00,76.4,4.29,2.92,15.36, ,1.04,8,61,6,477,99,-,-,-,-,-,-,-,-,-,-,-,-,-,-,,,,,,,,,,,,,,,,,,,,,,,,,,,,,,
11070,ข้าวราดถั่วงอกกับเต้าหู้,Rice topped with stir-fried bean sprout and tofu,124,71.8,4,3.03,20.15, ,0.98,13,51,25,486,55,-,-,-,-,-,-,-,-,-,-,-,-,-,-,,,,,,,,,,,,,,,,,,,,,,,,,,,,,,
11071,ข้าวราดผักรวม,Rice topped with stir-fried mixed vegetables,118.00,72.3,3.12,2.1,21.61, ,0.83,9,36,9,446,79,-,-,-,-,-,-,-,-,-,-,-,-,-,-,,,,,,,,,,,,,,,,,,,,,,,,,,,,,,
11072,ข้าวราดผัดเผ็ดไก่กับหน่อไม้ดอง,Rice topped with spicy stir-fried chicken chilies and sour bamboo,150,67.4,5.21,4.68,21.73, ,1,11,55,12,428,131,-,-,-,-,-,-,-,-,-,-,-,-,-,-,,,,,,,,,,,,,,,,,,,,,,,,,,,,,,
11073,ข้าวราดผัดเผ็ดปลาดุกสด,Rice topped with spicy stir-fried catfish and chili paste,137,69.4,6.03,4.21,18.82, ,1.54,32,75,20,552,173,-,-,-,-,-,-,-,-,-,-,-,-,-,-,,,,,,,,,,,,,,,,,,,,,,,,,,,,,,
11074,ข้าวราดผัดเผ็ดหอยแมลงภู่,Rice topped with spicy stir-fried mussel and chili paste,144,67.5,5.98,3.61,21.84, ,1.05,12,72,20,417,32,-,-,-,-,-,-,-,-,-,-,-,-,-,-,,,,,,,,,,,,,,,,,,,,,,,,,,,,,,
11075,ข้าวราดผัดเผ็ดหอยลาย,Rice topped with spicy stir-fried clams and chili paste,141,69.1,2.63,4.65,22.23, ,1.44,155,49,17,392,106,-,-,-,-,-,-,-,-,-,-,-,-,-,-,,,,,,,,,,,,,,,,,,,,,,,,,,,,,,
11076,ข้าวราดผัดพริกซิ่ง ใส่ถั่วฝักยาว,Rice topped with stir-fried bean and red chilli paste,132,71.3,2.72,4.13,21.02, ,0.85,9,43,17,294,107,-,-,-,-,-,-,-,-,-,-,-,-,-,-,,,,,,,,,,,,,,,,,,,,,,,,,,,,,,
11077,ข้าวราดผัดฟักทองกับไข่,Rice topped with stir-fried pumpkin and egg,121,71.1,3.64,1.8,22.61, ,0.88,7,56,13,308,155,-,-,-,-,-,-,-,-,-,-,-,-,-,-,,,,,,,,,,,,,,,,,,,,,,,,,,,,,,
11078,ข้าวราดผัดมะเขือยาวกับหมูสับ,Rice topped with stir-fried eggplant and minced pork,145,68.5,3.2,4.33,23.25, ,0.74,12,37,15,271,122,-,-,-,-,-,-,-,-,-,-,-,-,-,-,,,,,,,,,,,,,,,,,,,,,,,,,,,,,,
11079,ข้าวราดผัดมะระกับไข่,Rice topped with stir-fried bitter melon and egg,159,69.4,4.57,7.8,17.66, ,0.57,19,66,9,141,96,-,-,-,-,-,-,-,-,-,-,-,-,-,-,,,,,,,,,,,,,,,,,,,,,,,,,,,,,,
11080,ข้าวราดยำไข่ดาว,Rice topped with fried egg salad,174,65.1,5.44,7.8,20.58, ,1.11,21,95,8,468,69,-,-,-,-,-,-,-,-,-,-,-,-,-,-,,,,,,,,,,,,,,,,,,,,,,,,,,,,,,
11081,ข้าวราดยำมะเขือยาวกับไข่ดาว,Rice topped with grilled eggplant and fried egg salad,92,78.1,3.38,1.57,15.98, ,0.96,9,43,8,325,74,-,-,-,-,-,-,-,-,-,-,-,-,-,-,,,,,,,,,,,,,,,,,,,,,,,,,,,,,,
11082,ข้าวราดยำหมูยอ,Rice topped with pork sausage salad,144,70.1,4.37,5.9,18.43, ,1.16,9,48,13,503,85,-,-,-,-,-,-,-,-,-,-,-,-,-,-,,,,,,,,,,,,,,,,,,,,,,,,,,,,,,
11083,ข้าวราดหน้าไก่ผัดใบกะเพรา,Rice topped with stir-fried chicken and holy basil leaves,191,60.3,5.6,7.3,25.6,0.4,1.2,172,66,-,-,-,0.4,-,-,-,131,0,11,0.07,0.19,2.5,0,-,-,-,,,,,,,,,,,,,,,,,,,,,,,,,,,,,,
11084,ข้าวราดหมูทอดกระเทียมพริกไทย,Rice topped with fried pork garlic and pepper,193,57,6.1,4.91,31.16, ,0.84,7,88,10,267,107,-,-,-,-,-,-,-,-,-,-,-,-,-,-,,,,,,,,,,,,,,,,,,,,,,,,,,,,,,
11085,ข้าวราดหมูสับผัดแม็กกี้,Rice topped with stir-fried minced pork and soysauce,190,58.1,7.9,5.21,27.78, ,1.06,5,115,8,836,163,-,-,-,-,-,-,-,-,-,-,-,-,-,-,,,,,,,,,,,,,,,,,,,,,,,,,,,,,,
11086,ข้าวหมกไก่ + อาจาด,Rice cooked with chicken and curry powder,158,66.5,6.94,6.07,19, ,1.48,6,75,8,411,117,-,-,-,-,-,-,-,-,-,-,-,-,-,-,,,,,,,,,,,,,,,,,,,,,,,,,,,,,,
11087,ข้าวหมูแดง,Rice with roasted (red) pork and gravy,169,63.3,6.2,5.6,23.5,0.2,1.4,352,72,-,-,-,0.2,-,-,-,61,0,5,0.02,-,1.3,0,-,-,-,,,,,,,,,,,,,,,,,,,,,,,,,,,,,,
11088,ข้าวหมูอบ,Rice with baked seasoning pork,174,61.7,7.94,5.28,23.76, ,1.34,7,76,10,546,171,-,-,-,-,-,-,-,-,-,-,-,-,-,-,,,,,,,,,,,,,,,,,,,,,,,,,,,,,,
11089,ข้าวเหนียวชุบไข่ ปิ้ง,Glutinous rice steamed dipped with egg roasted,231,43.2,2.4,1.8,51.4,0.2,1.2,3,47,-,-,-,-,-,-,-,-,-,-,0.03,0.68,-,-,-,-,-,,,,,,,,,,,,,,,,,,,,,,,,,,,,,,
11090,ส้มตำ ปู - กุ้ง,Papaya salad with crab and dried shrimp,85,77.8,3.7,2.1,12.8,1.6,3.6,71,64,-,-,-,0,-,-,-,53,-,4,0.01,0.75,1.8,3,-,-,-,,,,,,,,,,,,,,,,,,,,,,,,,,,,,,
11091,สุกี้ ไก่ น้ำ,Suki with chicken vegetables and soup,47,88.1,3.76,1.1,5.49, ,1.52,16,41,10,656,81,-,-,-,-,-,-,-,-,-,-,-,-,-,-,,,,,,,,,,,,,,,,,,,,,,,,,,,,,,
11092,สุกี้ รวมมิตร น้ำ,Suki with meat seafood vegetables and soup,39,90.1,3.94,1.08,3.38, ,1.47,15,47,12,571,91,-,-,-,-,-,-,-,-,-,-,-,-,-,-,,,,,,,,,,,,,,,,,,,,,,,,,,,,,,
11093,สุกี้ รวมมิตร แห้ง,Suki with meat seafood and vegetables stir-fried,104,78.3,5.7,4.44,10.27, ,1.34,41,60,15,515,114,-,-,-,-,-,-,-,-,-,-,-,-,-,-,,,,,,,,,,,,,,,,,,,,,,,,,,,,,,
11094,หมี่กรอบ,Crispy fried fine thread rice noodles,505,9.1,2.9,29.4,57.1,0.2,1.5,6,47,-,-,-,0.6,-,-,-,81,-,7,0.08,-,2,2,-,-,-,,,,,,,,,,,,,,,,,,,,,,,,,,,,,,
11095,หมี่กรอบ ราดหน้า ทะเล,Crispy fried fine thread rice noodles topped with seafood chinese kale and gravy,114,76.8,3.58,5.47,12.72, ,1.44,29,36,14,514,83,-,-,-,-,-,-,-,-,-,-,-,-,-,-,,,,,,,,,,,,,,,,,,,,,,,,,,,,,,
11096,หมี่กะทิ,Fine thread rice noodles cooked with coconut milk,173,63.3,3.9,6.6,24.5,0.5,1.7,12,64,16,430,127,0.7,-,-,24,51,-,4,0.1,0.88,0.9,1,0.19,-,-,,,,,,,,,,,,,,,,,,,,,,,,,,,,,,
11097,หอยทอด,Green mussel fried with flour egg and mungbean sprout (Hoi-tod),292,52.1,8.86,21.36,16.13, ,1.57,93,209,25,556,109,0.5,-,-,-,128,0,11,0.1,0.66,2.25,1,-,-,-,,,,,,,,,,,,,,,,,,,,,,,,,,,,,,
11098,แกงกะหรี่ ทูน่า,Curry yellow tuna,129,74.9,10.76,7.09,5.64, ,1.57,-,-,-,-,-,-,-,-,-,-,-,-,-,-,-,-,-,-,-,,,,,,,,,,,,,,,,,,,,,,,,,,,,,,
11099,แกงเขียวหวาน ทูน่า,Curry green tuna,169,68.6,9.16,10.36,9.82, ,2.06,-,-,-,-,-,-,-,-,-,-,-,-,-,-,-,-,-,-,-,,,,,,,,,,,,,,,,,,,,,,,,,,,,,,
11100,แกงเผ็ด เนื้อ,Curry red beef,136,73,10.1,7.77,6.45, ,2.65,-,-,-,-,-,-,-,-,-,-,-,-,-,-,-,-,-,-,-,,,,,,,,,,,,,,,,,,,,,,,,,,,,,,
11101,แกงเลียง,Spicy vegetable and prawn soup,30,91.6,1.44,0.35,5.36, ,1.29,24,40,17,3,170,-,-,-,-,-,-,-,-,-,-,-,-,-,-,,,,,,,,,,,,,,,,,,,,,,,,,,,,,,
11102,ไก่ ทอดกระเทียมพริกไทย,Fried chicken with garlic and pepper,186,63.2,18.38,10.02,5.68, ,2.74,-,-,-,-,-,-,-,-,-,-,-,-,-,-,-,-,-,-,-,,,,,,,,,,,,,,,,,,,,,,,,,,,,,,
11103,ต้มข่า ทูน่า,Soup coconut milk with galangal tuna (Tom-kha-tuna),104,80.2,7.26,6.64,3.82, ,2.11,-,-,-,-,-,-,-,-,-,-,-,-,-,-,-,-,-,-,-,,,,,,,,,,,,,,,,,,,,,,,,,,,,,,
11104,ต้มเลือดหมู,Tom-leud-moo,36,91.6,5.05,1.3,1.04, ,1.03,10,57,10,335,120,-,-,-,-,-,-,-,-,-,-,-,-,-,-,,,,,,,,,,,,,,,,,,,,,,,,,,,,,,
11105,น้ำพริกกะปิ + ปลาทู + ผัก,Shrimp-paste sauce with fried mackerel and vegetable,116,78.1,9.91,7.39,2.58, ,2.06,78,125,31,505,219,-,-,-,-,-,-,-,-,-,-,-,-,-,-,,,,,,,,,,,,,,,,,,,,,,,,,,,,,,
11106,น้ำพริกปลาทู + ผัก,Fried mackerel paste sauce with vegetable,32,91.6,2.12,0.71,4.33, ,1.27,21,36,18,423,186,-,-,-,-,-,-,-,-,-,-,-,-,-,-,,,,,,,,,,,,,,,,,,,,,,,,,,,,,,
11107,ปลาซาบะ ในซอสมะเขือเทศ,Steamed saba in tomato sauce,187,73.4,16.7,13.37,0, ,1.32,-,-,-,-,-,-,-,-,-,-,-,-,-,-,-,-,-,-,-,,,,,,,,,,,,,,,,,,,,,,,,,,,,,,
11108,ปลาซาบะ ย่างซีอิ้ว,Saba grilled with soy sauce,187,60.4,17.56,8.77,9.52, ,3.72,-,-,-,-,-,-,-,-,-,-,-,-,-,-,-,-,-,-,-,,,,,,,,,,,,,,,,,,,,,,,,,,,,,,
11109,ปลาซาร์ดีน ทอด รสเผ็ด,Sardine fried spicy,239,50.2,28.04,11.13,6.65, ,4.03,-,-,-,-,-,-,-,-,-,-,-,-,-,-,-,-,-,-,-,,,,,,,,,,,,,,,,,,,,,,,,,,,,,,
11110,ปลาซาร์ดีน ในซอสมะเขือเทศ,Steamed sardine in tomato sauce,211,54.3,20.1,7.95,14.83, ,2.86,-,-,-,-,-,-,-,-,-,-,-,-,-,-,-,-,-,-,-,,,,,,,,,,,,,,,,,,,,,,,,,,,,,,
11111,ปลาแซลมอน ย่าง,Salmon grilled,156,68.5,21.87,7.65,0, ,2.48,-,-,-,-,-,-,-,-,-,-,-,-,-,-,-,-,-,-,-,,,,,,,,,,,,,,,,,,,,,,,,,,,,,,
11112,ปลาดุกอุย ทอด รสเผ็ด,Fresh-water catfish fried spicy,317,40.7,26.85,19.27,9.14, ,4.02,-,-,-,-,-,-,-,-,-,-,-,-,-,-,-,-,-,-,-,,,,,,,,,,,,,,,,,,,,,,,,,,,,,,
11113,ปลาทู 3 รส,Short bodied mackerel 3 flavors,149,68.5,11.52,6.7,10.68, ,2.64,11,153,38,839,305,-,-,-,-,-,-,-,-,-,-,-,-,-,-,,,,,,,,,,,,,,,,,,,,,,,,,,,,,,
11114,ปลาทูน่า ชนิดก้อน ในน้ำมันพืช,Steamed tuna in vegetable oil,178,64.1,26.43,7.78,0.49, ,1.18,-,-,-,-,-,-,-,-,-,-,-,-,-,-,-,-,-,-,-,,,,,,,,,,,,,,,,,,,,,,,,,,,,,,
11115,ปลาทูน่า แซนวิช ในน้ำมันพืช,Sandwich tuna in vegetable oil,177,67.7,19.06,10.67,1.1, ,1.51,-,-,-,-,-,-,-,-,-,-,-,-,-,-,-,-,-,-,-,,,,,,,,,,,,,,,,,,,,,,,,,,,,,,
11116,ปลาทูน่า เนื้อขาว ชนิดก้อน ในน้ำเกลือ,White tuna canned in brine,112,72,26.4,0.66,0, ,0.96,-,-,-,-,-,-,-,-,-,-,-,-,-,-,-,-,-,-,-,,,,,,,,,,,,,,,,,,,,,,,,,,,,,,
11117,ปลาทูน่า เนื้อขาวชนิดก้อน ในน้ำแร่,White tuna canned in water,115,71,27.93,0.4,0, ,0.91,-,-,-,-,-,-,-,-,-,-,-,-,-,-,-,-,-,-,-,,,,,,,,,,,,,,,,,,,,,,,,,,,,,,
11118,ปลาทูน่า ในน้ำเกลือ,Tuna canned in brine,129,71.1,30.71,0.67,0, ,1.77,-,-,-,-,-,-,-,-,-,-,-,-,-,-,-,-,-,-,-,,,,,,,,,,,,,,,,,,,,,,,,,,,,,,
11119,ปลาทูน่า ผสมกระเทียม,Tuna canned in brine and garlic,326,52,17.34,27.94,1.33, ,1.42,-,-,-,-,-,-,-,-,-,-,-,-,-,-,-,-,-,-,-,,,,,,,,,,,,,,,,,,,,,,,,,,,,,,
11120,ปลาทูน่า ผัดพริกใบกะเพรา,Tuna stir-fried in basail sauce,200,64.1,11.95,12.97,8.84, ,2.18,-,-,-,-,-,-,-,-,-,-,-,-,-,-,-,-,-,-,-,,,,,,,,,,,,,,,,,,,,,,,,,,,,,,
11121,ปลาทูน่า มายองเนส,Tuna in mayonnaise,158,72.8,9.16,11.12,5.28, ,1.61,-,-,-,-,-,-,-,-,-,-,-,-,-,-,-,-,-,-,-,,,,,,,,,,,,,,,,,,,,,,,,,,,,,,
11122,ปลาทูน่า สเต็กในน้ำเกลือ,Tuna steak canned in brine,117,71.7,25.94,1.45,0, ,1.49,-,-,-,-,-,-,-,-,-,-,-,-,-,-,-,-,-,-,-,,,,,,,,,,,,,,,,,,,,,,,,,,,,,,
11123,ปลาปากคม 3 รส,Pak-kom fish 3 flavors,144,69.5,15.19,7.15,4.76, ,3.38,-,-,-,-,-,-,-,-,-,-,-,-,-,-,-,-,-,-,-,,,,,,,,,,,,,,,,,,,,,,,,,,,,,,
11124,ปลาแมกเคอเรล ในซอสมะเขือเทศ,Mackerel canned in tomato sauce,122,76.6,13.32,7.38,0.54, ,2.2,-,-,-,-,-,-,-,-,-,-,-,-,-,-,-,-,-,-,-,,,,,,,,,,,,,,,,,,,,,,,,,,,,,,
11125,ปลาแมคเคอเรลราดพริก,Mackerel canned in chilli sauce,203,56.6,15.14,8.97,15.52, ,3.76,-,-,-,-,-,-,-,-,-,-,-,-,-,-,-,-,-,-,-,,,,,,,,,,,,,,,,,,,,,,,,,,,,,,
11126,ปลาหลังขาว 3 รส,Lung khao fish 3 flavors,293,39.2,16.38,13.55,26.44, ,4.46,-,-,-,-,-,-,-,-,-,-,-,-,-,-,-,-,-,-,-,,,,,,,,,,,,,,,,,,,,,,,,,,,,,,
11127,พะแนงหมู,Pork curry (Pha-naeng),158,69.8,12.24,9.17,6.7, ,2.09,-,-,-,-,-,-,-,-,-,-,-,-,-,-,-,-,-,-,-,,,,,,,,,,,,,,,,,,,,,,,,,,,,,,
11128,มัสมั่นทูน่า,Tuna curry matsaman,235,59.3,14.15,16.03,8.44, ,2.06,-,-,-,-,-,-,-,-,-,-,-,-,-,-,-,-,-,-,-,,,,,,,,,,,,,,,,,,,,,,,,,,,,,,
11129,ลาบปลาดุก,Spicy minced catfish salad,153,70.7,12.33,9.05,5.68, ,2.27,38,194,18,494,191,-,-,-,-,-,-,-,-,-,-,-,-,-,-,,,,,,,,,,,,,,,,,,,,,,,,,,,,,,
11130,หมู ทอดกระเทียมพริกไทย,Fried pork with garlic and pepper,241,57.6,18.73,15.98,5.54, ,2.18,-,-,-,-,-,-,-,-,-,-,-,-,-,-,-,-,-,-,-,,,,,,,,,,,,,,,,,,,,,,,,,,,,,,
11131,หอยแครง ปรุงรส,Seasoned cockle,265,43.5,20.29,10.66,21.87, ,3.68,-,-,-,-,-,-,-,-,-,-,-,-,-,-,-,-,-,-,-,,,,,,,,,,,,,,,,,,,,,,,,,,,,,,
11132,หอยลาย ทอด รสเผ็ด,Seasoned clam,309,30.7,24.95,11.74,25.78, ,6.8,-,-,-,-,-,-,-,-,-,-,-,-,-,-,-,-,-,-,-,,,,,,,,,,,,,,,,,,,,,,,,,,,,,,
11133,ก๋วยเตี๋ยวผัดปู รวมถั่วงอกดิบ,Rice noodles fried with crab and raw mungbean sprout,243,44.9,2.94,6.12,44.1, ,1.9,54,37,23,545,135,1.19,0.37,12.71,20,96,0,8,0.01,0.08,1.33,-,0.74,-,-,,,,,,,,,,,,,,,,,,,,,,,,,,,,,,
11134,แกงขี้เหล็ก,Curry cassia leaves,182,81.8,2.8,19.02,0, ,1.84,32,44,20,598,142,0.99,0.16,0.4,8,-,-,-,0.05,0.03,1.09,-,-,-,-,,,,,,,,,,,,,,,,,,,,,,,,,,,,,,
11135,แกงเขียวหวานหมู,Green curry pork,136,82.7,6.31,12.32,0, ,1.86,15,64,23,571,242,1.09,0.16,0.8,12,40,0,3,0.12,0.06,3.32,-,0.2,-,-,,,,,,,,,,,,,,,,,,,,,,,,,,,,,,
11136,แกงบอน,Kang-bon,39,88.2,1.55,0.32,7.53, ,2.43,50,26,15,437,152,0.67,0.09,0.3,54,50,0,4,0.03,0.02,1.74,-,0.22,-,-,,,,,,,,,,,,,,,,,,,,,,,,,,,,,,
11137,แกงส้มผักรวมกับปลาช่อน,Kang-som vegetables and striped snakehead fish,24,93.1,1.96,0.49,2.91, ,1.54,20,27,3,509,128,1.09,0.11,0.99,11,34,0,3,0.03,0.04,1.03,-,0.31,-,-,,,,,,,,,,,,,,,,,,,,,,,,,,,,,,
11138,แกงหมูชะมวง,Kang-moo-chamoung,194,56.6,10.28,6.5,22.82,2,2.26,44,100,27,625,249,1.1,0.19,4.92,70,142,0,12,0.03,0.18,2.85,-,0.61,-,-,,,,,,,,,,,,,,,,,,,,,,,,,,,,,,
11139,แกงหอยขม,Curry river snail,126,76.2,5.46,10,2.39,2,3.87,633,69,73,618,161,16.2,0.94,2.52,85,184,0,15,0.07,0.16,2.81,-,0.81,-,-,,,,,,,,,,,,,,,,,,,,,,,,,,,,,,
11140,ขนมจีนน้ำยาวน้ำ,Round rice noodles with coconut milk pineapple ground shrimps and garlic,120,74.9,2.5,4.6,17,0.1,0.9,143,43,-,-,-,0.9,-,-,-,4,0,tr,-,0.2,1,0,-,-,-,-,,,,,,,,,,,,,,,,,,,,,,,,,,,,,
11141,ขนมจีนน้ำพริก,Round rice noodles with shrimp mungbean peanut and curry,168,65.9,3.58,8.57,19.06, ,2.87,36,61,32,413,204,1.12,0.28,0.52,53,111,0,9,0.03,tr,1.83,-,0.32,-,-,,,,,,,,,,,,,,,,,,,,,,,,,,,,,,
11142,ขนมจีนน้ำพริก รวมผัก,Round rice noodles with shrimp mungbean peanut curry and vegetable,152,68.2,3.4,6.6,19.5,0.3,2,32,54,-,-,-,1.2,-,-,51,94,0,8,0.02,0.1,1.5,1,0.32,-,-,,,,,,,,,,,,,,,,,,,,,,,,,,,,,,
11143,ขนมจีนน้ำยา,Round rice noodles with fish curry and coconut milk,95,81.8,2.4,5.4,9.07, ,1.33,21,35,18,436,165,0.97,0.13,-,21,42,0,4,0.03,0.04,0.99,-,0.08,-,-,,,,,,,,,,,,,,,,,,,,,,,,,,,,,,
11144,ขนมจีนน้ำยา รวมผัก,Round rice noodles with fish curry coconut milk and vegetable,80,83,2.7,3.6,9.2,0.2,1.3,80,41,-,-,-,0.6,-,-,22,53,0,9,0.02,0.11,1,0,0.08,-,-,,,,,,,,,,,,,,,,,,,,,,,,,,,,,,
11145,ขนมจีนน้ำยาป่า,Round rice noodles with fish curry (without coconut milk),66,82.8,1.96,0.63,13.12, ,1.49,17,33,16,499,129,1.38,0.22,9.66,19,0,0,0,0.02,0.04,1.47,-,0.09,-,-,,,,,,,,,,,,,,,,,,,,,,,,,,,,,,
11146,ซุปหน่อไม้,Bamboo shoot salad,41,88.5,2.5,0.8,6,1,2.2,251,31,-,-,-,1.3,-,-,-,95,0,8,-,0.08,0.4,1,-,-,-,-,,,,,,,,,,,,,,,,,,,,,,,,,,,,,
11147,เต้าเจี้ยว หลน,Preserved soy bean dip (Lhon tao jiew),72,83.6,3.52,2.94,7.95, ,2.03,29,61,32,576,274,1.73,0.26,0.77,14,529,0,44,0.02,0.06,0.82,-,0.53,-,-,,,,,,,,,,,,,,,,,,,,,,,,,,,,,,
11148,น้ำพริก ปลาร้า ผักลวก,Namprik-pla-ra with blanched vegetable,88,87.3,3.42,7.99,0,1.31,2.26,48,55,27,697,212,1.98,0.22,0.4,17,90,0,7,0.05,0.06,2.09,-,0.59,-,-,,,,,,,,,,,,,,,,,,,,,,,,,,,,,,
11149,ห่อหมก ปลาช่อน ใบยอ,Snakehead fish with curry and indian-mulberry leaves steamed,126,81.3,9.9,9.6,0, ,1.94,132,76,42,417,252,1.65,0.28,0.72,53,8787,0,732,-,0.07,3.75,-,2.21,-,-,,,,,,,,,,,,,,,,,,,,,,,,,,,,,,
11150,แกงไก่ใส่หัวยกล้วย,Curry chicken and young banana stem,124,80.8,6.74,10,0, ,3.3,-,-,-,-,-,-,-,-,13,38,0,3,-,0.07,1.64,-,0.41,-,-,,,,,,,,,,,,,,,,,,,,,,,,,,,,,,
11151,แกงขี้เหล็ก (ดอกขี้เหล็ก) ใส่ปลาย่าง,Curry cassia leaves and flowers,197,79.2,4.28,20,0, ,1.72,38,72,32,547,195,0.99,0.3,0.59,52,898,0,75,0.08,0.05,2.72,-,0.95,-,-,,,,,,,,,,,,,,,,,,,,,,,,,,,,,,
11152,แกงไข่ (ไข่เป็ด),Curry duck egg,158,71.8,8.17,10.96,6.77, ,2.3,-,-,-,-,-,-,-,-,24,44,48,52,0.05,0.18,1.78,-,0.85,-,-,,,,,,,,,,,,,,,,,,,,,,,,,,,,,,
11153,แกงใตปลา,Curry fermented fish viscera,50,86.6,5.28,2.21,1.33,1.6,3.13,34,68,30,1001,187,1.51,0.16,2.06,42,25,107,109,0.06,0.11,2.83,-,0.22,-,-,,,,,,,,,,,,,,,,,,,,,,,,,,,,,,
11154,แกงน้ำเคย (แกงเคยปลา),Curry fermented tiny fish,39,86.8,6.97,0.69,1.15, ,4.4,-,-,-,-,-,-,-,-,38,38,0,3,-,0.07,2.12,-,0.04,-,-,,,,,,,,,,,,,,,,,,,,,,,,,,,,,,
11155,แกงพริกปลาตัวเล็ก,Curry small fish,74,80.5,9.96,2.43,3.03, ,4.1,-,-,-,-,-,-,-,-,36,41,0,3,-,0.1,1.83,-,0.74,-,-,,,,,,,,,,,,,,,,,,,,,,,,,,,,,,
11156,แกงมัสมั่นเนื้อ,Curry matsaman beef,252,66,10.21,23.42,0, ,2.36,34,110,46,612,290,2.02,0.48,3.28,40,60,60,65,0.05,0.2,2.49,-,0.54,-,-,,,,,,,,,,,,,,,,,,,,,,,,,,,,,,
11157,แกงส้มรวมกับปลา,Kang-som vegetables and fish,50,87.4,5.22,2.98,0.56, ,3.8,-,-,-,-,-,-,-,-,36,0,0,0,0.05,0.07,1.76,-,0.34,-,-,,,,,,,,,,,,,,,,,,,,,,,,,,,,,,
11158,แกงเหลืองใส่ปลา,Yellow curry (sour soup) fish,41,85.5,7.8,0.14,1.32,1.6,3.69,70,93,26,874,212,0.78,0.29,1.98,87,55,0,5,0.06,0.04,1.85,-,0.38,-,-,,,,,,,,,,,,,,,,,,,,,,,,,,,,,,
11159,ไก่กอและ,Chicken fried,233,50.7,23.02,9.79,13.25, ,3.2,-,-,-,-,-,-,-,-,21,58,0,5,0.06,0.18,3.92,-,0.87,-,-,,,,,,,,,,,,,,,,,,,,,,,,,,,,,,
11160,ขนมจีนน้ำพริก,Round rice noodles with shrimp mungbean peanut and curry,109,77.3,2.56,4.71,14.06, ,1.4,-,-,-,-,-,-,-,-,11,46,0,4,0.09,0.05,0.14,-,0.17,-,-,,,,,,,,,,,,,,,,,,,,,,,,,,,,,,
11161,ขนมจีนน้ำยากะทิ,Round rice noodles with fish curry and coconut milk,75,82.6,3.2,3.31,6.59,3.1,1.2,91,50,28,318,132,0.83,0.16,0.58,22,67,0,6,0.04,0.08,1.28,0,0.1,-,-,,,,,,,,,,,,,,,,,,,,,,,,,,,,,,
11162,ขนมจีนน้ำยาป่า,Round rice noodles with fish curry (with out coconut milk),65,82.8,2.41,0.4,12.89, ,1.5,-,-,-,-,-,-,-,-,19,22,0,2,-,0.4,1.07,-,0.13,-,-,,,,,,,,,,,,,,,,,,,,,,,,,,,,,,
11163,ขนมจีนน้ำละซอ,,91,76.9,1.9,1.29,17.97, ,1.9,-,-,-,-,-,-,-,-,7,10,0,1,0.04,0.03,0.47,-,0.09,-,-,,,,,,,,,,,,,,,,,,,,,,,,,,,,,,
11164,ข้าวยำ ข้าวสีม่วง,Purple rice with assorted vegetable served with Budu sauce,169,59.6,4.99,3.02,30.42, ,2,-,-,-,-,-,-,-,-,9,90,0,8,0.01,0.06,1.82,-,0.09,-,-,,,,,,,,,,,,,,,,,,,,,,,,,,,,,,
11165,ข้าวยำคลุก,Spicy rice salad with vegetable,152,58.8,4.96,0,32.99, ,3.3,-,-,-,-,-,-,-,-,38,41,0,3,-,0.07,2.32,-,0.18,-,-,,,,,,,,,,,,,,,,,,,,,,,,,,,,,,
11166,ข้าวยำปักษ์ใต้,Rice with assorted vegetable served with Budu sauce,164,62.8,3.98,4.9,26.02, ,2.3,-,-,-,-,-,-,-,-,24,0,0,0,0.03,0.07,2.02,-,0.17,-,-,,,,,,,,,,,,,,,,,,,,,,,,,,,,,,
11167,ข้าวหมกไก่,Rice cooked with chicken and curry powder (Koa Mook Gai),158,63.4,5.1,3.3,26.9, ,1.3,-,-,-,-,-,-,-,-,22,0,0,0,0.03,0.05,13.12,-,0.23,-,-,,,,,,,,,,,,,,,,,,,,,,,,,,,,,,
11168,นาชิดาแม - แกงกุ้ง (ข้าวเจ้า + ข้าวเหนียว หุงกับกะทิราดแกงกุ้ง),Rice and glutinous rice boiled with coconut milk with shrimp curry,213,47.2,3.36,2.05,45.19, ,2.2,-,-,-,-,-,-,-,-,23,19,0,2,0.04,0.03,0.33,-,0.29,-,-,,,,,,,,,,,,,,,,,,,,,,,,,,,,,,
11169,นาชิดาแม - แกงปลา (ข้าวเจ้า + ข้าวเหนียว หุงกับกะทิราดแกงปลา),Rice and glutinous rice boiled with coconut milk with fish curry,163,60,3.64,2.25,32.11, ,2,-,-,-,-,-,-,-,-,76,32,5,8,0.08,0.08,0.68,-,0.39,-,-,,,,,,,,,,,,,,,,,,,,,,,,,,,,,,
11170,นาชิตีเน้ (ข้าวอัดเป็นแท่ง ราดด้วยปลานึ่ง และมะพร้าวคั้ว),Rice with steamed fish and roasted grated coconut meat,119,72,1.41,1.87,24.16, ,0.6,-,-,-,-,-,-,-,-,24,0,0,0,0.02,0.02,7.79,-,0,-,-,,,,,,,,,,,,,,,,,,,,,,,,,,,,,,
11171,นาชิมีเยาะ (ข้าวเจ้าหุงกับกะทิราดแกงตุ้ม แกงปลา),Rice boiled with coconut milk with fish curry,172,58.5,3.37,1.24,36.85, ,-,-,-,-,-,-,-,-,-,11,58,0,5,0.06,0.09,0.83,-,0.59,-,-,,,,,,,,,,,,,,,,,,,,,,,,,,,,,,
11172,ผัดคั่วกลิ้ง เนื้อวัว,Breef stir-fried with curry,147,62.6,21.72,4.63,2.74,3.6,4.74,161,190,67,1423,380,4.54,0.47,7.26,81,96,0,8,0.08,0.22,2.97,-,1.99,-,-,,,,,,,,,,,,,,,,,,,,,,,,,,,,,,
11173,ผัดหมีไทย,Fine rice noodles fried,208,53.2,3.35,5.96,35.15, ,2.3,-,-,-,-,-,-,-,-,24,24,0,2,-,0.06,2.63,-,0.15,-,-,,,,,,,,,,,,,,,,,,,,,,,,,,,,,,
11174,ยำบูดู,Budu Muslim fish sauce spicy salad,50,72.8,10.62,0.45,0.93, ,15.2,-,-,-,-,-,-,-,-,19,28,0,2,0.01,0.11,1.7,-,0.37,-,-,,,,,,,,,,,,,,,,,,,,,,,,,,,,,,
11175,ยำสาหร่ายผมนาง,Spirulina spicy salad,108,74.8,2.36,2.6,17.24,3,-,-,-,-,-,-,-,-,-,1326,0,0,0,0.03,0.05,5.63,-,0.12,-,-,,,,,,,,,,,,,,,,,,,,,,,,,,,,,,
11176,สมันปลา,Dried shredded fish,355,25.3,31.81,15.05,22.21,1.7,3.97,103,310,90,1151,522,4.76,0.97,7.48,73,0,59,59,0.21,0.2,4.97,-,0.77,-,-,,,,,,,,,,,,,,,,,,,,,,,,,,,,,,
11177,เส้นหมี่ ผัดซีอิ้ว,Rice noodles fine thread stir-fried with pork egg and soysauce,164,60.1,2.4,2.09,33.91, ,1.5,-,-,-,-,-,-,-,-,24,0,0,0,0.03,0.05,2.18,-,0.14,-,-,,,,,,,,,,,,,,,,,,,,,,,,,,,,,,
11178,แกงขนุนอ่อน,Curry young jackfruit,49,89.8,2.45,2.94,3.19, ,1.62,41,31,13,384,106,1.01,0.14,0.66,29,54,0,5,0.05,0.07,1.34,1,0.46,-,-,,,,,,,,,,,,,,,,,,,,,,,,,,,,,,
11179,แกงมักกาดจอ,Kang-pak-gard-jor,53,87.9,2.8,3.2,2.39,1.8,1.92,71,44,18,477,170,1.32,0.11,0.78,48,979,0,82,0.06,0.11,1.29,2,0.93,-,-,,,,,,,,,,,,,,,,,,,,,,,,,,,,,,
11180,แกงฮังเล,Kang-hung-le,215,62.3,11.14,16,5.21,2.8,2.5,49,82,28,579,195,1.49,0.12,1.1,39,63,0,5,0.16,0.22,2.66,-,0.49,-,-,,,,,,,,,,,,,,,,,,,,,,,,,,,,,,
11181,ขนมจีน น้ำเงี้ยว,Round rice noodles with minced pork spare rib blood and soup,107,82.4,2.71,8.42,5.2, ,1.27,24,29,11,279,79,2.08,0.12,0.4,27,27,0,2,0.06,0.1,1.47,-,0.13,-,-,,,,,,,,,,,,,,,,,,,,,,,,,,,,,,
11182,ข้าวซอย ไก่,Noodle with chicken curry,151,72.9,5.83,10.56,7.37,1.6,1.77,22,66,15,416,150,1.24,0.25,1.06,28,46,0,4,0.13,0.08,2.98,-,0.3,-,-,,,,,,,,,,,,,,,,,,,,,,,,,,,,,,
11183,น้ำพริกอ่อง,Nam-prik-ong,213,68.7,6.9,19.66,0,4.1,3.02,38,79,23,720,326,1.51,0.17,1.05,42,357,0,30,0.25,0.15,2.64,-,1.1,-,-,,,,,,,,,,,,,,,,,,,,,,,,,,,,,,
11184,ลาบคั่ว หมู,Spicy minced pork salad,175,67.7,13.01,12.16,1.85,3.2,2.14,28,123,22,599,353,3.15,0.77,1.84,84,101,1889,1898,0.18,0.35,5.01,-,0.77,-,-,,,,,,,,,,,,,,,,,,,,,,,,,,,,,,
11185,ลาบคั่วหมูผสมตับ,Spicy minced pork and liver salad,172,66.4,11.68,10.74,5.39,3.8,2.04,20,107,27,519,468,2.4,0.16,1.39,197,111,108,118,0.21,0.38,4.78,-,0.7,-,-,,,,,,,,,,,,,,,,,,,,,,,,,,,,,,
11186,ไส้อั่ว,Sausage northern style,420,37.4,18,36.1,5.75, ,2.75,53,134,48,686,382,3.29,0.25,2.5,90,18,0,2,0.1,0.32,3.39,-,0.32,-,-,,,,,,,,,,,,,,,,,,,,,,,,,,,,,,
11187,ก้อยอีสาน,Chopped beef cooked,105,72.4,15.8,1.4,7.4,1.4,3,20,161,-,-,-,1,-,-,-,192,543,575,0.02,1.98,6.1,0,-,-,-,,,,,,,,,,,,,,,,,,,,,,,,,,,,,,
11188,แกงกล้วยกับไก่,Curry banana and chicken,105,80.9,5.17,6.94,5.41, ,1.6,52,-,29,403,264,-,-,-,27,65,0,5,0.08,0.09,0.3,-,0.74,-,-,,,,,,,,,,,,,,,,,,,,,,,,,,,,,,
11189,แกงเนือก ใส่ปลา,Curry taro and fish,50,86.3,4.11,0.32,7.65, ,1.6,29,-,30,429,258,-,-,-,22,39,0,3,0.03,0.05,2.1,-,0.31,-,-,,,,,,,,,,,,,,,,,,,,,,,,,,,,,,
11190,แกงหน่อไม้,Bamboo shoot curry,26,92.7,1.41,0.51,3.9, ,1.5,-,-,-,-,-,-,-,-,15,111,0,9,0.02,0.05,1.21,-,0.1,-,-,,,,,,,,,,,,,,,,,,,,,,,,,,,,,,
11191,แกงหอยขม,Curry river snail,45,86.4,5.41,0.26,5.14, ,2.84,401,61,401,519,66,11.4,1.69,2.64,26,366,0,30,0.05,0.14,2.3,-,0.63,-,-,,,,,,,,,,,,,,,,,,,,,,,,,,,,,,
11192,แกงอ่อม เนื้อ,Spicy soup with bee (Gaeng-om),55,88.8,3.54,3.63,2.01, ,2,-,-,-,-,-,-,-,-,14,361,0,30,0.04,0.09,2.04,-,0.31,-,-,,,,,,,,,,,,,,,,,,,,,,,,,,,,,,
11193,แกงอ่อม ปลา,Spicy soup with fish (Gaeng-om),53,89,4.73,3.8,0.02, ,2.47,245,119,24,631,150,1.79,0.2,0.58,20,462,0,39,0.04,0.11,1.67,-,0.42,-,-,,,,,,,,,,,,,,,,,,,,,,,,,,,,,,
11194,ขนมจีนน้ำนัวปลาร้า,,87,77.1,1.77,0.74,18.37, ,2,24,-,12,747,74,-,-,-,31,0,0,0,0.02,0.04,0.89,-,0.08,-,-,,,,,,,,,,,,,,,,,,,,,,,,,,,,,,
11195,ขนมจีนน้ำยาป่า,Round rice noodles with fish curry (without coconut milk),47,87.4,2.2,0.24,8.9, ,1.29,31,31,14,374,100,0.54,0.11,0.42,16,39,0,3,-,0.06,1.25,-,0.14,-,-,,,,,,,,,,,,,,,,,,,,,,,,,,,,,,
11196,ซุปหน่อไม้,Bamboo shoot spicy salad,26,92.3,1.64,0.68,3.4, ,2,-,-,-,-,-,-,-,-,15,5,0,tr,0.01,0.03,0.54,-,0.04,-,-,,,,,,,,,,,,,,,,,,,,,,,,,,,,,,
11197,ซุปกะทิหน่อไม้,Bamboo shoot with coconut milk spicy salad,35,91.1,1.65,1.31,4.12, ,1.8,-,-,-,-,-,-,-,-,12,23,0,2,0.01,0.09,1.07,-,0.25,-,-,,,,,,,,,,,,,,,,,,,,,,,,,,,,,,
11198,ซุปมะเขือ/ยำมะเขือเปราะ,Eggplant spicy salad,40,88.8,2.64,0.7,5.81, ,2.1,25,-,32,589,295,-,-,-,9,475,0,40,0.06,0.11,1.37,-,0.4,-,-,,,,,,,,,,,,,,,,,,,,,,,,,,,,,,
11199,ซุปมะเขือยาว,Eggplant (brinjal) spicy salad,59,81.4,3.34,0.41,10.59, ,4.3,-,-,-,-,-,-,-,-,15,97,0,8,0.1,0.12,10.7,-,0.33,-,-,,,,,,,,,,,,,,,,,,,,,,,,,,,,,,
11200,ตำมะเขือพวง,Solanum spicy salad,94,70.9,8.32,2.23,6.5,7.3,4.7,81,147,27,1106,392,1.73,0.39,0.88,55,138,0,12,0.12,0.2,1.14,-,0.89,-,-,,,,,,,,,,,,,,,,,,,,,,,,,,,,,,
11201,ลาบเนื้อ รวมผักสด,Spicy minced beef salad with vegetable,112,73.9,12.4,4,5.96,1.4,2.32,45,112,33,650,276,2.41,0.34,2.19,15,177,64,79,0.09,0.17,2.13,-,0.14,-,-,,,,,,,,,,,,,,,,,,,,,,,,,,,,,,
11202,ลาบเลือด อีสาน,Spicy beef and ox-blood salad,99,73.9,15.7,1.2,6.4,1.1,2.8,9,141,-,-,-,1.8,-,-,-,149,364,389,0.12,1.36,3.8,-,-,-,-,,,,,,,,,,,,,,,,,,,,,,,,,,,,,,
11203,ส้มตำ ปลาร้า,Papaya fermented fish salad,36,87.9,2.15,0.64,4.11,2.8,2.41,74,29,23,716,197,1.76,0.19,0.42,17,66,0,5,0.06,0.05,0.94,-,0.35,-,-,,,,,,,,,,,,,,,,,,,,,,,,,,,,,,
11204,ส้มตำ อีสาน,Papaya salad,28,90.4,1.8,0.3,4.5,0.9,3,94,44,-,-,-,0,-,-,-,49,0,8,0.01,0.05,0.7,3,-,-,-,,,,,,,,,,,,,,,,,,,,,,,,,,,,,,
11205,ไส้กรอก อีสาน,Sausage northeastern style,398,36.3,17.3,30.5,13.5,0.7,2.4,70,124,-,-,-,0,-,-,-,0,0,0,0.08,0.45,2.6,0,-,-,-,,,,,,,,,,,,,,,,,,,,,,,,,,,,,,
11206,ห่อหมกไข่ปลา,Fish roe with curry steamed,230,67.9,13.26,19.69,0, ,3.4,-,-,-,-,-,-,-,-,67,44,66,69,0.03,0.05,2.66,-,0.25,-,-,,,,,,,,,,,,,,,,,,,,,,,,,,,,,,
11207,กนน้ำฉ่าย,Vegetarian check of mustard (Ghana chai),249,64.4,1.69,23.74,7.15, ,3,23,tr,13,1041,33,1.57,-,-,5,-,-,-,0,0.03,-,-,-,-,-,,,,,,,,,,,,,,,,,,,,,,,,,,,,,,
11208,กุ้งเจ,Vegetarian shrimp,72,79.8,0.07,0.1,17.64, ,2.38,46,8,1,506,16,0.16,-,-,14,0,0,0,0,0.03,-,-,-,-,-,,,,,,,,,,,,,,,,,,,,,,,,,,,,,,
11209,เกี้ยวทอด อาหารเจ,Vegetarian fried wontons,197,57.5,3.3,6.6,31.1,0.6,1.5,352,49,-,-,1,-,-,-,-,72,-,6,0.43,1.6,-,-,-,-,-,,,,,,,,,,,,,,,,,,,,,,,,,,,,,,
11210,แกงส้มผักรวม อาหารเจ,Vegetarian sour soup mixed vegetables,33,90.8,1.1,0.4,6.3,0.6,1.4,17,20,-,-,1,-,-,-,-,108,-,9,0.03,0.2,9,-,-,-,-,,,,,,,,,,,,,,,,,,,,,,,,,,,,,,
11211,แกงอ่อมมะระใส่เห็ด อาหารเจ,Vegetarian gaeng om ma ra with mushroom,49,88,0.9,2,6.9, ,2.2,3,27,-,-,1,-,-,-,-,30,-,3,0.11,0.7,6,-,-,-,-,,,,,,,,,,,,,,,,,,,,,,,,,,,,,,
11212,ข้าวกล้องราดลาบเห็ด อาหารเจ,Brown rice topped with Spicy minced mushroom salad,158,64.9,5.89,4.72,23.1, ,1.39,9,119,31,234,95,-,-,-,-,-,-,-,-,-,-,-,-,-,-,,,,,,,,,,,,,,,,,,,,,,,,,,,,,,
11213,ต้มจับฉ่าย อาหารเจ,Vegetarian chinese vegetable stew,50,89,1.85,3.4,3.12, ,1.67,53,30,20,767,191,1.14,-,-,3,-,-,-,0.01,0.07,-,-,-,-,-,,,,,,,,,,,,,,,,,,,,,,,,,,,,,,
11214,ต้มพะโล้ อาหารเจ,Vegetarian sweet brown sauce,121,75.7,10.09,6.25,6.06, ,1.88,23,89,45,557,117,1.56,-,-,17,-,-,-,0.01,0.07,-,-,-,-,-,,,,,,,,,,,,,,,,,,,,,,,,,,,,,,
11215,ต้มหน่อไม้จีน อาหารเจ,Vegetarian foodie chubby lawyer,36,92.3,1.3,1.88,3.42, ,1.12,7,tr,4,425,33,0.3,-,-,2,-,-,-,0.01,0.02,-,-,-,-,-,,,,,,,,,,,,,,,,,,,,,,,,,,,,,,
11216,ทอดมันถั่วเขียว อาหารเจ,Vegetarian fried mung bean-paste balls,248,48.3,4.6,10.6,33.6,1,2.9,37,82,-,-,2,-,-,-,-,198,-,17,0.09,1.1,1,-,-,-,-,,,,,,,,,,,,,,,,,,,,,,,,,,,,,,
11217,เนื้อเป็ด อาหารเจ,Vegetarian duck meat,137,66.1,23.08,1.39,7.99, ,1.41,181,32,14,53,70,1.01,-,-,5,-,-,-,0.04,0.09,-,-,-,-,-,,,,,,,,,,,,,,,,,,,,,,,,,,,,,,
11218,ปลาเค็ม อาหารเจ,Vegetarian salted fish,222,54.7,17.85,11.76,11.16, ,4.51,64,163,27,1405,139,2.72,-,-,39,-,-,-,0.02,0.14,-,-,-,-,-,,,,,,,,,,,,,,,,,,,,,,,,,,,,,,
11219,ปลาเส้นผสมสาหร่าย อาหารเจ,Vegetarian fish and seaweed,107,76.1,1.71,4.08,15.77, ,2.33,12,16,7,763,120,0.29,-,-,17,-,-,-,0,0.03,-,-,-,-,-,,,,,,,,,,,,,,,,,,,,,,,,,,,,,,
11220,ปลิงทะเล อาหารเจ,Vegetarian sea cucumber,22,93.8,0.08,0.12,5.21, ,0.77,18,17,7,367,22,0.33,-,-,7,-,-,-,0,0.02,-,-,-,-,-,,,,,,,,,,,,,,,,,,,,,,,,,,,,,,
11221,ผัดกิโซบะ อาหารเจ,Vegetarian chinese style preserved bamboo soup,138,69.7,4.58,4.87,18.84, ,2.05,35,53,24,728,146,0.09,-,-,3,-,-,-,0.02,0.06,-,-,-,-,-,,,,,,,,,,,,,,,,,,,,,,,,,,,,,,
11222,ผัดวุ้นเส้น (ผัดโฮ้) อาหารเจ,Vegetarian pad woon sen,152,71.9,1.4,9.1,16.1,1.5,1.5,14,39,-,-,2,-,-,-,-,162,-,14,0.18,1.2,0,-,-,-,-,,,,,,,,,,,,,,,,,,,,,,,,,,,,,,
11223,ผัดหมี่ซั่ว อาหารเจ,Vegetarian stir-fried rice noodles,119,73.4,4.29,3.8,17.02, ,1.61,19,36,10,663,94,0.88,-,-,2,-,-,-,0.02,0.03,-,-,-,-,-,,,,,,,,,,,,,,,,,,,,,,,,,,,,,,
11224,ฟองเต้าหู้ อาหารเจ,Vegetarian soybean sheet,226,56.2,24.12,12.13,4.97, ,2.58,105,302,87,1091,232,5.54,-,-,66,-,-,-,0,0.07,-,-,-,-,-,,,,,,,,,,,,,,,,,,,,,,,,,,,,,,
11225,ยำก๋วยเตี๋ยวเซี่ยงไฮ้ อาหารเจ,Vegetarian spicy shanghai soodle salad,80,76.6,1.7,0.4,17.4,0.4,3.9,13,26,-,-,2,-,-,-,-,66,-,6,0.04,0.3,5,-,-,-,-,,,,,,,,,,,,,,,,,,,,,,,,,,,,,,
11226,เย็นตาโฟ อาหารเจ,Vegetarian yentafo noodles soup,188,62.5,4.1,8.8,23.2,0.5,1.4,162,41,-,-,2,-,-,-,-,306,-,26,0.37,0.5,-,-,-,-,-,,,,,,,,,,,,,,,,,,,,,,,,,,,,,,
11227,ลูกชิ้นไส้เห็ด อาหารเจ,Vegetarian mushroom ball,87,78,2.18,1.53,16.17, ,2.1,62,28,6,833,88,0.45,-,-,56,-,-,-,0,0.05,-,-,-,-,-,,,,,,,,,,,,,,,,,,,,,,,,,,,,,,
11228,ไส้อั่ว อาหารเจ,Vegetarian Thai spicy sausage (Sai-aour),162,61.1,17.19,3.68,15, ,3.04,60,115,39,779,259,4.16,-,-,74,-,-,-,0.09,0.12,-,-,-,-,-,,,,,,,,,,,,,,,,,,,,,,,,,,,,,,
11229,หมี่กรอบ อาหารเจ,Vegetarian crispy fried noodles,182,66.4,2.7,10.2,19.9,0.6,0.8,17,36,-,-,1,-,-,-,-,0,-,0,0.18,1,-,-,-,-,-,,,,,,,,,,,,,,,,,,,,,,,,,,,,,,
11230,หมี่กัง รวม อาหารเจ,Vegetarian kueng rice noodles,134,67.4,26.79,0.9,4.7, ,0.33,14,49,9,310,6,2.08,-,-,4,-,-,-,-,0.06,-,-,-,-,-,,,,,,,,,,,,,,,,,,,,,,,,,,,,,,
11231,หมี่เหลืองผัดซีอิ้ว อาหารเจ,Vegetarian fried yellow noodles in soy sauce,131,72.9,3.2,5.4,17.3,0.5,1.2,165,40,-,-,-,-,-,-,-,168,-,14,0.71,2.6,-,-,-,-,-,,,,,,,,,,,,,,,,,,,,,,,,,,,,,,
11232,หมู - ไต อาหารเจ,Vegetarian pork-pig kidney,36,88.8,0.71,0.6,6.97, ,2.97,949,20,9,178,12,0.46,-,-,-,-,-,-,-,-,-,-,-,-,-,,,,,,,,,,,,,,,,,,,,,,,,,,,,,,
11233,หมูย่าง อาหารเจ,Vegetarian roasted pork,231,54.8,19.9,12.2,10.32, ,2.74,140,199,42,1307,197,4.82,-,-,49,-,-,-,0.02,0.12,-,-,-,-,-,,,,,,,,,,,,,,,,,,,,,,,,,,,,,,
11234,หมูสามชั้น อาหารเจ,Vegetarian streaky pork,98,77.7,2.01,3.41,14.92, ,1.97,262,25,8,871,83,0.25,-,-,34,-,-,-,0,0.07,-,-,-,-,-,,,,,,,,,,,,,,,,,,,,,,,,,,,,,,
12001,กล้วยแขก,Banana deep fried,315,37.2,2.3,15.9,37.8,5.6,1.2,-,-,-,-,-,-,-,-,-,-,-,-,-,-,-,-,-,-,,100g,,,,,,,,,,,,,,,,,,,,,,,,,,,,,
12001,กล้วยแขก,Banana deep fried,85,10,0.62,4.29,10.21,1.5,0.32,-,-,-,-,-,-,-,-,-,-,-,-,-,-,-,-,-,-,,1 piece (27g),,,,,,,,,,,,,,,,,,,,,,,,,,,,,
12002,กล้วยไข่ เชื่อม,Banana boiled in syrup,238,41.3,1.2,1.8,53.3,1.7,0.7,-,-,-,-,-,-,-,-,-,-,-,-,-,-,-,-,-,-,,100g,,,,,,,,,,,,,,,,,,,,,,,,,,,,,
12002,กล้วยไข่ เชื่อม,Banana boiled in syrup,180,31.4,0.91,1.37,40.51,1.3,0.5,-,-,-,-,-,-,-,-,-,-,-,-,-,-,-,-,-,-,,2 piece (76g),,,,,,,,,,,,,,,,,,,,,,,,,,,,,
12003,ขนมกล้วย,Ka-nom gluay,182,57.1,1.31,2.74,37.94, ,0.93,,-,-,264,-,-,-,-,-,-,-,-,-,-,-,-,-,26.33,-,100g,,,,,,,,,,,,,,,,,,,,,,,,,,,,,
12003,ขนมกล้วย,Ka-nom gluay,91,28.5,0.66,1.37,18.97, ,0.46,,-,-,132,-,-,-,-,-,-,-,-,-,-,-,-,-,13.17,-,1 piece (50g),,,,,,,,,,,,,,,,,,,,,,,,,,,,,
12004,ขนมเกลือ/เข้าหนมเกลือ,Ka-nom-glae Northern style,110,73.2,1.51,1.57,22.56, ,1.16,,-,-,423,-,-,-,-,-,-,-,-,-,-,-,-,-,3.8,-,100g,,,,,,,,,,,,,,,,,,,,,,,,,,,,,
12004,ขนมเกลือ/เข้าหนมเกลือ,Ka-nom-glae Northern style,55,36.6,0.76,0.79,11.28, ,0.58,,-,-,212,-,-,-,-,-,-,-,-,-,-,-,-,-,1.9,-,1 piece (50g),,,,,,,,,,,,,,,,,,,,,,,,,,,,,
12005,ขนมโก้,Ka-nom-goh,425,7.1,4.7,11.4,75.82,0.5,1,,-,-,-,-,-,-,-,-,-,-,-,-,-,-,-,-,-,,100g,,,,,,,,,,,,,,,,,,,,,,,,,,,,,
12005,ขนมโก้,Ka-nom-goh,127,2.1,1.41,3.42,22.75,0.2,0.3,,-,-,-,-,-,-,-,-,-,-,-,-,-,-,-,-,-,,1 piece (30g),,,,,,,,,,,,,,,,,,,,,,,,,,,,,
12006,ขนมโกสุย/ขนมถ้วยน้ำตาลแดง,Ka-nom-go-sui Southern style,187,54.8,1.16,1.62,41.97, ,0.45,,-,-,83,-,-,-,-,-,-,-,-,-,-,-,-,-,26,-,100g,,,,,,,,,,,,,,,,,,,,,,,,,,,,,
12006,ขนมโกสุย/ขนมถ้วยน้ำตาลแดง,Ka-nom-go-sui Southern style,75,21.9,0.46,0.65,16.79, ,0.18,,-,-,33,-,-,-,-,-,-,-,-,-,-,-,-,-,10.4,-,1 cup (40g),,,,,,,,,,,,,,,,,,,,,,,,,,,,,
12007,ขนมขี้มอด,Ka-nom-ki-mod Southern style,442,2.4,3.6,11.31,81.36,0.6,1.34,,-,-,237,-,-,-,-,-,-,-,-,-,-,-,-,-,64.3,-,100g,,,,,,,,,,,,,,,,,,,,,,,,,,,,,
12007,ขนมขี้มอด,Ka-nom-ki-mod Southern style,177,1,1.44,4.52,32.54,0.2,0.53,,-,-,95,-,-,-,-,-,-,-,-,-,-,-,-,-,25.72,-,1 pack (40g),,,,,,,,,,,,,,,,,,,,,,,,,,,,,
12008,ขนมขี้มั้น/ขนมเปียกขี้มั้น,Kha-nom-ki-mun Southern style,225,48.2,1.66,4.15,45.34, ,0.65,,-,-,133,-,-,-,-,-,-,-,-,-,-,-,-,-,28.3,-,100g,,,,,,,,,,,,,,,,,,,,,,,,,,,,,
12008,ขนมขี้มั้น/ขนมเปียกขี้มั้น,Kha-nom-ki-mun Southern style,113,24.1,0.83,2.08,22.67, ,0.33,,-,-,67,-,-,-,-,-,-,-,-,-,-,-,-,-,14.15,-,1 piece (50g),,,,,,,,,,,,,,,,,,,,,,,,,,,,,
12009,ขนมโค,Ka-nom-co Southern style,225,49.3,2.84,4.84,42.4, ,0.62,,-,-,179,-,-,-,-,-,-,-,-,-,-,-,-,-,11.3,-,100g,,,,,,,,,,,,,,,,,,,,,,,,,,,,,
12009,ขนมโค,Ka-nom-co Southern style,72,15.8,0.91,1.55,13.57, ,0.2,,-,-,57,-,-,-,-,-,-,-,-,-,-,-,-,-,3.62,-,4 piece (32g),,,,,,,,,,,,,,,,,,,,,,,,,,,,,
12010,ขนมชั้น,Ka-nom chan,247,44.4,0.85,5.17,49.18, ,0.29,,-,-,72,-,-,-,-,-,-,-,-,-,-,-,-,-,30.11,-,100g,,,,,,,,,,,,,,,,,,,,,,,,,,,,,
12010,ขนมชั้น,Ka-nom chan,99,17.8,0.34,2.07,19.67, ,0.12,,-,-,29,-,-,-,-,-,-,-,-,-,-,-,-,-,12,-,1 piece (40g),,,,,,,,,,,,,,,,,,,,,,,,,,,,,
12011,ขนมถ้วย ใบเตย,Kha-nom Thuai,155,64,1.4,2.97,30.77, ,0.86,,-,-,263,-,-,-,-,-,-,-,-,-,-,-,-,-,14,-,100g,,,,,,,,,,,,,,,,,,,,,,,,,,,,,
12011,ขนมถ้วย ใบเตย,Kha-nom Thuai,62,25.6,0.56,1.19,12.31, ,0.34,,-,-,105,-,-,-,-,-,-,-,-,-,-,-,-,-,5.6,-,1 cup (40g),,,,,,,,,,,,,,,,,,,,,,,,,,,,,
12012,ขนมลา,Ka-nom-la Southern style,430,8.2,1.92,13.05,76.14, ,0.69,,-,-,93,-,-,-,-,-,-,-,-,-,-,-,-,-,28.3,-,100g,,,,,,,,,,,,,,,,,,,,,,,,,,,,,
12012,ขนมลา,Ka-nom-la Southern style,107,2.1,0.48,3.26,19.04, ,0.17,,-,-,23,-,-,-,-,-,-,-,-,-,-,-,-,-,7.08,-,1 piece (25g),,,,,,,,,,,,,,,,,,,,,,,,,,,,,
12013,ขนมลา กรอบ,Ka-nom-la crispy Southern style,387,7,0.35,3.04,89.54, ,0.07,,-,-,3,-,-,-,-,-,-,-,-,-,-,-,-,-,51.7,-,100g,,,,,,,,,,,,,,,,,,,,,,,,,,,,,
12013,ขนมลา กรอบ,Ka-nom-la crispy Southern style,116,2.1,0.11,0.91,26.86, ,0.02,,-,-,1,-,-,-,-,-,-,-,-,-,-,-,-,-,15.51,-,2 piece (30g),,,,,,,,,,,,,,,,,,,,,,,,,,,,,
12014,ขนมเหนียว,Ka-nom-niao,273,39.8,2.79,7.03,49.75, ,0.64,,-,-,111,-,-,-,-,-,-,-,-,-,-,-,-,-,22.2,-,100g,,,,,,,,,,,,,,,,,,,,,,,,,,,,,
12014,ขนมเหนียว,Ka-nom-niao,164,23.9,1.67,4.22,29.85, ,0.38,,-,-,66,-,-,-,-,-,-,-,-,-,-,-,-,-,13.32,-,4 piece (60g),,,,,,,,,,,,,,,,,,,,,,,,,,,,,
12015,ข้าวต้มจิ้ม/ข้าวต้มหัวหงอก,Kao-tom-jim,201,52.3,2.7,2.63,41.61, ,0.76,,-,-,186,-,-,-,-,-,-,-,-,-,-,-,-,-,13.78,-,100g,,,,,,,,,,,,,,,,,,,,,,,,,,,,,
12015,ข้าวต้มจิ้ม/ข้าวต้มหัวหงอก,Kao-tom-jim,100,26.2,1.35,1.31,20.81, ,0.38,,-,-,93,-,-,-,-,-,-,-,-,-,-,-,-,-,6.89,-,1 piece (50g),,,,,,,,,,,,,,,,,,,,,,,,,,,,,
12016,ข้าวต้มมัดดิน/ข้าวต้มมัดภาคเหนือ,Kao tom thaw din (steamed glutinous rice with peanut and banana filling),193,54.8,5.47,2.89,36.34, ,0.5,,-,-,189,-,-,-,-,-,-,-,-,-,-,-,-,-,0,-,100g,,,,,,,,,,,,,,,,,,,,,,,,,,,,,
12016,ข้าวต้มมัดดิน/ข้าวต้มมัดภาคเหนือ,Kao tom thaw din (steamed glutinous rice with peanut and banana filling),116,32.9,3.28,1.73,21.8, ,0.3,,-,-,113,-,-,-,-,-,-,-,-,-,-,-,-,-,-,-,1 piece (60g),,,,,,,,,,,,,,,,,,,,,,,,,,,,,
12017,ข้าวต้มมัด/ข้าวต้มผัด,Kao-tom-mad (steamed glutinous rice with black bean and banana filling),183,56.3,2.53,2.31,38, ,0.87,,-,-,221,-,-,-,-,-,-,-,-,-,-,-,-,-,14.55,-,100g,,,,,,,,,,,,,,,,,,,,,,,,,,,,,
12017,ข้าวต้มมัด/ข้าวต้มผัด,Kao-tom-mad (steamed glutinous rice with black bean and banana filling),128,39.4,1.77,1.62,26.6, ,0.61,,-,-,154,-,-,-,-,-,-,-,-,-,-,-,-,-,12.95,-,1 piece (70g),,,,,,,,,,,,,,,,,,,,,,,,,,,,,
12018,ข้าวเหนียวขาว หน้าปลาแห้ง,Khao-niao-na-pla (Sweet sticky rice with dried fish),260,38.5,4.01,4.01,52.08, ,1.41,,-,-,406,-,-,-,-,-,-,-,-,-,-,-,-,-,21.83,-,100g,,,,,,,,,,,,,,,,,,,,,,,,,,,,,
12018,ข้าวเหนียวขาว หน้าปลาแห้ง,Khao-niao-na-pla (Sweet sticky rice with dried fish),208,30.8,3.21,3.21,41.66, ,1.12,,-,-,325,-,-,-,-,-,-,-,-,-,-,-,-,-,17.46,-,1 pack (80g),,,,,,,,,,,,,,,,,,,,,,,,,,,,,
12019,ข้าวเหนียวขาว หน้าสังขยา,Sweet sticky rice with Thai custard,258,43.6,4.09,7.41,43.82, ,1.06,,-,-,265,-,-,-,-,-,-,-,-,-,-,-,-,-,18.83,-,100g,,,,,,,,,,,,,,,,,,,,,,,,,,,,,
12019,ข้าวเหนียวขาว หน้าสังขยา,Sweet sticky rice with Thai custard,207,34.9,3.27,5.93,35.06, ,0.85,,-,-,212,-,-,-,-,-,-,-,-,-,-,-,-,-,15.06,-,1 pack (80g),,,,,,,,,,,,,,,,,,,,,,,,,,,,,
12020,ข้าวเหนียวดำ เปียก,Soft sweet black sticky rice with coconut cream,135,67.8,1.18,1.65,28.82, ,0.57,,-,-,158,-,-,-,-,-,-,-,-,-,-,-,-,-,17.03,-,100g,,,,,,,,,,,,,,,,,,,,,,,,,,,,,
12020,ข้าวเหนียวดำ เปียก,Soft sweet black sticky rice with coconut cream,270,135.5,2.37,3.31,57.65, ,1.15,,-,-,316,-,-,-,-,-,-,-,-,-,-,-,-,-,34.07,-,1 pack (200g),,,,,,,,,,,,,,,,,,,,,,,,,,,,,
12021,ข้าวเหนียวมูล,Khao-niao-moon (glutinous rice steamed in coconut milk),281,35.8,3.1,6.3,52.2,1.7,0.9,,-,-,-,-,-,-,-,-,-,-,-,-,-,-,-,-,-,,100g,,,,,,,,,,,,,,,,,,,,,,,,,,,,,
12021,ข้าวเหนียวมูล,Khao-niao-moon (glutinous rice steamed in coconut milk),497,66.4,5.58,11.34,93.96,3.1,1.62,,-,-,-,-,-,-,-,-,-,-,-,-,-,-,-,-,-,,1 cup (180g),,,,,,,,,,,,,,,,,,,,,,,,,,,,,
12022,ซาหริ่ม,Sa-Rim (mungbean thread in coconut milk),160,65,0.2,4.5,29,1.2,0.1,,-,-,-,-,-,-,-,-,-,-,-,-,-,-,-,-,-,,100g,,,,,,,,,,,,,,,,,,,,,,,,,,,,,
12022,ซาหริ่ม,Sa-Rim (mungbean thread in coconut milk),315,130,0.4,9,58,2.4,0.2,,-,-,-,-,-,-,-,-,-,-,-,-,-,-,-,-,-,,1 pack (200g),,,,,,,,,,,,,,,,,,,,,,,,,,,,,
12023,ตะโก้แห้ว,Tako-heaw (water chestnut and coconut custard topping),133,71.6,0.7,5.7,18.2,3,0.8,,-,-,-,-,-,-,-,-,-,-,-,-,-,-,-,-,-,,100g,,,,,,,,,,,,,,,,,,,,,,,,,,,,,
12023,ตะโก้แห้ว,Tako-heaw (water chestnut and coconut custard topping),38,21.5,0.21,1.71,5.46,0.9,0.24,,-,-,-,-,-,-,-,-,-,-,-,-,-,-,-,-,-,,1 piece (30g),,,,,,,,,,,,,,,,,,,,,,,,,,,,,
12024,ทองหยอด,Thong yod (golden drop),305,31.7,3.53,6.92,56.9,0.6,0.39,,-,-,40,-,-,-,-,-,-,-,-,-,-,-,-,-,56.58,-,100g,,,,,,,,,,,,,,,,,,,,,,,,,,,,,
12024,ทองหยอด,Thong yod (golden drop),82,8.5,0.95,1.87,15.36,0.2,0.11,,-,-,11,-,-,-,-,-,-,-,-,-,-,-,-,-,15.28,-,3 piece (27g),,,,,,,,,,,,,,,,,,,,,,,,,,,,,
12025,ทองหยิบ,Thong yip (golden flower),395,24.5,7.9,19.7,45.9,1.3,0.7,,-,-,-,-,-,-,-,-,-,-,-,-,-,-,-,-,-,,100g,,,,,,,,,,,,,,,,,,,,,,,,,,,,,
12025,ทองหยิบ,Thong yip (golden flower),107,6.6,2.13,5.32,12.39,0.4,0.19,,-,-,-,-,-,-,-,-,-,-,-,-,-,-,-,-,-,,3 piece (27g),,,,,,,,,,,,,,,,,,,,,,,,,,,,,
12026,บัวลอยเผือก,Taro balls in coconut milk,149,66.2,0.8,4.1,26.3,1.7,0.9,,-,-,-,-,-,-,-,-,-,-,-,-,-,-,-,-,-,,100g,,,,,,,,,,,,,,,,,,,,,,,,,,,,,
12026,บัวลอยเผือก,Taro balls in coconut milk,320,145.6,1.76,9.02,57.86,3.7,1.98,,-,-,-,-,-,-,-,-,-,-,-,-,-,-,-,-,-,,1 cup (220g),,,,,,,,,,,,,,,,,,,,,,,,,,,,,
12027,ปลากริม,Ka-nom-pla-grim,117,73.8,0.64,2.83,22.21, ,0.57,,-,-,232,-,-,-,-,-,-,-,-,-,-,-,-,-,9,-,100g,,,,,,,,,,,,,,,,,,,,,,,,,,,,,
12027,ปลากริม,Ka-nom-pla-grim,234,147.5,1.28,5.66,44.42, ,1.14,,-,-,463,-,-,-,-,-,-,-,-,-,-,-,-,-,18,-,1 pack (200g),,,,,,,,,,,,,,,,,,,,,,,,,,,,,
12028,เปียกปูน,Kha-nom-piak-poon (coconut sweet pudding with coconut),161,61.4,1.1,1.62,35.46, ,0.42,,-,-,93,-,-,-,-,-,-,-,-,-,-,-,-,-,19.78,-,100g,,,,,,,,,,,,,,,,,,,,,,,,,,,,,
12028,เปียกปูน,Kha-nom-piak-poon (coconut sweet pudding with coconut),80,30.7,0.55,0.81,17.73, ,0.21,,-,-,46,-,-,-,-,-,-,-,-,-,-,-,-,-,9.89,-,1 piece (50g),,,,,,,,,,,,,,,,,,,,,,,,,,,,,
12029,เปียกปูน สีดำ,Black coconut sweet pudding,135,67.5,0.97,1.31,29.93, ,0.29,,-,-,34,-,-,-,-,-,-,-,-,-,-,-,-,-,19.5,-,100g,,,,,,,,,,,,,,,,,,,,,,,,,,,,,
12029,เปียกปูน สีดำ,Black coconut sweet pudding,68,33.8,0.49,0.66,14.97, ,0.15,,-,-,17,-,-,-,-,-,-,-,-,-,-,-,-,-,9.75,-,1 piece (50g),,,,,,,,,,,,,,,,,,,,,,,,,,,,,
12030,ฝอยทอง,Foi thong (golden thread),420,21,12.71,22.51,40.67,1.9,1.23,,-,-,65,-,-,-,-,-,-,-,-,-,-,-,-,-,41.94,-,100g,,,,,,,,,,,,,,,,,,,,,,,,,,,,,
12030,ฝอยทอง,Foi thong (golden thread),145,6.7,4.65,8.18,13.01,0.6,0.39,,-,-,21,-,-,-,-,-,-,-,-,-,-,-,-,-,11.8,-,1 piece (32g),,,,,,,,,,,,,,,,,,,,,,,,,,,,,
12031,เม็ดขนุน,Med khanun (bean paste),351,27.6,9.43,13.79,44.61,3.6,0.97,,-,-,58,-,-,-,-,-,-,-,-,-,-,-,-,-,38.25,-,100g,,,,,,,,,,,,,,,,,,,,,,,,,,,,,
12031,เม็ดขนุน,Med khanun (bean paste),111,8.8,3.02,4.41,14.28,1.2,0.31,,-,-,19,-,-,-,-,-,-,-,-,-,-,-,-,-,12.24,-,4 piece (32g),,,,,,,,,,,,,,,,,,,,,,,,,,,,,
12032,ลอดช่องไทย น้ำกะทิ,Lod-chong in coconut milk,108,75.7,0.72,3.04,18.7,1.5,0.38,,-,-,62,-,-,-,-,-,-,-,-,-,-,-,-,-,12.3,-,100g,,,,,,,,,,,,,,,,,,,,,,,,,,,,,
12032,ลอดช่องไทย น้ำกะทิ,Lod-chong in coconut milk,216,151.3,1.44,6.07,37.41,3,0.76,,-,-,124,-,-,-,-,-,-,-,-,-,-,-,-,-,24.6,-,1 pack (200g),,,,,,,,,,,,,,,,,,,,,,,,,,,,,
12033,ลูกชุบ,Look choup (mock miniature fruit),276,36.6,6.6,6.6,45.5,4,0.7,,-,-,-,-,-,-,-,-,-,-,-,-,-,-,-,-,-,,100g,,,,,,,,,,,,,,,,,,,,,,,,,,,,,
12033,ลูกชุบ,Look choup (mock miniature fruit),88,11.7,2.11,2.11,14.56,1.3,0.22,,-,-,-,-,-,-,-,-,-,-,-,-,-,-,-,-,-,,4 piece (32g),,,,,,,,,,,,,,,,,,,,,,,,,,,,,
12034,วุ้นกะทิ ใบเตย,Jelly with coconut cream and pandanus leaf flavor,133,72.8,0.6,5.4,20.5,0,0.7,,-,-,-,-,-,-,-,-,-,-,-,-,-,-,-,-,-,,100g,,,,,,,,,,,,,,,,,,,,,,,,,,,,,
12034,วุ้นกะทิ ใบเตย,Jelly with coconut cream and pandanus leaf flavor,53,29.1,0.24,2.16,8.2,0,0,,-,-,-,-,-,-,-,-,-,-,-,-,-,-,-,-,-,,2 piece (40g),,,,,,,,,,,,,,,,,,,,,,,,,,,,,
12035,สังขยา ไข่,Egg custard steamed,169,60.5,6.9,4.5,23.3,3.8,1,,-,-,-,-,-,-,-,-,-,-,-,-,-,-,-,-,-,,100g,,,,,,,,,,,,,,,,,,,,,,,,,,,,,
12035,สังขยา ไข่,Egg custard steamed,81,30.2,3.45,2.26,11.65,1.9,0.5,,-,-,-,-,-,-,-,-,-,-,-,-,-,-,-,-,-,,1 piece (50g),,,,,,,,,,,,,,,,,,,,,,,,,,,,,
12036,หม้อแกงไข่,Maw kaeng kai (egg custard baked),218,55,6.52,9.28,25.68,2.8,0.73,,-,-,108,-,-,-,-,-,-,-,-,-,-,-,-,-,23.2,-,100g,,,,,,,,,,,,,,,,,,,,,,,,,,,,,
12036,หม้อแกงไข่,Maw kaeng kai (egg custard baked),174,44,5.22,7.42,20.54,2.2,0.58,,-,-,86,-,-,-,-,-,-,-,-,-,-,-,-,-,18.56,-,1 piece (80g),,,,,,,,,,,,,,,,,,,,,,,,,,,,,
12037,หม้อแกงถั่ว,Maw kaeng tow (mungbean custard baked),218,55.5,6.13,10.3,23.07,4.2,0.83,,-,-,239,-,-,-,-,-,-,-,-,-,-,-,-,-,18.9,-,100g,,,,,,,,,,,,,,,,,,,,,,,,,,,,,
12037,หม้อแกงถั่ว,Maw kaeng tow (mungbean custard baked),174,44.4,4.9,8.24,18.46,3.4,0.67,,-,-,191,-,-,-,-,-,-,-,-,-,-,-,-,-,15.12,-,1 piece (80g),,,,,,,,,,,,,,,,,,,,,,,,,,,,,
12038,ขนมปัง หน้าเนย,Butter bread,356,28.5,7.65,14.97,47.62, ,1.48,-,-,-,-,-,-,-,-,-,-,-,-,-,-,-,-,-,-,,100g,,,,,,,,,,,,,,,,,,,,,,,,,,,,,
12038,ขนมปัง หน้าเนย,Butter bread,196,15.7,4.21,8.23,26.19, ,0.81,-,-,-,-,-,-,-,-,-,-,-,-,-,-,-,-,-,-,,1 piece (55g),,,,,,,,,,,,,,,,,,,,,,,,,,,,,
12039,ขนมปังพิซซ่า ไก่,Pizza with chicken Bread,315,49.5,5.97,23.59,19.61, ,1.38,-,-,-,-,-,-,-,-,-,-,-,-,-,-,-,-,,11.02,,100g,,,,,,,,,,,,,,,,,,,,,,,,,,,,,
12039,ขนมปังพิซซ่า ไก่,Pizza with chicken Bread,173,27.2,3.28,12.97,10.79, ,0.76,-,-,-,-,-,-,-,-,-,-,-,-,-,-,-,-,,6.06,,1 piece (55g),,,,,,,,,,,,,,,,,,,,,,,,,,,,,
12040,ขนมปังพิซซ่า ทูน่า,Pizza with tuna Bread,300,49.2,7.12,20.54,21.59, ,1.54,-,-,-,-,-,-,-,-,-,-,-,-,-,-,-,-,,10.12,,100g,,,,,,,,,,,,,,,,,,,,,,,,,,,,,
12040,ขนมปังพิซซ่า ทูน่า,Pizza with tuna Bread,165,27.1,3.92,11.3,11.87, ,0.85,-,-,-,-,-,-,-,-,-,-,-,-,-,-,-,-,,5.57,,1 piece (55g),,,,,,,,,,,,,,,,,,,,,,,,,,,,,
12041,ขนมปังพิซซ่า ไส้กรอกหมู,Pizza with pork sausage Bread,340,36.1,10.17,18.29,33.63, ,1.82,-,-,-,-,-,-,-,-,-,-,-,-,-,-,-,-,,10.18,,100g,,,,,,,,,,,,,,,,,,,,,,,,,,,,,
12041,ขนมปังพิซซ่า ไส้กรอกหมู,Pizza with pork sausage Bread,187,19.8,5.59,10.06,18.5, ,1,-,-,-,-,-,-,-,-,-,-,-,-,-,-,-,-,,5.6,,1 piece (55g),,,,,,,,,,,,,,,,,,,,,,,,,,,,,
12042,ขนมปังพิซซ่า ไส้กรอก,Pizza with sausage Bread,321,47.2,6.74,23.3,21.04, ,1.76,-,-,-,-,-,-,-,-,-,-,-,-,-,-,-,-,,8.08,,100g,,,,,,,,,,,,,,,,,,,,,,,,,,,,,
12042,ขนมปังพิซซ่า ไส้กรอก,Pizza with sausage Bread,176,25.9,3.71,12.82,11.57, ,0.97,-,-,-,-,-,-,-,-,-,-,-,-,-,-,-,-,,4.44,,1 piece (55g),,,,,,,,,,,,,,,,,,,,,,,,,,,,,
12043,ครัวซอง,Croissant,452,18,9.43,25.91,45.17, ,1.45,-,-,-,-,-,-,-,-,-,-,-,-,-,-,-,-,,-,,100g,,,,,,,,,,,,,,,,,,,,,,,,,,,,,
12043,ครัวซอง,Croissant,248,9.9,5.19,14.25,24.84, ,0.8,-,-,-,-,-,-,-,-,-,-,-,-,-,-,-,-,,-,,1 piece (55g),,,,,,,,,,,,,,,,,,,,,,,,,,,,,
12044,ครัวซอง เนยสด,Fresh butter Croissant,433,18.8,9.4,22.85,47.37, ,1.54,-,-,-,-,-,-,-,-,-,-,-,-,-,-,-,-,,8,,100g,,,,,,,,,,,,,,,,,,,,,,,,,,,,,
12044,ครัวซอง เนยสด,Fresh butter Croissant,238,10.4,5.17,12.57,26.05, ,0.85,-,-,-,-,-,-,-,-,-,-,-,-,-,-,-,-,,4.4,,1 piece (55g),,,,,,,,,,,,,,,,,,,,,,,,,,,,,
12045,ครัวซอง มาการิน,Margarine Croissant,378,24.4,9.55,16.65,47.45, ,1.94,-,-,-,-,-,-,-,-,-,-,-,-,-,-,-,-,,8.91,,100g,,,,,,,,,,,,,,,,,,,,,,,,,,,,,
12045,ครัวซอง มาการิน,Margarine Croissant,208,13.4,5.25,9.16,26.1, ,1.07,-,-,-,-,-,-,-,-,-,-,-,-,-,-,-,-,,4.9,,1 piece (55g),,,,,,,,,,,,,,,,,,,,,,,,,,,,,
12046,คุกกี้ เนย,Butter cookies,549,3.1,7.85,33.09,54.88, ,1.41,-,-,-,-,-,-,-,-,-,-,-,-,-,-,-,-,,-,,100g,,,,,,,,,,,,,,,,,,,,,,,,,,,,,
12046,คุกกี้ เนย,Butter cookies,252,0.9,2.36,9.93,38.22, ,0.77,-,-,-,-,-,-,-,-,-,-,-,-,-,-,-,-,,-,,3 piece (30g),,,,,,,,,,,,,,,,,,,,,,,,,,,,,
12047,เค้ก,Cake,444,27.9,3.74,32.18,34.87, ,1.32,-,-,-,-,-,-,-,-,-,-,-,-,-,-,-,-,,-,,100g,,,,,,,,,,,,,,,,,,,,,,,,,,,,,
12047,เค้ก,Cake,244,15.3,2.06,17.7,19.18, ,0.73,-,-,-,-,-,-,-,-,-,-,-,-,-,-,-,-,,-,,1 piece (55g),,,,,,,,,,,,,,,,,,,,,,,,,,,,,
12048,แซนด์วิช ทูน่า,Tuna sandwich,283,43.9,11.36,12.88,30.32, ,1.6,-,-,-,-,-,-,-,-,-,-,-,-,-,-,-,-,,-,,100g,,,,,,,,,,,,,,,,,,,,,,,,,,,,,
12048,แซนด์วิช ทูน่า,Tuna sandwich,155,24.1,6.25,7.08,16.67, ,0.88,-,-,-,-,-,-,-,-,-,-,-,-,-,-,-,-,,-,,1 piece (55g),,,,,,,,,,,,,,,,,,,,,,,,,,,,,
12049,แซนด์วิช ทูน่าสลัด,Tuna salad Sandwich,244,54,7.62,12.89,24.38, ,1.14,-,-,-,-,-,-,-,-,-,-,-,-,-,-,-,-,,1.84,,100g,,,,,,,,,,,,,,,,,,,,,,,,,,,,,
12049,แซนด์วิช ทูน่าสลัด,Tuna salad Sandwich,134,29.7,4.19,7.09,13.41, ,0.63,-,-,-,-,-,-,-,-,-,-,-,-,-,-,-,-,,1.01,,1 piece (55g),,,,,,,,,,,,,,,,,,,,,,,,,,,,,
12050,แซนด์วิช แฮมชีส,Ham and cheese sandwich,294,41.4,10.15,13.52,32.82, ,2.08,-,-,-,-,-,-,-,-,-,-,-,-,-,-,-,-,,-,,100g,,,,,,,,,,,,,,,,,,,,,,,,,,,,,
12050,แซนด์วิช แฮมชีส,Ham and cheese sandwich,161,22.8,5.58,7.43,18.05, ,1.14,-,-,-,-,-,-,-,-,-,-,-,-,-,-,-,-,,-,,1 piece (55g),,,,,,,,,,,,,,,,,,,,,,,,,,,,,
12051,แซนด์วิช แฮมทูน่า,Ham and tuna sandwich,312,41.8,8.08,16.98,31.71, ,1.48,-,-,-,-,-,-,-,-,-,-,-,-,-,-,-,-,,9.35,,100g,,,,,,,,,,,,,,,,,,,,,,,,,,,,,
12051,แซนด์วิช แฮมทูน่า,Ham and tuna sandwich,172,23,4.44,9.34,17.44, ,0.81,-,-,-,-,-,-,-,-,-,-,-,-,-,-,-,-,,5.14,,1 piece (55g),,,,,,,,,,,,,,,,,,,,,,,,,,,,,
12052,โดนัท บาวาเรียน,Bavarian donut,311,37.7,4.93,13.19,43.16, ,1.06,-,-,-,-,-,-,-,-,-,-,-,-,-,-,-,-,,-,,100g,,,,,,,,,,,,,,,,,,,,,,,,,,,,,
12052,โดนัท บาวาเรียน,Bavarian donut,171,20.7,2.71,7.26,23.74, ,0.58,-,-,-,-,-,-,-,-,-,-,-,-,-,-,-,-,,-,,1 piece (55g),,,,,,,,,,,,,,,,,,,,,,,,,,,,,
12053,โดนัท โรยน้ำตาล,Sugar donut,443,12.9,5.95,20.17,59.48, ,1.47,-,-,-,-,-,-,-,-,-,-,-,-,-,-,-,-,,30.42,,100g,,,,,,,,,,,,,,,,,,,,,,,,,,,,,
12053,โดนัท โรยน้ำตาล,Sugar donut,244,7.1,3.27,11.09,32.71, ,0.81,-,-,-,-,-,-,-,-,-,-,-,-,-,-,-,-,,16.73,,1 piece (55g),,,,,,,,,,,,,,,,,,,,,,,,,,,,,
12054,ทอฟฟี่เค้ก,Toffee cake,471,16,7.24,27.92,47.59, ,1.26,-,-,-,-,-,-,-,-,-,-,-,-,-,-,-,-,,-,,100g,,,,,,,,,,,,,,,,,,,,,,,,,,,,,
12054,ทอฟฟี่เค้ก,Toffee cake,259,8.8,3.98,15.36,26.17, ,0.69,-,-,-,-,-,-,-,-,-,-,-,-,-,-,-,-,,-,,1 piece (55g),,,,,,,,,,,,,,,,,,,,,,,,,,,,,
12055,บราวนี่,Brownies,460,14.6,6.72,24.91,52.32, ,1.42,-,-,-,-,-,-,-,-,-,-,-,-,-,-,-,-,,-,,100g,,,,,,,,,,,,,,,,,,,,,,,,,,,,,
12055,บราวนี่,Brownies,190,4.4,2.02,7.47,28.78, ,0.78,-,-,-,-,-,-,-,-,-,-,-,-,-,-,-,-,,-,,1 piece (30g),,,,,,,,,,,,,,,,,,,,,,,,,,,,,
12056,พัฟ ทูน่า,Tuna puff,377,34.1,9.56,23.88,31.01, ,1.42,-,-,-,-,-,-,-,-,-,-,-,-,-,-,-,-,,-,,100g,,,,,,,,,,,,,,,,,,,,,,,,,,,,,
12056,พัฟ ทูน่า,Tuna puff,207,18.8,5.26,13.13,17.06, ,0.78,-,-,-,-,-,-,-,-,-,-,-,-,-,-,-,-,,-,,1 piece (55g),,,,,,,,,,,,,,,,,,,,,,,,,,,,,
12057,พาย ทูน่า,Tuna pie,340,37.8,6.72,19.44,34.66, ,1.36,-,-,-,-,-,-,-,-,-,-,-,-,-,-,-,-,,9.17,,100g,,,,,,,,,,,,,,,,,,,,,,,,,,,,,
12057,พาย ทูน่า,Tuna pie,187,20.8,3.7,10.69,19.06, ,0.75,-,-,-,-,-,-,-,-,-,-,-,-,-,-,-,-,,5.04,,1 piece (55g),,,,,,,,,,,,,,,,,,,,,,,,,,,,,
12058,แยมโรล,Swiss roll/Jam roll,419,27.2,6.6,26.4,38.83, ,1.07,-,-,-,-,-,-,-,-,-,-,-,-,-,-,-,-,-,-,,100g,,,,,,,,,,,,,,,,,,,,,,,,,,,,,
12058,แยมโรล,Swiss roll/Jam roll,231,14.9,3.63,14.52,21.36, ,0.59,-,-,-,-,-,-,-,-,-,-,-,-,-,-,-,-,-,-,,1 piece (55g),,,,,,,,,,,,,,,,,,,,,,,,,,,,,
12059,แยมโรล วนิลา,Vanilla Jam roll,385,30.1,6.48,22.04,40.3, ,1.07,-,-,-,-,-,-,-,-,-,-,-,-,-,-,-,-,-,-,,100g,,,,,,,,,,,,,,,,,,,,,,,,,,,,,
12059,แยมโรล วนิลา,Vanilla Jam roll,212,16.6,3.56,12.12,22.16, ,0.59,-,-,-,-,-,-,-,-,-,-,-,-,-,-,-,-,-,-,,1 piece (55g),,,,,,,,,,,,,,,,,,,,,,,,,,,,,
12060,เอแคลร์,Eclair,236,56.2,4.67,12.86,25.48, ,0.82,-,-,-,-,-,-,-,-,-,-,-,-,-,-,-,-,-,-,,100g,,,,,,,,,,,,,,,,,,,,,,,,,,,,,
12060,เอแคลร์,Eclair,130,30.9,2.57,7.07,14.01, ,0.45,-,-,-,-,-,-,-,-,-,-,-,-,-,-,-,-,-,-,,3 piece (55g),,,,,,,,,,,,,,,,,,,,,,,,,,,,,
13001,จิ้งโกร่ง ดิบ,Cricket giant raw,188,67,17.5,12,2.5,0,1,-,143,-,-,-,tr,-,-,-,124,-,10,0.11,0.8,3.2,-,-,-,-,-,,,,,,,,,,,,,,,,,,,,,,,,,,,,,
13002,จิ้งหรีด ดิบ,Cricket raw,133,73.3,18.65,6.05,0.97, ,1.08,-,-,-,-,-,-,-,-,15,-,3,3,0.23,1.94,0.93,,0.5,-,-,-,,,,,,,,,,,,,,,,,,,,,,,,,,,,,
13003,ดักแด้ไหม ดิบ,Silk worm pupae raw,152,69.9,14.7,8.3,4.7,0,2.4,7,178,-,-,-,0.1,-,-,-,305,-,25,-,-,0.9,,-,-,-,-,,,,,,,,,,,,,,,,,,,,,,,,,,,,,
13004,ต่อ ตัวแก่ ดิบ,Hornet mature raw,111,76.2,16.2,3.9,2.8,2.2,0.9,114,120,-,-,-,tr,-,-,-,302,-,25,0.02,-,3.1,,-,-,-,-,,,,,,,,,,,,,,,,,,,,,,,,,,,,,
13005,ต่อ ตัวอ่อน ดิบ,Hornet pupae raw,140,72.8,14.8,6.8,4.8,0.6,0.8,46,120,-,-,-,tr,-,-,-,286,0,24,0.02,0.89,3,,-,-,-,-,,,,,,,,,,,,,,,,,,,,,,,,,,,,,
13006,ตั๊กแตน ปาทังกา ดิบ,Bombay locust raw,157,65.6,27.57,4.66,1.22, ,0.96,-,-,-,-,-,-,-,-,38,-,2,2,0.17,3.53,0.89,,2.14,-,-,-,,,,,,,,,,,,,,,,,,,,,,,,,,,,,
13007,ตั๊กแตน ปาทังกา ทอด,Bombay locust fried,476,18.8,39.8,31.4,8.6,7.1,1.4,-,-,-,-,-,-,-,-,-,-,-,-,0.08,7.6,3,,-,-,-,-,,,,,,,,,,,,,,,,,,,,,,,,,,,,,
13008,แมงกระชอน คั่วพริก,Mole cricket fried with chilli,235,52.7,25.3,12.8,4.6, ,4.6,91,271,-,-,-,18,-,-,-,81,0,7,0.23,2.18,1.6,,1.83,-,-,-,,,,,,,,,,,,,,,,,,,,,,,,,,,,,
13009,แมงกินูน ดิบ,Scarab beetle raw,98,76.2,18.13,1.83,2.2, ,1.61,-,-,-,-,-,-,-,-,56,-,0,0,0.31,1.32,3.27,,0.62,-,-,-,,,,,,,,,,,,,,,,,,,,,,,,,,,,,
13010,แมงดับเต่า คั่วพริก,True water beetle fried with chilli,222,51.9,27.9,9.4,6.4, ,4.4,55,267,-,-,-,15.6,-,-,-,167,0,14,0.1,2.09,4.8,,3.14,-,-,-,,,,,,,,,,,,,,,,,,,,,,,,,,,,,
13011,แมงป่อง ดิบ,Scorpion raw,130,69,24.51,2.34,2.81, ,1.35,-,-,-,-,-,-,-,-,36,-,0,0,0.12,0.87,1.16,,0.73,-,-,-,,,,,,,,,,,,,,,,,,,,,,,,,,,,,
13012,แมงมัน คั่ว,Subterranean ants roast,330,42.2,24.1,22,8.9,4.6,2.8,40,230,-,-,-,10.4,-,-,-,92,160,168,0.22,1.13,5.7,,-,-,-,-,,,,,,,,,,,,,,,,,,,,,,,,,,,,,
13013,หนอนไม้ไผ่ ดิบ,Bamboo caterpillar raw,231,67.5,9.25,20.42,2.46, ,0.42,-,-,-,-,-,-,-,-,6,-,10,10,0.55,0.53,1.02,,0.36,-,-,-,,,,,,,,,,,,,,,,,,,,,,,,,,,,,
14001,กุ้ง ชุบแป้งทอด,Shrimp crispy-fried,221,52.1,8.68,10.21,23.6,-,5.41,-,-,-,-,-,-,-,-,-,-,-,-,-,-,-,-,-,-,-,100g,,,,,,,,,,,,,,,,,,,,,,,,,,,,,
14002,กุ้งฝอย ชุบแป้งทอด,Shrimp Lanchester's freshwater crispy-fried,617,6,16.42,50.86,23.3,-,3.6,-,-,-,-,-,-,-,-,-,-,-,-,-,-,-,-,-,-,-,100g,,,,,,,,,,,,,,,,,,,,,,,,,,,,,
14003,กุ้ง แห้ง ทอด,Shrimp salted dried fried,389,16.7,34.24,27.76,0.59,-,20.73,-,-,-,-,-,-,-,-,-,-,-,-,-,-,-,-,-,-,-,100g,,,,,,,,,,,,,,,,,,,,,,,,,,,,,
14004,ไก่ โครง ทอด,Chicken skeleton fried,285,45.7,25.77,18.18,4.59,-,5.76,-,-,-,-,-,-,-,-,-,-,-,-,-,-,-,-,-,-,-,100g,,,,,,,,,,,,,,,,,,,,,,,,,,,,,
14005,ไก่ น่อง ทอด,Chicken drumstick fried,248,53.8,27.2,14.23,2.72,-,2.08,-,-,-,-,-,-,-,-,-,-,-,-,-,-,-,-,-,-,-,100g,,,,,,,,,,,,,,,,,,,,,,,,,,,,,
14006,ไก่ ปีก ทอด,Chicken wing fried,267,50,28.43,15.29,3.99,-,2.24,-,-,-,-,-,-,-,-,-,-,-,-,-,-,-,-,-,-,-,100g,,,,,,,,,,,,,,,,,,,,,,,,,,,,,
14007,ไก่ อก ทอด,Chicken breast fried,213,56,29.29,9.38,2.84,-,2.47,-,-,-,-,-,-,-,-,-,-,-,-,-,-,-,-,-,-,-,100g,,,,,,,,,,,,,,,,,,,,,,,,,,,,,
14008,ไก่ เนื้อ ชุบแป้งทอด,Chicken meat crispy-fried,353,38.6,19.86,23.67,15.2,-,2.74,-,-,-,-,-,-,-,-,-,-,-,-,-,-,-,-,-,-,-,100g,,,,,,,,,,,,,,,,,,,,,,,,,,,,,
14009,ไก่ยอ ชุบแป้งทอด,Chicken sausage crispy-fried,364,40,9.86,26.95,20.56,-,2.63,-,-,-,-,-,-,-,-,-,-,-,-,-,-,-,-,-,-,-,100g,,,,,,,,,,,,,,,,,,,,,,,,,,,,,
14010,ไข่เจียว,Egg hen omelet,340,52.2,11.87,30.99,3.5,-,1.45,-,-,-,-,-,-,-,-,-,-,-,-,-,-,-,-,-,-,-,100g,,,,,,,,,,,,,,,,,,,,,,,,,,,,,
14011,ไข่ดาว,Egg hen sunny side up,266,61.3,12.75,22.76,2.46,-,0.78,-,-,-,-,-,-,-,-,-,-,-,-,-,-,-,-,-,-,-,100g,,,,,,,,,,,,,,,,,,,,,,,,,,,,,
14012,ปลาแก้ว ชุบแป้งทอด,Thai river sprat crispy-fried,494,2.5,36.98,26.98,25.95,-,7.59,-,-,-,-,-,-,-,-,-,-,-,-,-,-,-,-,-,-,-,100g,,,,,,,,,,,,,,,,,,,,,,,,,,,,,
14013,ปลาช่อน ทอด,Striped snake-head fish fried,230,57.5,27.65,13.25,0,-,1.69,-,-,-,-,-,-,-,-,-,-,-,-,-,-,-,-,-,-,-,100g,,,,,,,,,,,,,,,,,,,,,,,,,,,,,
14014,ปลาตาเดียว ทอด,Indian Hilabut fried,200,64.6,27.6,9.96,0,-,1.37,-,-,-,-,-,-,-,-,-,-,-,-,-,-,-,-,-,-,-,100g,,,,,,,,,,,,,,,,,,,,,,,,,,,,,
14015,ปลาทู สด ทอด,Short bodied mackerel fried,232,58,26.7,13.9,0,-,1.4,-,-,-,-,-,-,-,-,-,-,-,-,-,-,-,-,-,-,-,100g,,,,,,,,,,,,,,,,,,,,,,,,,,,,,
14016,ปลาบึก ทอด,Mekong giant catfish fried,182,67.2,25.03,9.08,0,-,1.27,-,-,-,-,-,-,-,-,-,-,-,-,-,-,-,-,-,-,-,100g,,,,,,,,,,,,,,,,,,,,,,,,,,,,,
14017,ปลารากกล้วย ชุบแป้งทอด,Horseface loach crispy-fried,561,2.3,40.86,41.04,7.03,-,8.82,-,-,-,-,-,-,-,-,-,-,-,-,-,-,-,-,-,-,-,100g,,,,,,,,,,,,,,,,,,,,,,,,,,,,,
14018,ปลาหมึก ชุบแป้งทอด,Squid snake crispy-fried,328,42.7,23.28,21.79,9.77,-,2.42,-,-,-,-,-,-,-,-,-,-,-,-,-,-,-,-,-,-,-,100g,,,,,,,,,,,,,,,,,,,,,,,,,,,,,
14019,ปลาอินทรีย์ สด ทอด,Mackerel Spanish fried,198,62.4,25.78,10.49,0,-,1.91,-,-,-,-,-,-,-,-,-,-,-,-,-,-,-,-,-,-,-,100g,,,,,,,,,,,,,,,,,,,,,,,,,,,,,
14020,ลูกชิ้นกุ้ง ทอด,Meat ball shrimp fried,157,68.7,9.78,7.9,11.57,-,2.05,-,-,-,-,-,-,-,-,-,-,-,-,-,-,-,-,-,-,-,100g,,,,,,,,,,,,,,,,,,,,,,,,,,,,,
14021,ลูกชิ้นไก่ ทอด,Meat ball chicken fried,179,60.1,7.9,5.71,24.05,-,2.19,-,-,-,-,-,-,-,-,-,-,-,-,-,-,-,-,-,-,-,100g,,,,,,,,,,,,,,,,,,,,,,,,,,,,,
14022,ลูกชิ้นปลา ทอด,Meat ball fried,277,45.9,21.7,14.4,15.2,-,2.8,-,-,-,-,-,-,-,-,-,-,-,-,-,-,-,-,-,-,-,100g,,,,,,,,,,,,,,,,,,,,,,,,,,,,,
14023,ลูกชิ้นหมู ทอด,Meat ball pork fried,190,69.5,16.93,13.62,0,-,3.03,-,-,-,-,-,-,-,-,-,-,-,-,-,-,-,-,-,-,-,100g,,,,,,,,,,,,,,,,,,,,,,,,,,,,,
14024,ไส้กรอก ทอด,Sausage fried,359,37,11.18,24.34,23.88,-,3.63,-,-,-,-,-,-,-,-,-,-,-,-,-,-,-,-,-,-,-,100g,,,,,,,,,,,,,,,,,,,,,,,,,,,,,
14025,หมูกรอบ,Crispy pork,385,39.1,29.35,29.58,0.43,-,1.54,-,-,-,-,-,-,-,-,-,-,-,-,-,-,-,-,-,-,-,100g,,,,,,,,,,,,,,,,,,,,,,,,,,,,,
14026,กุยฉ่าย ทอด,Steamed chives dumplings fried,198,59.9,1.62,8.39,18.88,-,1.18,-,-,-,-,-,-,-,-,-,-,-,-,-,-,-,-,-,-,-,100g,,,,,,,,,,,,,,,,,,,,,,,,,,,,,
14027,ขนมโดนัท,Donut fried,431,19.8,6.17,23.31,49.21,-,1.47,-,-,-,-,-,-,-,-,-,-,-,-,-,-,-,-,-,-,-,100g,,,,,,,,,,,,,,,,,,,,,,,,,,,,,
14028,ซาลาเปา ทอด,Sa-la-pao (Chinese steamed buns) fried,393,23.1,6.4,17.71,52.08,-,0.67,-,-,-,-,-,-,-,-,-,-,-,-,-,-,-,-,-,-,-,100g,,,,,,,,,,,,,,,,,,,,,,,,,,,,,
14029,เต้าหู้ ทอด,Soybean curd (tofu) fried,228,62.1,17.74,16.21,2.87,-,1.09,-,-,-,-,-,-,-,-,-,-,-,-,-,-,-,-,-,-,-,100g,,,,,,,,,,,,,,,,,,,,,,,,,,,,,
14030,ปาท่องโก๋ (ลูกเล็ก),Pa-tong-ko (Deep-fried doughstick),427,22.2,7.83,24.11,44.66,-,1.22,-,-,-,-,-,-,-,-,-,-,-,-,-,-,-,-,-,-,-,100g,,,,,,,,,,,,,,,,,,,,,,,,,,,,,
14031,ปาท่องโก๋ (ลูกใหญ่),Pa-tong-ko (Deep-fried doughstick),441,22.9,7.22,27.79,40.56,-,1.53,-,-,-,-,-,-,-,-,-,-,-,-,-,-,-,-,-,-,-,100g,,,,,,,,,,,,,,,,,,,,,,,,,,,,,
14032,ถั่วลิสง ทอด,Peanut fried,616,0.7,28.3,45.66,22.95,-,2.42,-,-,-,-,-,-,-,-,-,-,-,-,-,-,-,-,-,-,-,100g,,,,,,,,,,,,,,,,,,,,,,,,,,,,,
14033,เผือก ทอด,Taro fried,395,15.4,5.28,13.38,63.48,-,2.45,-,-,-,-,-,-,-,-,-,-,-,-,-,-,-,-,-,-,-,100g,,,,,,,,,,,,,,,,,,,,,,,,,,,,,
14034,เผือก ชุบแป้งทอด,Taro crispy-fried,311,38.5,6.01,14.12,39.91,-,1.5,-,-,-,-,-,-,-,-,-,-,-,-,-,-,-,-,-,-,-,100g,,,,,,,,,,,,,,,,,,,,,,,,,,,,,
14035,มันเทศ ชุบแป้งทอด,Sweet potato crispy-fried,297,39.2,2.89,11.88,44.73,-,1.28,-,-,-,-,-,-,-,-,-,-,-,-,-,-,-,-,-,-,-,100g,,,,,,,,,,,,,,,,,,,,,,,,,,,,,
14036,มันฝรั่ง ทอด,Potato chip fried,390,27,4.24,20.93,46.18,-,1.63,-,-,-,-,-,-,-,-,-,-,-,-,-,-,-,-,-,-,-,100g,,,,,,,,,,,,,,,,,,,,,,,,,,,,,
14037,เมล็ดมะม่วงหิมพานต์ ทอด,Catshew nut fried,625,2.5,18.81,49.06,27.05,-,2.58,-,-,-,-,-,-,-,-,-,-,-,-,-,-,-,-,-,-,-,100g,,,,,,,,,,,,,,,,,,,,,,,,,,,,,
14038,โรตี (ใส่นมข้น + น้ำตาล),Roti,479,11.7,6.07,25.99,55.13,-,1.08,-,-,-,-,-,-,-,-,-,-,-,-,-,-,-,-,-,-,-,100g,,,,,,,,,,,,,,,,,,,,,,,,,,,,,
14039,กระเทียม ทอด,Garlic fried,371,3.2,-,41.22, ,-,-,-,-,-,-,-,-,-,-,-,-,-,-,-,-,-,-,-,-,-,100g,,,,,,,,,,,,,,,,,,,,,,,,,,,,,
14040,ตะไคร้ ทอด,Lemongrass fried,421,3,-,46.78, ,-,-,-,-,-,-,-,-,-,-,-,-,-,-,-,-,-,-,-,-,-,100g,,,,,,,,,,,,,,,,,,,,,,,,,,,,,
14041,ใบกะเพรา ทอด,Holy basil leaves fried,626,1.2,-,69.55, ,-,-,-,-,-,-,-,-,-,-,-,-,-,-,-,-,-,-,-,-,-,100g,,,,,,,,,,,,,,,,,,,,,,,,,,,,,
14042,ใบมะกรูด ทอด,Leech lime leaves fried,500,3,-,55.57, ,-,-,-,-,-,-,-,-,-,-,-,-,-,-,-,-,-,-,-,-,-,100g,,,,,,,,,,,,,,,,,,,,,,,,,,,,,
14043,พริกชี้หนู แห้ง ทอด,Chilli dried fried,251,2.3,-,27.85, ,-,-,-,-,-,-,-,-,-,-,-,-,-,-,-,-,-,-,-,-,-,100g,,,,,,,,,,,,,,,,,,,,,,,,,,,,,
14044,หอมแดง ทอด,Shallot fried,353,3.6,-,39.19, ,-,-,-,-,-,-,-,-,-,-,-,-,-,-,-,-,-,-,-,-,-,100g,,,,,,,,,,,,,,,,,,,,,,,,,,,,,
14045,หอมหัวใหญ่ ทอด,Onion fried,540,12.9,-,60.03, ,-,-,-,-,-,-,-,-,-,-,-,-,-,-,-,-,-,-,-,-,-,100g,,,,,,,,,,,,,,,,,,,,,,,,,,,,,
14046,กาแฟเย็นคาปูชิโน,iced cappuccino,274,-,4.8,11.1,39.1,-,-,-,-,-,-,-,-,-,-,-,-,-,-,-,-,-,-,35.2,-,1 bottle (20 oz),,,,,,,,,,,,,,,,,,,,,,,,,,,,,,
14047,กาแฟเย็นมอคค่า,iced mocha,281,-,6.5,11.4,37.8,-,-,-,-,-,-,-,-,-,-,-,-,-,-,-,-,-,-,32,-,1 bottle (20 oz),,,,,,,,,,,,,,,,,,,,,,,,,,,,,,
14048,กาแฟเย็นมัจฉะลาเต้,iced matcha latte,300,-,5.8,12.41,41.32,-,-,-,-,-,-,-,-,-,-,-,-,-,-,-,-,-,-,13.64,-,1 bottle (16 oz),,,,,,,,,,,,,,,,,,,,,,,,,,,,,,
14049,กาแฟเย็นมัจฉะเอสเพรสโซ่,iced matcha espresso,281,-,5.09,10.61,41.31,-,-,-,-,-,-,-,-,-,-,-,-,-,-,-,-,-,-,23.13,-,1 bottle (16 oz),,,,,,,,,,,,,,,,,,,,,,,,,,,,,,
14050,กาแฟเย็นลาเต้,iced latte,251,-,6.3,9.5,35,-,-,-,-,-,-,-,-,-,-,-,-,-,-,-,-,-,-,33.6,-,1 bottle (20 oz),,,,,,,,,,,,,,,,,,,,,,,,,,,,,,
14051,กาแฟเย็นสูตรโบราณ,iced coffee traditional formula,311,-,3.71,9.03,53.69,-,-,-,-,-,-,-,-,-,-,-,-,-,-,-,-,-,-,37.27,-,1 bottle (20 oz),,,,,,,,,,,,,,,,,,,,,,,,,,,,,,
14052,กาแฟเย็นสูตรอื่นๆ,iced coffee other formula,317,-,9.3,14.7,37.5,-,-,-,-,-,-,-,-,-,-,-,-,-,-,-,-,-,-,35.2,-,1 bottle (20 oz),,,,,,,,,,,,,,,,,,,,,,,,,,,,,,
14053,กาแฟเย็นอเมริกาโน,iced americano,9,-,0.75,0.18,1.07,-,-,-,-,-,-,-,-,-,-,-,-,-,-,-,-,-,-,0,-,1 bottle (16 oz),,,,,,,,,,,,,,,,,,,,,,,,,,,,,,
14054,กาแฟร้อนคาปูชิโน,hot cappuccino,210,-,3.33,7.8,31.55,-,-,-,-,-,-,-,-,-,-,-,-,-,-,-,-,-,-,18.8,-,1 bottle (6 oz),,,,,,,,,,,,,,,,,,,,,,,,,,,,,,
14055,กาแฟร้อนอเมริกาโน,hot americano,10,-,0.43,0.19,1.66,-,-,-,-,-,-,-,-,-,-,-,-,-,-,-,-,-,-,0,-,1 bottle (6 oz),,,,,,,,,,,,,,,,,,,,,,,,,,,,,,
14056,ชาเขียวนมสด,green milk tea,245,-,2.92,8.27,39.65,-,-,-,-,-,-,-,-,-,-,-,-,-,-,-,-,-,-,32.07,-,1 bottle (20 oz),,,,,,,,,,,,,,,,,,,,,,,,,,,,,,
14057,ชาเย็น,iced thai tea,215,-,2.67,7.34,34.71,-,-,-,-,-,-,-,-,-,-,-,-,-,-,-,-,-,-,26.57,-,1 bottle (20 oz),,,,,,,,,,,,,,,,,,,,,,,,,,,,,,
14058,ชาเย็นนมสด,iced thai milk tea,295,-,3.47,11.15,45.24,-,-,-,-,-,-,-,-,-,-,-,-,-,-,-,-,-,-,36.58,-,1 bottle (20 oz),,,,,,,,,,,,,,,,,,,,,,,,,,,,,,
,,,,,,,,,,,,,,,,,,,,,,,,,,,,,,,,,,,,,,,,,,,,,,,,,,,,,,,,,,
,,,,,,,,,,,,,,,,,,,,,,,,,,,,,,,,,,,,,,,,,,,,,,,,,,,,,,,,,,
,,,,,,,,,,,,,,,,,,,,,,,,,,,,,,,,,,,,,,,,,,,,,,,,,,,,,,,,,,
,,,,,,,,,,,,,,,,,,,,,,,,,,,,,,,,,,,,,,,,,,,,,,,,,,,,,,,,,,
,,,,,,,,,,,,,,,,,,,,,,,,,,,,,,,,,,,,,,,,,,,,,,,,,,,,,,,,,,
,,,,,,,,,,,,,,,,,,,,,,,,,,,,,,,,,,,,,,,,,,,,,,,,,,,,,,,,,,
,,,,,,,,,,,,,,,,,,,,,,,,,,,,,,,,,,,,,,,,,,,,,,,,,,,,,,,,,,
,,,,,,,,,,,,,,,,,,,,,,,,,,,,,,,,,,,,,,,,,,,,,,,,,,,,,,,,,,
,,,,,,,,,,,,,,,,,,,,,,,,,,,,,,,,,,,,,,,,,,,,,,,,,,,,,,,,,,
,,,,,,,,,,,,,,,,,,,,,,,,,,,,,,,,,,,,,,,,,,,,,,,,,,,,,,,,,,
,,,,,,,,,,,,,,,,,,,,,,,,,,,,,,,,,,,,,,,,,,,,,,,,,,,,,,,,,,
,,,,,,,,,,,,,,,,,,,,,,,,,,,,,,,,,,,,,,,,,,,,,,,,,,,,,,,,,,
,,,,,,,,,,,,,,,,,,,,,,,,,,,,,,,,,,,,,,,,,,,,,,,,,,,,,,,,,,
,,,,,,,,,,,,,,,,,,,,,,,,,,,,,,,,,,,,,,,,,,,,,,,,,,,,,,,,,,
,,,,,,,,,,,,,,,,,,,,,,,,,,,,,,,,,,,,,,,,,,,,,,,,,,,,,,,,,,
,,,,,,,,,,,,,,,,,,,,,,,,,,,,,,,,,,,,,,,,,,,,,,,,,,,,,,,,,,
,,,,,,,,,,,,,,,,,,,,,,,,,,,,,,,,,,,,,,,,,,,,,,,,,,,,,,,,,,
,,,,,,,,,,,,,,,,,,,,,,,,,,,,,,,,,,,,,,,,,,,,,,,,,,,,,,,,,,
,,,,,,,,,,,,,,,,,,,,,,,,,,,,,,,,,,,,,,,,,,,,,,,,,,,,,,,,,,
,,,,,,,,,,,,,,,,,,,,,,,,,,,,,,,,,,,,,,,,,,,,,,,,,,,,,,,,,,
,,,,,,,,,,,,,,,,,,,,,,,,,,,,,,,,,,,,,,,,,,,,,,,,,,,,,,,,,,
,,,,,,,,,,,,,,,,,,,,,,,,,,,,,,,,,,,,,,,,,,,,,,,,,,,,,,,,,,
,,,,,,,,,,,,,,,,,,,,,,,,,,,,,,,,,,,,,,,,,,,,,,,,,,,,,,,,,,
,,,,,,,,,,,,,,,,,,,,,,,,,,,,,,,,,,,,,,,,,,,,,,,,,,,,,,,,,,
,,,,,,,,,,,,,,,,,,,,,,,,,,,,,,,,,,,,,,,,,,,,,,,,,,,,,,,,,,
,,,,,,,,,,,,,,,,,,,,,,,,,,,,,,,,,,,,,,,,,,,,,,,,,,,,,,,,,,
,,,,,,,,,,,,,,,,,,,,,,,,,,,,,,,,,,,,,,,,,,,,,,,,,,,,,,,,,,
,,,,,,,,,,,,,,,,,,,,,,,,,,,,,,,,,,,,,,,,,,,,,,,,,,,,,,,,,,
,,,,,,,,,,,,,,,,,,,,,,,,,,,,,,,,,,,,,,,,,,,,,,,,,,,,,,,,,,
,,,,,,,,,,,,,,,,,,,,,,,,,,,,,,,,,,,,,,,,,,,,,,,,,,,,,,,,,,
,,,,,,,,,,,,,,,,,,,,,,,,,,,,,,,,,,,,,,,,,,,,,,,,,,,,,,,,,,
,,,,,,,,,,,,,,,,,,,,,,,,,,,,,,,,,,,,,,,,,,,,,,,,,,,,,,,,,,
,,,,,,,,,,,,,,,,,,,,,,,,,,,,,,,,,,,,,,,,,,,,,,,,,,,,,,,,,,
,,,,,,,,,,,,,,,,,,,,,,,,,,,,,,,,,,,,,,,,,,,,,,,,,,,,,,,,,,
,,,,,,,,,,,,,,,,,,,,,,,,,,,,,,,,,,,,,,,,,,,,,,,,,,,,,,,,,,
,,,,,,,,,,,,,,,,,,,,,,,,,,,,,,,,,,,,,,,,,,,,,,,,,,,,,,,,,,
,,,,,,,,,,,,,,,,,,,,,,,,,,,,,,,,,,,,,,,,,,,,,,,,,,,,,,,,,,
,,,,,,,,,,,,,,,,,,,,,,,,,,,,,,,,,,,,,,,,,,,,,,,,,,,,,,,,,,
,,,,,,,,,,,,,,,,,,,,,,,,,,,,,,,,,,,,,,,,,,,,,,,,,,,,,,,,,,
,,,,,,,,,,,,,,,,,,,,,,,,,,,,,,,,,,,,,,,,,,,,,,,,,,,,,,,,,,
,,,,,,,,,,,,,,,,,,,,,,,,,,,,,,,,,,,,,,,,,,,,,,,,,,,,,,,,,,
,,,,,,,,,,,,,,,,,,,,,,,,,,,,,,,,,,,,,,,,,,,,,,,,,,,,,,,,,,
,,,,,,,,,,,,,,,,,,,,,,,,,,,,,,,,,,,,,,,,,,,,,,,,,,,,,,,,,,
,,,,,,,,,,,,,,,,,,,,,,,,,,,,,,,,,,,,,,,,,,,,,,,,,,,,,,,,,,
,,,,,,,,,,,,,,,,,,,,,,,,,,,,,,,,,,,,,,,,,,,,,,,,,,,,,,,,,,
,,,,,,,,,,,,,,,,,,,,,,,,,,,,,,,,,,,,,,,,,,,,,,,,,,,,,,,,,,
,,,,,,,,,,,,,,,,,,,,,,,,,,,,,,,,,,,,,,,,,,,,,,,,,,,,,,,,,,
,,,,,,,,,,,,,,,,,,,,,,,,,,,,,,,,,,,,,,,,,,,,,,,,,,,,,,,,,,
,,,,,,,,,,,,,,,,,,,,,,,,,,,,,,,,,,,,,,,,,,,,,,,,,,,,,,,,,,
,,,,,,,,,,,,,,,,,,,,,,,,,,,,,,,,,,,,,,,,,,,,,,,,,,,,,,,,,,
,,,,,,,,,,,,,,,,,,,,,,,,,,,,,,,,,,,,,,,,,,,,,,,,,,,,,,,,,,
,,,,,,,,,,,,,,,,,,,,,,,,,,,,,,,,,,,,,,,,,,,,,,,,,,,,,,,,,,
,,,,,,,,,,,,,,,,,,,,,,,,,,,,,,,,,,,,,,,,,,,,,,,,,,,,,,,,,,
,,,,,,,,,,,,,,,,,,,,,,,,,,,,,,,,,,,,,,,,,,,,,,,,,,,,,,,,,,
,,,,,,,,,,,,,,,,,,,,,,,,,,,,,,,,,,,,,,,,,,,,,,,,,,,,,,,,,,
,,,,,,,,,,,,,,,,,,,,,,,,,,,,,,,,,,,,,,,,,,,,,,,,,,,,,,,,,,
,,,,,,,,,,,,,,,,,,,,,,,,,,,,,,,,,,,,,,,,,,,,,,,,,,,,,,,,,,
,,,,,,,,,,,,,,,,,,,,,,,,,,,,,,,,,,,,,,,,,,,,,,,,,,,,,,,,,,
,,,,,,,,,,,,,,,,,,,,,,,,,,,,,,,,,,,,,,,,,,,,,,,,,,,,,,,,,,
,,,,,,,,,,,,,,,,,,,,,,,,,,,,,,,,,,,,,,,,,,,,,,,,,,,,,,,,,,
,,,,,,,,,,,,,,,,,,,,,,,,,,,,,,,,,,,,,,,,,,,,,,,,,,,,,,,,,,
,,,,,,,,,,,,,,,,,,,,,,,,,,,,,,,,,,,,,,,,,,,,,,,,,,,,,,,,,,
,,,,,,,,,,,,,,,,,,,,,,,,,,,,,,,,,,,,,,,,,,,,,,,,,,,,,,,,,,
,,,,,,,,,,,,,,,,,,,,,,,,,,,,,,,,,,,,,,,,,,,,,,,,,,,,,,,,,,
,,,,,,,,,,,,,,,,,,,,,,,,,,,,,,,,,,,,,,,,,,,,,,,,,,,,,,,,,,
,,,,,,,,,,,,,,,,,,,,,,,,,,,,,,,,,,,,,,,,,,,,,,,,,,,,,,,,,,
,,,,,,,,,,,,,,,,,,,,,,,,,,,,,,,,,,,,,,,,,,,,,,,,,,,,,,,,,,
,,,,,,,,,,,,,,,,,,,,,,,,,,,,,,,,,,,,,,,,,,,,,,,,,,,,,,,,,,
,,,,,,,,,,,,,,,,,,,,,,,,,,,,,,,,,,,,,,,,,,,,,,,,,,,,,,,,,,
,,,,,,,,,,,,,,,,,,,,,,,,,,,,,,,,,,,,,,,,,,,,,,,,,,,,,,,,,,
,,,,,,,,,,,,,,,,,,,,,,,,,,,,,,,,,,,,,,,,,,,,,,,,,,,,,,,,,,
,,,,,,,,,,,,,,,,,,,,,,,,,,,,,,,,,,,,,,,,,,,,,,,,,,,,,,,,,,
,,,,,,,,,,,,,,,,,,,,,,,,,,,,,,,,,,,,,,,,,,,,,,,,,,,,,,,,,,
,,,,,,,,,,,,,,,,,,,,,,,,,,,,,,,,,,,,,,,,,,,,,,,,,,,,,,,,,,
,,,,,,,,,,,,,,,,,,,,,,,,,,,,,,,,,,,,,,,,,,,,,,,,,,,,,,,,,,
,,,,,,,,,,,,,,,,,,,,,,,,,,,,,,,,,,,,,,,,,,,,,,,,,,,,,,,,,,
,,,,,,,,,,,,,,,,,,,,,,,,,,,,,,,,,,,,,,,,,,,,,,,,,,,,,,,,,,
,,,,,,,,,,,,,,,,,,,,,,,,,,,,,,,,,,,,,,,,,,,,,,,,,,,,,,,,,,
,,,,,,,,,,,,,,,,,,,,,,,,,,,,,,,,,,,,,,,,,,,,,,,,,,,,,,,,,,
,,,,,,,,,,,,,,,,,,,,,,,,,,,,,,,,,,,,,,,,,,,,,,,,,,,,,,,,,,
,,,,,,,,,,,,,,,,,,,,,,,,,,,,,,,,,,,,,,,,,,,,,,,,,,,,,,,,,,
,,,,,,,,,,,,,,,,,,,,,,,,,,,,,,,,,,,,,,,,,,,,,,,,,,,,,,,,,,
,,,,,,,,,,,,,,,,,,,,,,,,,,,,,,,,,,,,,,,,,,,,,,,,,,,,,,,,,,
,,,,,,,,,,,,,,,,,,,,,,,,,,,,,,,,,,,,,,,,,,,,,,,,,,,,,,,,,,
,,,,,,,,,,,,,,,,,,,,,,,,,,,,,,,,,,,,,,,,,,,,,,,,,,,,,,,,,,
,,,,,,,,,,,,,,,,,,,,,,,,,,,,,,,,,,,,,,,,,,,,,,,,,,,,,,,,,,
,,,,,,,,,,,,,,,,,,,,,,,,,,,,,,,,,,,,,,,,,,,,,,,,,,,,,,,,,,
,,,,,,,,,,,,,,,,,,,,,,,,,,,,,,,,,,,,,,,,,,,,,,,,,,,,,,,,,,
,,,,,,,,,,,,,,,,,,,,,,,,,,,,,,,,,,,,,,,,,,,,,,,,,,,,,,,,,,
,,,,,,,,,,,,,,,,,,,,,,,,,,,,,,,,,,,,,,,,,,,,,,,,,,,,,,,,,,
,,,,,,,,,,,,,,,,,,,,,,,,,,,,,,,,,,,,,,,,,,,,,,,,,,,,,,,,,,
,,,,,,,,,,,,,,,,,,,,,,,,,,,,,,,,,,,,,,,,,,,,,,,,,,,,,,,,,,
,,,,,,,,,,,,,,,,,,,,,,,,,,,,,,,,,,,,,,,,,,,,,,,,,,,,,,,,,,
,,,,,,,,,,,,,,,,,,,,,,,,,,,,,,,,,,,,,,,,,,,,,,,,,,,,,,,,,,
,,,,,,,,,,,,,,,,,,,,,,,,,,,,,,,,,,,,,,,,,,,,,,,,,,,,,,,,,,
,,,,,,,,,,,,,,,,,,,,,,,,,,,,,,,,,,,,,,,,,,,,,,,,,,,,,,,,,,
,,,,,,,,,,,,,,,,,,,,,,,,,,,,,,,,,,,,,,,,,,,,,,,,,,,,,,,,,,
,,,,,,,,,,,,,,,,,,,,,,,,,,,,,,,,,,,,,,,,,,,,,,,,,,,,,,,,,,
,,,,,,,,,,,,,,,,,,,,,,,,,,,,,,,,,,,,,,,,,,,,,,,,,,,,,,,,,,
,,,,,,,,,,,,,,,,,,,,,,,,,,,,,,,,,,,,,,,,,,,,,,,,,,,,,,,,,,
,,,,,,,,,,,,,,,,,,,,,,,,,,,,,,,,,,,,,,,,,,,,,,,,,,,,,,,,,,
,,,,,,,,,,,,,,,,,,,,,,,,,,,,,,,,,,,,,,,,,,,,,,,,,,,,,,,,,,
,,,,,,,,,,,,,,,,,,,,,,,,,,,,,,,,,,,,,,,,,,,,,,,,,,,,,,,,,,
,,,,,,,,,,,,,,,,,,,,,,,,,,,,,,,,,,,,,,,,,,,,,,,,,,,,,,,,,,
,,,,,,,,,,,,,,,,,,,,,,,,,,,,,,,,,,,,,,,,,,,,,,,,,,,,,,,,,,
,,,,,,,,,,,,,,,,,,,,,,,,,,,,,,,,,,,,,,,,,,,,,,,,,,,,,,,,,,
,,,,,,,,,,,,,,,,,,,,,,,,,,,,,,,,,,,,,,,,,,,,,,,,,,,,,,,,,,
,,,,,,,,,,,,,,,,,,,,,,,,,,,,,,,,,,,,,,,,,,,,,,,,,,,,,,,,,,
,,,,,,,,,,,,,,,,,,,,,,,,,,,,,,,,,,,,,,,,,,,,,,,,,,,,,,,,,,
,,,,,,,,,,,,,,,,,,,,,,,,,,,,,,,,,,,,,,,,,,,,,,,,,,,,,,,,,,
,,,,,,,,,,,,,,,,,,,,,,,,,,,,,,,,,,,,,,,,,,,,,,,,,,,,,,,,,,
,,,,,,,,,,,,,,,,,,,,,,,,,,,,,,,,,,,,,,,,,,,,,,,,,,,,,,,,,,
,,,,,,,,,,,,,,,,,,,,,,,,,,,,,,,,,,,,,,,,,,,,,,,,,,,,,,,,,,
,,,,,,,,,,,,,,,,,,,,,,,,,,,,,,,,,,,,,,,,,,,,,,,,,,,,,,,,,,
,,,,,,,,,,,,,,,,,,,,,,,,,,,,,,,,,,,,,,,,,,,,,,,,,,,,,,,,,,
,,,,,,,,,,,,,,,,,,,,,,,,,,,,,,,,,,,,,,,,,,,,,,,,,,,,,,,,,,
,,,,,,,,,,,,,,,,,,,,,,,,,,,,,,,,,,,,,,,,,,,,,,,,,,,,,,,,,,
,,,,,,,,,,,,,,,,,,,,,,,,,,,,,,,,,,,,,,,,,,,,,,,,,,,,,,,,,,
,,,,,,,,,,,,,,,,,,,,,,,,,,,,,,,,,,,,,,,,,,,,,,,,,,,,,,,,,,
,,,,,,,,,,,,,,,,,,,,,,,,,,,,,,,,,,,,,,,,,,,,,,,,,,,,,,,,,,
,,,,,,,,,,,,,,,,,,,,,,,,,,,,,,,,,,,,,,,,,,,,,,,,,,,,,,,,,,
,,,,,,,,,,,,,,,,,,,,,,,,,,,,,,,,,,,,,,,,,,,,,,,,,,,,,,,,,,
,,,,,,,,,,,,,,,,,,,,,,,,,,,,,,,,,,,,,,,,,,,,,,,,,,,,,,,,,,
,,,,,,,,,,,,,,,,,,,,,,,,,,,,,,,,,,,,,,,,,,,,,,,,,,,,,,,,,,
,,,,,,,,,,,,,,,,,,,,,,,,,,,,,,,,,,,,,,,,,,,,,,,,,,,,,,,,,,
,,,,,,,,,,,,,,,,,,,,,,,,,,,,,,,,,,,,,,,,,,,,,,,,,,,,,,,,,,
,,,,,,,,,,,,,,,,,,,,,,,,,,,,,,,,,,,,,,,,,,,,,,,,,,,,,,,,,,
,,,,,,,,,,,,,,,,,,,,,,,,,,,,,,,,,,,,,,,,,,,,,,,,,,,,,,,,,,
,,,,,,,,,,,,,,,,,,,,,,,,,,,,,,,,,,,,,,,,,,,,,,,,,,,,,,,,,,
,,,,,,,,,,,,,,,,,,,,,,,,,,,,,,,,,,,,,,,,,,,,,,,,,,,,,,,,,,
,,,,,,,,,,,,,,,,,,,,,,,,,,,,,,,,,,,,,,,,,,,,,,,,,,,,,,,,,,
,,,,,,,,,,,,,,,,,,,,,,,,,,,,,,,,,,,,,,,,,,,,,,,,,,,,,,,,,,
,,,,,,,,,,,,,,,,,,,,,,,,,,,,,,,,,,,,,,,,,,,,,,,,,,,,,,,,,,
,,,,,,,,,,,,,,,,,,,,,,,,,,,,,,,,,,,,,,,,,,,,,,,,,,,,,,,,,,
,,,,,,,,,,,,,,,,,,,,,,,,,,,,,,,,,,,,,,,,,,,,,,,,,,,,,,,,,,
,,,,,,,,,,,,,,,,,,,,,,,,,,,,,,,,,,,,,,,,,,,,,,,,,,,,,,,,,,
,,,,,,,,,,,,,,,,,,,,,,,,,,,,,,,,,,,,,,,,,,,,,,,,,,,,,,,,,,
,,,,,,,,,,,,,,,,,,,,,,,,,,,,,,,,,,,,,,,,,,,,,,,,,,,,,,,,,,
,,,,,,,,,,,,,,,,,,,,,,,,,,,,,,,,,,,,,,,,,,,,,,,,,,,,,,,,,,
,,,,,,,,,,,,,,,,,,,,,,,,,,,,,,,,,,,,,,,,,,,,,,,,,,,,,,,,,,
,,,,,,,,,,,,,,,,,,,,,,,,,,,,,,,,,,,,,,,,,,,,,,,,,,,,,,,,,,
,,,,,,,,,,,,,,,,,,,,,,,,,,,,,,,,,,,,,,,,,,,,,,,,,,,,,,,,,,
,,,,,,,,,,,,,,,,,,,,,,,,,,,,,,,,,,,,,,,,,,,,,,,,,,,,,,,,,,
,,,,,,,,,,,,,,,,,,,,,,,,,,,,,,,,,,,,,,,,,,,,,,,,,,,,,,,,,,
,,,,,,,,,,,,,,,,,,,,,,,,,,,,,,,,,,,,,,,,,,,,,,,,,,,,,,,,,,
,,,,,,,,,,,,,,,,,,,,,,,,,,,,,,,,,,,,,,,,,,,,,,,,,,,,,,,,,,
,,,,,,,,,,,,,,,,,,,,,,,,,,,,,,,,,,,,,,,,,,,,,,,,,,,,,,,,,,
,,,,,,,,,,,,,,,,,,,,,,,,,,,,,,,,,,,,,,,,,,,,,,,,,,,,,,,,,,
,,,,,,,,,,,,,,,,,,,,,,,,,,,,,,,,,,,,,,,,,,,,,,,,,,,,,,,,,,
,,,,,,,,,,,,,,,,,,,,,,,,,,,,,,,,,,,,,,,,,,,,,,,,,,,,,,,,,,
,,,,,,,,,,,,,,,,,,,,,,,,,,,,,,,,,,,,,,,,,,,,,,,,,,,,,,,,,,
,,,,,,,,,,,,,,,,,,,,,,,,,,,,,,,,,,,,,,,,,,,,,,,,,,,,,,,,,,
,,,,,,,,,,,,,,,,,,,,,,,,,,,,,,,,,,,,,,,,,,,,,,,,,,,,,,,,,,
,,,,,,,,,,,,,,,,,,,,,,,,,,,,,,,,,,,,,,,,,,,,,,,,,,,,,,,,,,
,,,,,,,,,,,,,,,,,,,,,,,,,,,,,,,,,,,,,,,,,,,,,,,,,,,,,,,,,,
,,,,,,,,,,,,,,,,,,,,,,,,,,,,,,,,,,,,,,,,,,,,,,,,,,,,,,,,,,
,,,,,,,,,,,,,,,,,,,,,,,,,,,,,,,,,,,,,,,,,,,,,,,,,,,,,,,,,,
,,,,,,,,,,,,,,,,,,,,,,,,,,,,,,,,,,,,,,,,,,,,,,,,,,,,,,,,,,
,,,,,,,,,,,,,,,,,,,,,,,,,,,,,,,,,,,,,,,,,,,,,,,,,,,,,,,,,,
,,,,,,,,,,,,,,,,,,,,,,,,,,,,,,,,,,,,,,,,,,,,,,,,,,,,,,,,,,
,,,,,,,,,,,,,,,,,,,,,,,,,,,,,,,,,,,,,,,,,,,,,,,,,,,,,,,,,,
,,,,,,,,,,,,,,,,,,,,,,,,,,,,,,,,,,,,,,,,,,,,,,,,,,,,,,,,,,
,,,,,,,,,,,,,,,,,,,,,,,,,,,,,,,,,,,,,,,,,,,,,,,,,,,,,,,,,,
,,,,,,,,,,,,,,,,,,,,,,,,,,,,,,,,,,,,,,,,,,,,,,,,,,,,,,,,,,
,,,,,,,,,,,,,,,,,,,,,,,,,,,,,,,,,,,,,,,,,,,,,,,,,,,,,,,,,,
,,,,,,,,,,,,,,,,,,,,,,,,,,,,,,,,,,,,,,,,,,,,,,,,,,,,,,,,,,
,,,,,,,,,,,,,,,,,,,,,,,,,,,,,,,,,,,,,,,,,,,,,,,,,,,,,,,,,,
,,,,,,,,,,,,,,,,,,,,,,,,,,,,,,,,,,,,,,,,,,,,,,,,,,,,,,,,,,
,,,,,,,,,,,,,,,,,,,,,,,,,,,,,,,,,,,,,,,,,,,,,,,,,,,,,,,,,,
,,,,,,,,,,,,,,,,,,,,,,,,,,,,,,,,,,,,,,,,,,,,,,,,,,,,,,,,,,
,,,,,,,,,,,,,,,,,,,,,,,,,,,,,,,,,,,,,,,,,,,,,,,,,,,,,,,,,,
,,,,,,,,,,,,,,,,,,,,,,,,,,,,,,,,,,,,,,,,,,,,,,,,,,,,,,,,,,
,,,,,,,,,,,,,,,,,,,,,,,,,,,,,,,,,,,,,,,,,,,,,,,,,,,,,,,,,,
,,,,,,,,,,,,,,,,,,,,,,,,,,,,,,,,,,,,,,,,,,,,,,,,,,,,,,,,,,
,,,,,,,,,,,,,,,,,,,,,,,,,,,,,,,,,,,,,,,,,,,,,,,,,,,,,,,,,,
,,,,,,,,,,,,,,,,,,,,,,,,,,,,,,,,,,,,,,,,,,,,,,,,,,,,,,,,,,
,,,,,,,,,,,,,,,,,,,,,,,,,,,,,,,,,,,,,,,,,,,,,,,,,,,,,,,,,,
,,,,,,,,,,,,,,,,,,,,,,,,,,,,,,,,,,,,,,,,,,,,,,,,,,,,,,,,,,
,,,,,,,,,,,,,,,,,,,,,,,,,,,,,,,,,,,,,,,,,,,,,,,,,,,,,,,,,,
,,,,,,,,,,,,,,,,,,,,,,,,,,,,,,,,,,,,,,,,,,,,,,,,,,,,,,,,,,
,,,,,,,,,,,,,,,,,,,,,,,,,,,,,,,,,,,,,,,,,,,,,,,,,,,,,,,,,,
,,,,,,,,,,,,,,,,,,,,,,,,,,,,,,,,,,,,,,,,,,,,,,,,,,,,,,,,,,
,,,,,,,,,,,,,,,,,,,,,,,,,,,,,,,,,,,,,,,,,,,,,,,,,,,,,,,,,,
,,,,,,,,,,,,,,,,,,,,,,,,,,,,,,,,,,,,,,,,,,,,,,,,,,,,,,,,,,
,,,,,,,,,,,,,,,,,,,,,,,,,,,,,,,,,,,,,,,,,,,,,,,,,,,,,,,,,,
,,,,,,,,,,,,,,,,,,,,,,,,,,,,,,,,,,,,,,,,,,,,,,,,,,,,,,,,,,
,,,,,,,,,,,,,,,,,,,,,,,,,,,,,,,,,,,,,,,,,,,,,,,,,,,,,,,,,,
,,,,,,,,,,,,,,,,,,,,,,,,,,,,,,,,,,,,,,,,,,,,,,,,,,,,,,,,,,
,,,,,,,,,,,,,,,,,,,,,,,,,,,,,,,,,,,,,,,,,,,,,,,,,,,,,,,,,,
,,,,,,,,,,,,,,,,,,,,,,,,,,,,,,,,,,,,,,,,,,,,,,,,,,,,,,,,,,
,,,,,,,,,,,,,,,,,,,,,,,,,,,,,,,,,,,,,,,,,,,,,,,,,,,,,,,,,,
,,,,,,,,,,,,,,,,,,,,,,,,,,,,,,,,,,,,,,,,,,,,,,,,,,,,,,,,,,
,,,,,,,,,,,,,,,,,,,,,,,,,,,,,,,,,,,,,,,,,,,,,,,,,,,,,,,,,,
,,,,,,,,,,,,,,,,,,,,,,,,,,,,,,,,,,,,,,,,,,,,,,,,,,,,,,,,,,
,,,,,,,,,,,,,,,,,,,,,,,,,,,,,,,,,,,,,,,,,,,,,,,,,,,,,,,,,,
,,,,,,,,,,,,,,,,,,,,,,,,,,,,,,,,,,,,,,,,,,,,,,,,,,,,,,,,,,
,,,,,,,,,,,,,,,,,,,,,,,,,,,,,,,,,,,,,,,,,,,,,,,,,,,,,,,,,,
,,,,,,,,,,,,,,,,,,,,,,,,,,,,,,,,,,,,,,,,,,,,,,,,,,,,,,,,,,
,,,,,,,,,,,,,,,,,,,,,,,,,,,,,,,,,,,,,,,,,,,,,,,,,,,,,,,,,,
,,,,,,,,,,,,,,,,,,,,,,,,,,,,,,,,,,,,,,,,,,,,,,,,,,,,,,,,,,
,,,,,,,,,,,,,,,,,,,,,,,,,,,,,,,,,,,,,,,,,,,,,,,,,,,,,,,,,,
,,,,,,,,,,,,,,,,,,,,,,,,,,,,,,,,,,,,,,,,,,,,,,,,,,,,,,,,,,
,,,,,,,,,,,,,,,,,,,,,,,,,,,,,,,,,,,,,,,,,,,,,,,,,,,,,,,,,,
,,,,,,,,,,,,,,,,,,,,,,,,,,,,,,,,,,,,,,,,,,,,,,,,,,,,,,,,,,
,,,,,,,,,,,,,,,,,,,,,,,,,,,,,,,,,,,,,,,,,,,,,,,,,,,,,,,,,,
,,,,,,,,,,,,,,,,,,,,,,,,,,,,,,,,,,,,,,,,,,,,,,,,,,,,,,,,,,
,,,,,,,,,,,,,,,,,,,,,,,,,,,,,,,,,,,,,,,,,,,,,,,,,,,,,,,,,,
,,,,,,,,,,,,,,,,,,,,,,,,,,,,,,,,,,,,,,,,,,,,,,,,,,,,,,,,,,
,,,,,,,,,,,,,,,,,,,,,,,,,,,,,,,,,,,,,,,,,,,,,,,,,,,,,,,,,,
,,,,,,,,,,,,,,,,,,,,,,,,,,,,,,,,,,,,,,,,,,,,,,,,,,,,,,,,,,
,,,,,,,,,,,,,,,,,,,,,,,,,,,,,,,,,,,,,,,,,,,,,,,,,,,,,,,,,,
,,,,,,,,,,,,,,,,,,,,,,,,,,,,,,,,,,,,,,,,,,,,,,,,,,,,,,,,,,
,,,,,,,,,,,,,,,,,,,,,,,,,,,,,,,,,,,,,,,,,,,,,,,,,,,,,,,,,,
,,,,,,,,,,,,,,,,,,,,,,,,,,,,,,,,,,,,,,,,,,,,,,,,,,,,,,,,,,
,,,,,,,,,,,,,,,,,,,,,,,,,,,,,,,,,,,,,,,,,,,,,,,,,,,,,,,,,,
,,,,,,,,,,,,,,,,,,,,,,,,,,,,,,,,,,,,,,,,,,,,,,,,,,,,,,,,,,
,,,,,,,,,,,,,,,,,,,,,,,,,,,,,,,,,,,,,,,,,,,,,,,,,,,,,,,,,,
,,,,,,,,,,,,,,,,,,,,,,,,,,,,,,,,,,,,,,,,,,,,,,,,,,,,,,,,,,
,,,,,,,,,,,,,,,,,,,,,,,,,,,,,,,,,,,,,,,,,,,,,,,,,,,,,,,,,,
,,,,,,,,,,,,,,,,,,,,,,,,,,,,,,,,,,,,,,,,,,,,,,,,,,,,,,,,,,
,,,,,,,,,,,,,,,,,,,,,,,,,,,,,,,,,,,,,,,,,,,,,,,,,,,,,,,,,,
,,,,,,,,,,,,,,,,,,,,,,,,,,,,,,,,,,,,,,,,,,,,,,,,,,,,,,,,,,
,,,,,,,,,,,,,,,,,,,,,,,,,,,,,,,,,,,,,,,,,,,,,,,,,,,,,,,,,,
,,,,,,,,,,,,,,,,,,,,,,,,,,,,,,,,,,,,,,,,,,,,,,,,,,,,,,,,,,
,,,,,,,,,,,,,,,,,,,,,,,,,,,,,,,,,,,,,,,,,,,,,,,,,,,,,,,,,,
,,,,,,,,,,,,,,,,,,,,,,,,,,,,,,,,,,,,,,,,,,,,,,,,,,,,,,,,,,
,,,,,,,,,,,,,,,,,,,,,,,,,,,,,,,,,,,,,,,,,,,,,,,,,,,,,,,,,,
,,,,,,,,,,,,,,,,,,,,,,,,,,,,,,,,,,,,,,,,,,,,,,,,,,,,,,,,,,
,,,,,,,,,,,,,,,,,,,,,,,,,,,,,,,,,,,,,,,,,,,,,,,,,,,,,,,,,,
,,,,,,,,,,,,,,,,,,,,,,,,,,,,,,,,,,,,,,,,,,,,,,,,,,,,,,,,,,
,,,,,,,,,,,,,,,,,,,,,,,,,,,,,,,,,,,,,,,,,,,,,,,,,,,,,,,,,,
,,,,,,,,,,,,,,,,,,,,,,,,,,,,,,,,,,,,,,,,,,,,,,,,,,,,,,,,,,
,,,,,,,,,,,,,,,,,,,,,,,,,,,,,,,,,,,,,,,,,,,,,,,,,,,,,,,,,,
,,,,,,,,,,,,,,,,,,,,,,,,,,,,,,,,,,,,,,,,,,,,,,,,,,,,,,,,,,
,,,,,,,,,,,,,,,,,,,,,,,,,,,,,,,,,,,,,,,,,,,,,,,,,,,,,,,,,,
,,,,,,,,,,,,,,,,,,,,,,,,,,,,,,,,,,,,,,,,,,,,,,,,,,,,,,,,,,
,,,,,,,,,,,,,,,,,,,,,,,,,,,,,,,,,,,,,,,,,,,,,,,,,,,,,,,,,,
,,,,,,,,,,,,,,,,,,,,,,,,,,,,,,,,,,,,,,,,,,,,,,,,,,,,,,,,,,
,,,,,,,,,,,,,,,,,,,,,,,,,,,,,,,,,,,,,,,,,,,,,,,,,,,,,,,,,,
,,,,,,,,,,,,,,,,,,,,,,,,,,,,,,,,,,,,,,,,,,,,,,,,,,,,,,,,,,
,,,,,,,,,,,,,,,,,,,,,,,,,,,,,,,,,,,,,,,,,,,,,,,,,,,,,,,,,,
,,,,,,,,,,,,,,,,,,,,,,,,,,,,,,,,,,,,,,,,,,,,,,,,,,,,,,,,,,
,,,,,,,,,,,,,,,,,,,,,,,,,,,,,,,,,,,,,,,,,,,,,,,,,,,,,,,,,,
,,,,,,,,,,,,,,,,,,,,,,,,,,,,,,,,,,,,,,,,,,,,,,,,,,,,,,,,,,
,,,,,,,,,,,,,,,,,,,,,,,,,,,,,,,,,,,,,,,,,,,,,,,,,,,,,,,,,,
,,,,,,,,,,,,,,,,,,,,,,,,,,,,,,,,,,,,,,,,,,,,,,,,,,,,,,,,,,
,,,,,,,,,,,,,,,,,,,,,,,,,,,,,,,,,,,,,,,,,,,,,,,,,,,,,,,,,,
,,,,,,,,,,,,,,,,,,,,,,,,,,,,,,,,,,,,,,,,,,,,,,,,,,,,,,,,,,
,,,,,,,,,,,,,,,,,,,,,,,,,,,,,,,,,,,,,,,,,,,,,,,,,,,,,,,,,,
,,,,,,,,,,,,,,,,,,,,,,,,,,,,,,,,,,,,,,,,,,,,,,,,,,,,,,,,,,
,,,,,,,,,,,,,,,,,,,,,,,,,,,,,,,,,,,,,,,,,,,,,,,,,,,,,,,,,,
,,,,,,,,,,,,,,,,,,,,,,,,,,,,,,,,,,,,,,,,,,,,,,,,,,,,,,,,,,
,,,,,,,,,,,,,,,,,,,,,,,,,,,,,,,,,,,,,,,,,,,,,,,,,,,,,,,,,,
,,,,,,,,,,,,,,,,,,,,,,,,,,,,,,,,,,,,,,,,,,,,,,,,,,,,,,,,,,
,,,,,,,,,,,,,,,,,,,,,,,,,,,,,,,,,,,,,,,,,,,,,,,,,,,,,,,,,,
,,,,,,,,,,,,,,,,,,,,,,,,,,,,,,,,,,,,,,,,,,,,,,,,,,,,,,,,,,
,,,,,,,,,,,,,,,,,,,,,,,,,,,,,,,,,,,,,,,,,,,,,,,,,,,,,,,,,,
,,,,,,,,,,,,,,,,,,,,,,,,,,,,,,,,,,,,,,,,,,,,,,,,,,,,,,,,,,
,,,,,,,,,,,,,,,,,,,,,,,,,,,,,,,,,,,,,,,,,,,,,,,,,,,,,,,,,,
,,,,,,,,,,,,,,,,,,,,,,,,,,,,,,,,,,,,,,,,,,,,,,,,,,,,,,,,,,
,,,,,,,,,,,,,,,,,,,,,,,,,,,,,,,,,,,,,,,,,,,,,,,,,,,,,,,,,,
,,,,,,,,,,,,,,,,,,,,,,,,,,,,,,,,,,,,,,,,,,,,,,,,,,,,,,,,,,
,,,,,,,,,,,,,,,,,,,,,,,,,,,,,,,,,,,,,,,,,,,,,,,,,,,,,,,,,,
,,,,,,,,,,,,,,,,,,,,,,,,,,,,,,,,,,,,,,,,,,,,,,,,,,,,,,,,,,
,,,,,,,,,,,,,,,,,,,,,,,,,,,,,,,,,,,,,,,,,,,,,,,,,,,,,,,,,,
,,,,,,,,,,,,,,,,,,,,,,,,,,,,,,,,,,,,,,,,,,,,,,,,,,,,,,,,,,
,,,,,,,,,,,,,,,,,,,,,,,,,,,,,,,,,,,,,,,,,,,,,,,,,,,,,,,,,,
,,,,,,,,,,,,,,,,,,,,,,,,,,,,,,,,,,,,,,,,,,,,,,,,,,,,,,,,,,
,,,,,,,,,,,,,,,,,,,,,,,,,,,,,,,,,,,,,,,,,,,,,,,,,,,,,,,,,,
,,,,,,,,,,,,,,,,,,,,,,,,,,,,,,,,,,,,,,,,,,,,,,,,,,,,,,,,,,
,,,,,,,,,,,,,,,,,,,,,,,,,,,,,,,,,,,,,,,,,,,,,,,,,,,,,,,,,,
,,,,,,,,,,,,,,,,,,,,,,,,,,,,,,,,,,,,,,,,,,,,,,,,,,,,,,,,,,
,,,,,,,,,,,,,,,,,,,,,,,,,,,,,,,,,,,,,,,,,,,,,,,,,,,,,,,,,,
,,,,,,,,,,,,,,,,,,,,,,,,,,,,,,,,,,,,,,,,,,,,,,,,,,,,,,,,,,
,,,,,,,,,,,,,,,,,,,,,,,,,,,,,,,,,,,,,,,,,,,,,,,,,,,,,,,,,,
,,,,,,,,,,,,,,,,,,,,,,,,,,,,,,,,,,,,,,,,,,,,,,,,,,,,,,,,,,
,,,,,,,,,,,,,,,,,,,,,,,,,,,,,,,,,,,,,,,,,,,,,,,,,,,,,,,,,,
,,,,,,,,,,,,,,,,,,,,,,,,,,,,,,,,,,,,,,,,,,,,,,,,,,,,,,,,,,
,,,,,,,,,,,,,,,,,,,,,,,,,,,,,,,,,,,,,,,,,,,,,,,,,,,,,,,,,,
,,,,,,,,,,,,,,,,,,,,,,,,,,,,,,,,,,,,,,,,,,,,,,,,,,,,,,,,,,
,,,,,,,,,,,,,,,,,,,,,,,,,,,,,,,,,,,,,,,,,,,,,,,,,,,,,,,,,,
,,,,,,,,,,,,,,,,,,,,,,,,,,,,,,,,,,,,,,,,,,,,,,,,,,,,,,,,,,
,,,,,,,,,,,,,,,,,,,,,,,,,,,,,,,,,,,,,,,,,,,,,,,,,,,,,,,,,,
,,,,,,,,,,,,,,,,,,,,,,,,,,,,,,,,,,,,,,,,,,,,,,,,,,,,,,,,,,
,,,,,,,,,,,,,,,,,,,,,,,,,,,,,,,,,,,,,,,,,,,,,,,,,,,,,,,,,,
,,,,,,,,,,,,,,,,,,,,,,,,,,,,,,,,,,,,,,,,,,,,,,,,,,,,,,,,,,
,,,,,,,,,,,,,,,,,,,,,,,,,,,,,,,,,,,,,,,,,,,,,,,,,,,,,,,,,,
,,,,,,,,,,,,,,,,,,,,,,,,,,,,,,,,,,,,,,,,,,,,,,,,,,,,,,,,,,
,,,,,,,,,,,,,,,,,,,,,,,,,,,,,,,,,,,,,,,,,,,,,,,,,,,,,,,,,,
,,,,,,,,,,,,,,,,,,,,,,,,,,,,,,,,,,,,,,,,,,,,,,,,,,,,,,,,,,
,,,,,,,,,,,,,,,,,,,,,,,,,,,,,,,,,,,,,,,,,,,,,,,,,,,,,,,,,,
,,,,,,,,,,,,,,,,,,,,,,,,,,,,,,,,,,,,,,,,,,,,,,,,,,,,,,,,,,
,,,,,,,,,,,,,,,,,,,,,,,,,,,,,,,,,,,,,,,,,,,,,,,,,,,,,,,,,,
,,,,,,,,,,,,,,,,,,,,,,,,,,,,,,,,,,,,,,,,,,,,,,,,,,,,,,,,,,
,,,,,,,,,,,,,,,,,,,,,,,,,,,,,,,,,,,,,,,,,,,,,,,,,,,,,,,,,,
,,,,,,,,,,,,,,,,,,,,,,,,,,,,,,,,,,,,,,,,,,,,,,,,,,,,,,,,,,
,,,,,,,,,,,,,,,,,,,,,,,,,,,,,,,,,,,,,,,,,,,,,,,,,,,,,,,,,,
,,,,,,,,,,,,,,,,,,,,,,,,,,,,,,,,,,,,,,,,,,,,,,,,,,,,,,,,,,
,,,,,,,,,,,,,,,,,,,,,,,,,,,,,,,,,,,,,,,,,,,,,,,,,,,,,,,,,,
,,,,,,,,,,,,,,,,,,,,,,,,,,,,,,,,,,,,,,,,,,,,,,,,,,,,,,,,,,
,,,,,,,,,,,,,,,,,,,,,,,,,,,,,,,,,,,,,,,,,,,,,,,,,,,,,,,,,,
,,,,,,,,,,,,,,,,,,,,,,,,,,,,,,,,,,,,,,,,,,,,,,,,,,,,,,,,,,
,,,,,,,,,,,,,,,,,,,,,,,,,,,,,,,,,,,,,,,,,,,,,,,,,,,,,,,,,,
,,,,,,,,,,,,,,,,,,,,,,,,,,,,,,,,,,,,,,,,,,,,,,,,,,,,,,,,,,
,,,,,,,,,,,,,,,,,,,,,,,,,,,,,,,,,,,,,,,,,,,,,,,,,,,,,,,,,,
,,,,,,,,,,,,,,,,,,,,,,,,,,,,,,,,,,,,,,,,,,,,,,,,,,,,,,,,,,
,,,,,,,,,,,,,,,,,,,,,,,,,,,,,,,,,,,,,,,,,,,,,,,,,,,,,,,,,,
,,,,,,,,,,,,,,,,,,,,,,,,,,,,,,,,,,,,,,,,,,,,,,,,,,,,,,,,,,
,,,,,,,,,,,,,,,,,,,,,,,,,,,,,,,,,,,,,,,,,,,,,,,,,,,,,,,,,,
,,,,,,,,,,,,,,,,,,,,,,,,,,,,,,,,,,,,,,,,,,,,,,,,,,,,,,,,,,
,,,,,,,,,,,,,,,,,,,,,,,,,,,,,,,,,,,,,,,,,,,,,,,,,,,,,,,,,,
,,,,,,,,,,,,,,,,,,,,,,,,,,,,,,,,,,,,,,,,,,,,,,,,,,,,,,,,,,
,,,,,,,,,,,,,,,,,,,,,,,,,,,,,,,,,,,,,,,,,,,,,,,,,,,,,,,,,,
,,,,,,,,,,,,,,,,,,,,,,,,,,,,,,,,,,,,,,,,,,,,,,,,,,,,,,,,,,
,,,,,,,,,,,,,,,,,,,,,,,,,,,,,,,,,,,,,,,,,,,,,,,,,,,,,,,,,,
,,,,,,,,,,,,,,,,,,,,,,,,,,,,,,,,,,,,,,,,,,,,,,,,,,,,,,,,,,
,,,,,,,,,,,,,,,,,,,,,,,,,,,,,,,,,,,,,,,,,,,,,,,,,,,,,,,,,,
,,,,,,,,,,,,,,,,,,,,,,,,,,,,,,,,,,,,,,,,,,,,,,,,,,,,,,,,,,
,,,,,,,,,,,,,,,,,,,,,,,,,,,,,,,,,,,,,,,,,,,,,,,,,,,,,,,,,,
,,,,,,,,,,,,,,,,,,,,,,,,,,,,,,,,,,,,,,,,,,,,,,,,,,,,,,,,,,
,,,,,,,,,,,,,,,,,,,,,,,,,,,,,,,,,,,,,,,,,,,,,,,,,,,,,,,,,,
,,,,,,,,,,,,,,,,,,,,,,,,,,,,,,,,,,,,,,,,,,,,,,,,,,,,,,,,,,
,,,,,,,,,,,,,,,,,,,,,,,,,,,,,,,,,,,,,,,,,,,,,,,,,,,,,,,,,,
,,,,,,,,,,,,,,,,,,,,,,,,,,,,,,,,,,,,,,,,,,,,,,,,,,,,,,,,,,
,,,,,,,,,,,,,,,,,,,,,,,,,,,,,,,,,,,,,,,,,,,,,,,,,,,,,,,,,,
,,,,,,,,,,,,,,,,,,,,,,,,,,,,,,,,,,,,,,,,,,,,,,,,,,,,,,,,,,
,,,,,,,,,,,,,,,,,,,,,,,,,,,,,,,,,,,,,,,,,,,,,,,,,,,,,,,,,,
,,,,,,,,,,,,,,,,,,,,,,,,,,,,,,,,,,,,,,,,,,,,,,,,,,,,,,,,,,
,,,,,,,,,,,,,,,,,,,,,,,,,,,,,,,,,,,,,,,,,,,,,,,,,,,,,,,,,,
,,,,,,,,,,,,,,,,,,,,,,,,,,,,,,,,,,,,,,,,,,,,,,,,,,,,,,,,,,
,,,,,,,,,,,,,,,,,,,,,,,,,,,,,,,,,,,,,,,,,,,,,,,,,,,,,,,,,,
,,,,,,,,,,,,,,,,,,,,,,,,,,,,,,,,,,,,,,,,,,,,,,,,,,,,,,,,,,
,,,,,,,,,,,,,,,,,,,,,,,,,,,,,,,,,,,,,,,,,,,,,,,,,,,,,,,,,,
,,,,,,,,,,,,,,,,,,,,,,,,,,,,,,,,,,,,,,,,,,,,,,,,,,,,,,,,,,
,,,,,,,,,,,,,,,,,,,,,,,,,,,,,,,,,,,,,,,,,,,,,,,,,,,,,,,,,,
,,,,,,,,,,,,,,,,,,,,,,,,,,,,,,,,,,,,,,,,,,,,,,,,,,,,,,,,,,
,,,,,,,,,,,,,,,,,,,,,,,,,,,,,,,,,,,,,,,,,,,,,,,,,,,,,,,,,,
,,,,,,,,,,,,,,,,,,,,,,,,,,,,,,,,,,,,,,,,,,,,,,,,,,,,,,,,,,
,,,,,,,,,,,,,,,,,,,,,,,,,,,,,,,,,,,,,,,,,,,,,,,,,,,,,,,,,,
,,,,,,,,,,,,,,,,,,,,,,,,,,,,,,,,,,,,,,,,,,,,,,,,,,,,,,,,,,
,,,,,,,,,,,,,,,,,,,,,,,,,,,,,,,,,,,,,,,,,,,,,,,,,,,,,,,,,,
,,,,,,,,,,,,,,,,,,,,,,,,,,,,,,,,,,,,,,,,,,,,,,,,,,,,,,,,,,
,,,,,,,,,,,,,,,,,,,,,,,,,,,,,,,,,,,,,,,,,,,,,,,,,,,,,,,,,,
,,,,,,,,,,,,,,,,,,,,,,,,,,,,,,,,,,,,,,,,,,,,,,,,,,,,,,,,,,
,,,,,,,,,,,,,,,,,,,,,,,,,,,,,,,,,,,,,,,,,,,,,,,,,,,,,,,,,,
,,,,,,,,,,,,,,,,,,,,,,,,,,,,,,,,,,,,,,,,,,,,,,,,,,,,,,,,,,
,,,,,,,,,,,,,,,,,,,,,,,,,,,,,,,,,,,,,,,,,,,,,,,,,,,,,,,,,,
,,,,,,,,,,,,,,,,,,,,,,,,,,,,,,,,,,,,,,,,,,,,,,,,,,,,,,,,,,
,,,,,,,,,,,,,,,,,,,,,,,,,,,,,,,,,,,,,,,,,,,,,,,,,,,,,,,,,,
,,,,,,,,,,,,,,,,,,,,,,,,,,,,,,,,,,,,,,,,,,,,,,,,,,,,,,,,,,
,,,,,,,,,,,,,,,,,,,,,,,,,,,,,,,,,,,,,,,,,,,,,,,,,,,,,,,,,,
,,,,,,,,,,,,,,,,,,,,,,,,,,,,,,,,,,,,,,,,,,,,,,,,,,,,,,,,,,
,,,,,,,,,,,,,,,,,,,,,,,,,,,,,,,,,,,,,,,,,,,,,,,,,,,,,,,,,,
,,,,,,,,,,,,,,,,,,,,,,,,,,,,,,,,,,,,,,,,,,,,,,,,,,,,,,,,,,
,,,,,,,,,,,,,,,,,,,,,,,,,,,,,,,,,,,,,,,,,,,,,,,,,,,,,,,,,,
,,,,,,,,,,,,,,,,,,,,,,,,,,,,,,,,,,,,,,,,,,,,,,,,,,,,,,,,,,
,,,,,,,,,,,,,,,,,,,,,,,,,,,,,,,,,,,,,,,,,,,,,,,,,,,,,,,,,,
,,,,,,,,,,,,,,,,,,,,,,,,,,,,,,,,,,,,,,,,,,,,,,,,,,,,,,,,,,
,,,,,,,,,,,,,,,,,,,,,,,,,,,,,,,,,,,,,,,,,,,,,,,,,,,,,,,,,,
,,,,,,,,,,,,,,,,,,,,,,,,,,,,,,,,,,,,,,,,,,,,,,,,,,,,,,,,,,
,,,,,,,,,,,,,,,,,,,,,,,,,,,,,,,,,,,,,,,,,,,,,,,,,,,,,,,,,,
,,,,,,,,,,,,,,,,,,,,,,,,,,,,,,,,,,,,,,,,,,,,,,,,,,,,,,,,,,
,,,,,,,,,,,,,,,,,,,,,,,,,,,,,,,,,,,,,,,,,,,,,,,,,,,,,,,,,,
,,,,,,,,,,,,,,,,,,,,,,,,,,,,,,,,,,,,,,,,,,,,,,,,,,,,,,,,,,
,,,,,,,,,,,,,,,,,,,,,,,,,,,,,,,,,,,,,,,,,,,,,,,,,,,,,,,,,,
,,,,,,,,,,,,,,,,,,,,,,,,,,,,,,,,,,,,,,,,,,,,,,,,,,,,,,,,,,
,,,,,,,,,,,,,,,,,,,,,,,,,,,,,,,,,,,,,,,,,,,,,,,,,,,,,,,,,,
,,,,,,,,,,,,,,,,,,,,,,,,,,,,,,,,,,,,,,,,,,,,,,,,,,,,,,,,,,
,,,,,,,,,,,,,,,,,,,,,,,,,,,,,,,,,,,,,,,,,,,,,,,,,,,,,,,,,,
,,,,,,,,,,,,,,,,,,,,,,,,,,,,,,,,,,,,,,,,,,,,,,,,,,,,,,,,,,
,,,,,,,,,,,,,,,,,,,,,,,,,,,,,,,,,,,,,,,,,,,,,,,,,,,,,,,,,,
,,,,,,,,,,,,,,,,,,,,,,,,,,,,,,,,,,,,,,,,,,,,,,,,,,,,,,,,,,
,,,,,,,,,,,,,,,,,,,,,,,,,,,,,,,,,,,,,,,,,,,,,,,,,,,,,,,,,,
,,,,,,,,,,,,,,,,,,,,,,,,,,,,,,,,,,,,,,,,,,,,,,,,,,,,,,,,,,
,,,,,,,,,,,,,,,,,,,,,,,,,,,,,,,,,,,,,,,,,,,,,,,,,,,,,,,,,,
,,,,,,,,,,,,,,,,,,,,,,,,,,,,,,,,,,,,,,,,,,,,,,,,,,,,,,,,,,
,,,,,,,,,,,,,,,,,,,,,,,,,,,,,,,,,,,,,,,,,,,,,,,,,,,,,,,,,,
,,,,,,,,,,,,,,,,,,,,,,,,,,,,,,,,,,,,,,,,,,,,,,,,,,,,,,,,,,
,,,,,,,,,,,,,,,,,,,,,,,,,,,,,,,,,,,,,,,,,,,,,,,,,,,,,,,,,,
,,,,,,,,,,,,,,,,,,,,,,,,,,,,,,,,,,,,,,,,,,,,,,,,,,,,,,,,,,
,,,,,,,,,,,,,,,,,,,,,,,,,,,,,,,,,,,,,,,,,,,,,,,,,,,,,,,,,,
,,,,,,,,,,,,,,,,,,,,,,,,,,,,,,,,,,,,,,,,,,,,,,,,,,,,,,,,,,
,,,,,,,,,,,,,,,,,,,,,,,,,,,,,,,,,,,,,,,,,,,,,,,,,,,,,,,,,,
,,,,,,,,,,,,,,,,,,,,,,,,,,,,,,,,,,,,,,,,,,,,,,,,,,,,,,,,,,
,,,,,,,,,,,,,,,,,,,,,,,,,,,,,,,,,,,,,,,,,,,,,,,,,,,,,,,,,,
,,,,,,,,,,,,,,,,,,,,,,,,,,,,,,,,,,,,,,,,,,,,,,,,,,,,,,,,,,
,,,,,,,,,,,,,,,,,,,,,,,,,,,,,,,,,,,,,,,,,,,,,,,,,,,,,,,,,,
,,,,,,,,,,,,,,,,,,,,,,,,,,,,,,,,,,,,,,,,,,,,,,,,,,,,,,,,,,
,,,,,,,,,,,,,,,,,,,,,,,,,,,,,,,,,,,,,,,,,,,,,,,,,,,,,,,,,,
,,,,,,,,,,,,,,,,,,,,,,,,,,,,,,,,,,,,,,,,,,,,,,,,,,,,,,,,,,
,,,,,,,,,,,,,,,,,,,,,,,,,,,,,,,,,,,,,,,,,,,,,,,,,,,,,,,,,,
,,,,,,,,,,,,,,,,,,,,,,,,,,,,,,,,,,,,,,,,,,,,,,,,,,,,,,,,,,
,,,,,,,,,,,,,,,,,,,,,,,,,,,,,,,,,,,,,,,,,,,,,,,,,,,,,,,,,,
,,,,,,,,,,,,,,,,,,,,,,,,,,,,,,,,,,,,,,,,,,,,,,,,,,,,,,,,,,
,,,,,,,,,,,,,,,,,,,,,,,,,,,,,,,,,,,,,,,,,,,,,,,,,,,,,,,,,,
,,,,,,,,,,,,,,,,,,,,,,,,,,,,,,,,,,,,,,,,,,,,,,,,,,,,,,,,,,
,,,,,,,,,,,,,,,,,,,,,,,,,,,,,,,,,,,,,,,,,,,,,,,,,,,,,,,,,,
,,,,,,,,,,,,,,,,,,,,,,,,,,,,,,,,,,,,,,,,,,,,,,,,,,,,,,,,,,
,,,,,,,,,,,,,,,,,,,,,,,,,,,,,,,,,,,,,,,,,,,,,,,,,,,,,,,,,,
,,,,,,,,,,,,,,,,,,,,,,,,,,,,,,,,,,,,,,,,,,,,,,,,,,,,,,,,,,
,,,,,,,,,,,,,,,,,,,,,,,,,,,,,,,,,,,,,,,,,,,,,,,,,,,,,,,,,,
,,,,,,,,,,,,,,,,,,,,,,,,,,,,,,,,,,,,,,,,,,,,,,,,,,,,,,,,,,
,,,,,,,,,,,,,,,,,,,,,,,,,,,,,,,,,,,,,,,,,,,,,,,,,,,,,,,,,,
,,,,,,,,,,,,,,,,,,,,,,,,,,,,,,,,,,,,,,,,,,,,,,,,,,,,,,,,,,
,,,,,,,,,,,,,,,,,,,,,,,,,,,,,,,,,,,,,,,,,,,,,,,,,,,,,,,,,,
,,,,,,,,,,,,,,,,,,,,,,,,,,,,,,,,,,,,,,,,,,,,,,,,,,,,,,,,,,
,,,,,,,,,,,,,,,,,,,,,,,,,,,,,,,,,,,,,,,,,,,,,,,,,,,,,,,,,,
,,,,,,,,,,,,,,,,,,,,,,,,,,,,,,,,,,,,,,,,,,,,,,,,,,,,,,,,,,
,,,,,,,,,,,,,,,,,,,,,,,,,,,,,,,,,,,,,,,,,,,,,,,,,,,,,,,,,,
,,,,,,,,,,,,,,,,,,,,,,,,,,,,,,,,,,,,,,,,,,,,,,,,,,,,,,,,,,
,,,,,,,,,,,,,,,,,,,,,,,,,,,,,,,,,,,,,,,,,,,,,,,,,,,,,,,,,,
,,,,,,,,,,,,,,,,,,,,,,,,,,,,,,,,,,,,,,,,,,,,,,,,,,,,,,,,,,
,,,,,,,,,,,,,,,,,,,,,,,,,,,,,,,,,,,,,,,,,,,,,,,,,,,,,,,,,,
,,,,,,,,,,,,,,,,,,,,,,,,,,,,,,,,,,,,,,,,,,,,,,,,,,,,,,,,,,
,,,,,,,,,,,,,,,,,,,,,,,,,,,,,,,,,,,,,,,,,,,,,,,,,,,,,,,,,,
,,,,,,,,,,,,,,,,,,,,,,,,,,,,,,,,,,,,,,,,,,,,,,,,,,,,,,,,,,
,,,,,,,,,,,,,,,,,,,,,,,,,,,,,,,,,,,,,,,,,,,,,,,,,,,,,,,,,,
,,,,,,,,,,,,,,,,,,,,,,,,,,,,,,,,,,,,,,,,,,,,,,,,,,,,,,,,,,
,,,,,,,,,,,,,,,,,,,,,,,,,,,,,,,,,,,,,,,,,,,,,,,,,,,,,,,,,,
,,,,,,,,,,,,,,,,,,,,,,,,,,,,,,,,,,,,,,,,,,,,,,,,,,,,,,,,,,
,,,,,,,,,,,,,,,,,,,,,,,,,,,,,,,,,,,,,,,,,,,,,,,,,,,,,,,,,,
,,,,,,,,,,,,,,,,,,,,,,,,,,,,,,,,,,,,,,,,,,,,,,,,,,,,,,,,,,
,,,,,,,,,,,,,,,,,,,,,,,,,,,,,,,,,,,,,,,,,,,,,,,,,,,,,,,,,,
,,,,,,,,,,,,,,,,,,,,,,,,,,,,,,,,,,,,,,,,,,,,,,,,,,,,,,,,,,
,,,,,,,,,,,,,,,,,,,,,,,,,,,,,,,,,,,,,,,,,,,,,,,,,,,,,,,,,,
,,,,,,,,,,,,,,,,,,,,,,,,,,,,,,,,,,,,,,,,,,,,,,,,,,,,,,,,,,
,,,,,,,,,,,,,,,,,,,,,,,,,,,,,,,,,,,,,,,,,,,,,,,,,,,,,,,,,,
,,,,,,,,,,,,,,,,,,,,,,,,,,,,,,,,,,,,,,,,,,,,,,,,,,,,,,,,,,
,,,,,,,,,,,,,,,,,,,,,,,,,,,,,,,,,,,,,,,,,,,,,,,,,,,,,,,,,,
,,,,,,,,,,,,,,,,,,,,,,,,,,,,,,,,,,,,,,,,,,,,,,,,,,,,,,,,,,
,,,,,,,,,,,,,,,,,,,,,,,,,,,,,,,,,,,,,,,,,,,,,,,,,,,,,,,,,,
,,,,,,,,,,,,,,,,,,,,,,,,,,,,,,,,,,,,,,,,,,,,,,,,,,,,,,,,,,
,,,,,,,,,,,,,,,,,,,,,,,,,,,,,,,,,,,,,,,,,,,,,,,,,,,,,,,,,,
,,,,,,,,,,,,,,,,,,,,,,,,,,,,,,,,,,,,,,,,,,,,,,,,,,,,,,,,,,
,,,,,,,,,,,,,,,,,,,,,,,,,,,,,,,,,,,,,,,,,,,,,,,,,,,,,,,,,,
,,,,,,,,,,,,,,,,,,,,,,,,,,,,,,,,,,,,,,,,,,,,,,,,,,,,,,,,,,
,,,,,,,,,,,,,,,,,,,,,,,,,,,,,,,,,,,,,,,,,,,,,,,,,,,,,,,,,,
,,,,,,,,,,,,,,,,,,,,,,,,,,,,,,,,,,,,,,,,,,,,,,,,,,,,,,,,,,
,,,,,,,,,,,,,,,,,,,,,,,,,,,,,,,,,,,,,,,,,,,,,,,,,,,,,,,,,,
,,,,,,,,,,,,,,,,,,,,,,,,,,,,,,,,,,,,,,,,,,,,,,,,,,,,,,,,,,
,,,,,,,,,,,,,,,,,,,,,,,,,,,,,,,,,,,,,,,,,,,,,,,,,,,,,,,,,,
,,,,,,,,,,,,,,,,,,,,,,,,,,,,,,,,,,,,,,,,,,,,,,,,,,,,,,,,,,
,,,,,,,,,,,,,,,,,,,,,,,,,,,,,,,,,,,,,,,,,,,,,,,,,,,,,,,,,,
,,,,,,,,,,,,,,,,,,,,,,,,,,,,,,,,,,,,,,,,,,,,,,,,,,,,,,,,,,
,,,,,,,,,,,,,,,,,,,,,,,,,,,,,,,,,,,,,,,,,,,,,,,,,,,,,,,,,,
,,,,,,,,,,,,,,,,,,,,,,,,,,,,,,,,,,,,,,,,,,,,,,,,,,,,,,,,,,
,,,,,,,,,,,,,,,,,,,,,,,,,,,,,,,,,,,,,,,,,,,,,,,,,,,,,,,,,,
,,,,,,,,,,,,,,,,,,,,,,,,,,,,,,,,,,,,,,,,,,,,,,,,,,,,,,,,,,
,,,,,,,,,,,,,,,,,,,,,,,,,,,,,,,,,,,,,,,,,,,,,,,,,,,,,,,,,,
,,,,,,,,,,,,,,,,,,,,,,,,,,,,,,,,,,,,,,,,,,,,,,,,,,,,,,,,,,
,,,,,,,,,,,,,,,,,,,,,,,,,,,,,,,,,,,,,,,,,,,,,,,,,,,,,,,,,,
,,,,,,,,,,,,,,,,,,,,,,,,,,,,,,,,,,,,,,,,,,,,,,,,,,,,,,,,,,
,,,,,,,,,,,,,,,,,,,,,,,,,,,,,,,,,,,,,,,,,,,,,,,,,,,,,,,,,,
,,,,,,,,,,,,,,,,,,,,,,,,,,,,,,,,,,,,,,,,,,,,,,,,,,,,,,,,,,
,,,,,,,,,,,,,,,,,,,,,,,,,,,,,,,,,,,,,,,,,,,,,,,,,,,,,,,,,,
,,,,,,,,,,,,,,,,,,,,,,,,,,,,,,,,,,,,,,,,,,,,,,,,,,,,,,,,,,
,,,,,,,,,,,,,,,,,,,,,,,,,,,,,,,,,,,,,,,,,,,,,,,,,,,,,,,,,,
,,,,,,,,,,,,,,,,,,,,,,,,,,,,,,,,,,,,,,,,,,,,,,,,,,,,,,,,,,
,,,,,,,,,,,,,,,,,,,,,,,,,,,,,,,,,,,,,,,,,,,,,,,,,,,,,,,,,,
,,,,,,,,,,,,,,,,,,,,,,,,,,,,,,,,,,,,,,,,,,,,,,,,,,,,,,,,,,
,,,,,,,,,,,,,,,,,,,,,,,,,,,,,,,,,,,,,,,,,,,,,,,,,,,,,,,,,,
,,,,,,,,,,,,,,,,,,,,,,,,,,,,,,,,,,,,,,,,,,,,,,,,,,,,,,,,,,
,,,,,,,,,,,,,,,,,,,,,,,,,,,,,,,,,,,,,,,,,,,,,,,,,,,,,,,,,,
,,,,,,,,,,,,,,,,,,,,,,,,,,,,,,,,,,,,,,,,,,,,,,,,,,,,,,,,,,
,,,,,,,,,,,,,,,,,,,,,,,,,,,,,,,,,,,,,,,,,,,,,,,,,,,,,,,,,,
,,,,,,,,,,,,,,,,,,,,,,,,,,,,,,,,,,,,,,,,,,,,,,,,,,,,,,,,,,
,,,,,,,,,,,,,,,,,,,,,,,,,,,,,,,,,,,,,,,,,,,,,,,,,,,,,,,,,,
,,,,,,,,,,,,,,,,,,,,,,,,,,,,,,,,,,,,,,,,,,,,,,,,,,,,,,,,,,
,,,,,,,,,,,,,,,,,,,,,,,,,,,,,,,,,,,,,,,,,,,,,,,,,,,,,,,,,,
,,,,,,,,,,,,,,,,,,,,,,,,,,,,,,,,,,,,,,,,,,,,,,,,,,,,,,,,,,
,,,,,,,,,,,,,,,,,,,,,,,,,,,,,,,,,,,,,,,,,,,,,,,,,,,,,,,,,,
,,,,,,,,,,,,,,,,,,,,,,,,,,,,,,,,,,,,,,,,,,,,,,,,,,,,,,,,,,
,,,,,,,,,,,,,,,,,,,,,,,,,,,,,,,,,,,,,,,,,,,,,,,,,,,,,,,,,,
,,,,,,,,,,,,,,,,,,,,,,,,,,,,,,,,,,,,,,,,,,,,,,,,,,,,,,,,,,
,,,,,,,,,,,,,,,,,,,,,,,,,,,,,,,,,,,,,,,,,,,,,,,,,,,,,,,,,,
,,,,,,,,,,,,,,,,,,,,,,,,,,,,,,,,,,,,,,,,,,,,,,,,,,,,,,,,,,
,,,,,,,,,,,,,,,,,,,,,,,,,,,,,,,,,,,,,,,,,,,,,,,,,,,,,,,,,,
,,,,,,,,,,,,,,,,,,,,,,,,,,,,,,,,,,,,,,,,,,,,,,,,,,,,,,,,,,
,,,,,,,,,,,,,,,,,,,,,,,,,,,,,,,,,,,,,,,,,,,,,,,,,,,,,,,,,,
,,,,,,,,,,,,,,,,,,,,,,,,,,,,,,,,,,,,,,,,,,,,,,,,,,,,,,,,,,
,,,,,,,,,,,,,,,,,,,,,,,,,,,,,,,,,,,,,,,,,,,,,,,,,,,,,,,,,,
,,,,,,,,,,,,,,,,,,,,,,,,,,,,,,,,,,,,,,,,,,,,,,,,,,,,,,,,,,
,,,,,,,,,,,,,,,,,,,,,,,,,,,,,,,,,,,,,,,,,,,,,,,,,,,,,,,,,,
,,,,,,,,,,,,,,,,,,,,,,,,,,,,,,,,,,,,,,,,,,,,,,,,,,,,,,,,,,
,,,,,,,,,,,,,,,,,,,,,,,,,,,,,,,,,,,,,,,,,,,,,,,,,,,,,,,,,,
,,,,,,,,,,,,,,,,,,,,,,,,,,,,,,,,,,,,,,,,,,,,,,,,,,,,,,,,,,
,,,,,,,,,,,,,,,,,,,,,,,,,,,,,,,,,,,,,,,,,,,,,,,,,,,,,,,,,,
,,,,,,,,,,,,,,,,,,,,,,,,,,,,,,,,,,,,,,,,,,,,,,,,,,,,,,,,,,
,,,,,,,,,,,,,,,,,,,,,,,,,,,,,,,,,,,,,,,,,,,,,,,,,,,,,,,,,,
,,,,,,,,,,,,,,,,,,,,,,,,,,,,,,,,,,,,,,,,,,,,,,,,,,,,,,,,,,
,,,,,,,,,,,,,,,,,,,,,,,,,,,,,,,,,,,,,,,,,,,,,,,,,,,,,,,,,,
,,,,,,,,,,,,,,,,,,,,,,,,,,,,,,,,,,,,,,,,,,,,,,,,,,,,,,,,,,
,,,,,,,,,,,,,,,,,,,,,,,,,,,,,,,,,,,,,,,,,,,,,,,,,,,,,,,,,,
,,,,,,,,,,,,,,,,,,,,,,,,,,,,,,,,,,,,,,,,,,,,,,,,,,,,,,,,,,
,,,,,,,,,,,,,,,,,,,,,,,,,,,,,,,,,,,,,,,,,,,,,,,,,,,,,,,,,,
,,,,,,,,,,,,,,,,,,,,,,,,,,,,,,,,,,,,,,,,,,,,,,,,,,,,,,,,,,
,,,,,,,,,,,,,,,,,,,,,,,,,,,,,,,,,,,,,,,,,,,,,,,,,,,,,,,,,,
,,,,,,,,,,,,,,,,,,,,,,,,,,,,,,,,,,,,,,,,,,,,,,,,,,,,,,,,,,
,,,,,,,,,,,,,,,,,,,,,,,,,,,,,,,,,,,,,,,,,,,,,,,,,,,,,,,,,,
,,,,,,,,,,,,,,,,,,,,,,,,,,,,,,,,,,,,,,,,,,,,,,,,,,,,,,,,,,
,,,,,,,,,,,,,,,,,,,,,,,,,,,,,,,,,,,,,,,,,,,,,,,,,,,,,,,,,,
,,,,,,,,,,,,,,,,,,,,,,,,,,,,,,,,,,,,,,,,,,,,,,,,,,,,,,,,,,
,,,,,,,,,,,,,,,,,,,,,,,,,,,,,,,,,,,,,,,,,,,,,,,,,,,,,,,,,,
,,,,,,,,,,,,,,,,,,,,,,,,,,,,,,,,,,,,,,,,,,,,,,,,,,,,,,,,,,
,,,,,,,,,,,,,,,,,,,,,,,,,,,,,,,,,,,,,,,,,,,,,,,,,,,,,,,,,,
,,,,,,,,,,,,,,,,,,,,,,,,,,,,,,,,,,,,,,,,,,,,,,,,,,,,,,,,,,
,,,,,,,,,,,,,,,,,,,,,,,,,,,,,,,,,,,,,,,,,,,,,,,,,,,,,,,,,,
,,,,,,,,,,,,,,,,,,,,,,,,,,,,,,,,,,,,,,,,,,,,,,,,,,,,,,,,,,
,,,,,,,,,,,,,,,,,,,,,,,,,,,,,,,,,,,,,,,,,,,,,,,,,,,,,,,,,,
,,,,,,,,,,,,,,,,,,,,,,,,,,,,,,,,,,,,,,,,,,,,,,,,,,,,,,,,,,
,,,,,,,,,,,,,,,,,,,,,,,,,,,,,,,,,,,,,,,,,,,,,,,,,,,,,,,,,,
,,,,,,,,,,,,,,,,,,,,,,,,,,,,,,,,,,,,,,,,,,,,,,,,,,,,,,,,,,
,,,,,,,,,,,,,,,,,,,,,,,,,,,,,,,,,,,,,,,,,,,,,,,,,,,,,,,,,,
,,,,,,,,,,,,,,,,,,,,,,,,,,,,,,,,,,,,,,,,,,,,,,,,,,,,,,,,,,
,,,,,,,,,,,,,,,,,,,,,,,,,,,,,,,,,,,,,,,,,,,,,,,,,,,,,,,,,,
,,,,,,,,,,,,,,,,,,,,,,,,,,,,,,,,,,,,,,,,,,,,,,,,,,,,,,,,,,
,,,,,,,,,,,,,,,,,,,,,,,,,,,,,,,,,,,,,,,,,,,,,,,,,,,,,,,,,,
,,,,,,,,,,,,,,,,,,,,,,,,,,,,,,,,,,,,,,,,,,,,,,,,,,,,,,,,,,
,,,,,,,,,,,,,,,,,,,,,,,,,,,,,,,,,,,,,,,,,,,,,,,,,,,,,,,,,,
,,,,,,,,,,,,,,,,,,,,,,,,,,,,,,,,,,,,,,,,,,,,,,,,,,,,,,,,,,
,,,,,,,,,,,,,,,,,,,,,,,,,,,,,,,,,,,,,,,,,,,,,,,,,,,,,,,,,,
,,,,,,,,,,,,,,,,,,,,,,,,,,,,,,,,,,,,,,,,,,,,,,,,,,,,,,,,,,
,,,,,,,,,,,,,,,,,,,,,,,,,,,,,,,,,,,,,,,,,,,,,,,,,,,,,,,,,,
,,,,,,,,,,,,,,,,,,,,,,,,,,,,,,,,,,,,,,,,,,,,,,,,,,,,,,,,,,
,,,,,,,,,,,,,,,,,,,,,,,,,,,,,,,,,,,,,,,,,,,,,,,,,,,,,,,,,,
,,,,,,,,,,,,,,,,,,,,,,,,,,,,,,,,,,,,,,,,,,,,,,,,,,,,,,,,,,
,,,,,,,,,,,,,,,,,,,,,,,,,,,,,,,,,,,,,,,,,,,,,,,,,,,,,,,,,,
,,,,,,,,,,,,,,,,,,,,,,,,,,,,,,,,,,,,,,,,,,,,,,,,,,,,,,,,,,
,,,,,,,,,,,,,,,,,,,,,,,,,,,,,,,,,,,,,,,,,,,,,,,,,,,,,,,,,,
,,,,,,,,,,,,,,,,,,,,,,,,,,,,,,,,,,,,,,,,,,,,,,,,,,,,,,,,,,
,,,,,,,,,,,,,,,,,,,,,,,,,,,,,,,,,,,,,,,,,,,,,,,,,,,,,,,,,,
,,,,,,,,,,,,,,,,,,,,,,,,,,,,,,,,,,,,,,,,,,,,,,,,,,,,,,,,,,
,,,,,,,,,,,,,,,,,,,,,,,,,,,,,,,,,,,,,,,,,,,,,,,,,,,,,,,,,,
,,,,,,,,,,,,,,,,,,,,,,,,,,,,,,,,,,,,,,,,,,,,,,,,,,,,,,,,,,
,,,,,,,,,,,,,,,,,,,,,,,,,,,,,,,,,,,,,,,,,,,,,,,,,,,,,,,,,,
,,,,,,,,,,,,,,,,,,,,,,,,,,,,,,,,,,,,,,,,,,,,,,,,,,,,,,,,,,
,,,,,,,,,,,,,,,,,,,,,,,,,,,,,,,,,,,,,,,,,,,,,,,,,,,,,,,,,,
,,,,,,,,,,,,,,,,,,,,,,,,,,,,,,,,,,,,,,,,,,,,,,,,,,,,,,,,,,
,,,,,,,,,,,,,,,,,,,,,,,,,,,,,,,,,,,,,,,,,,,,,,,,,,,,,,,,,,
,,,,,,,,,,,,,,,,,,,,,,,,,,,,,,,,,,,,,,,,,,,,,,,,,,,,,,,,,,
,,,,,,,,,,,,,,,,,,,,,,,,,,,,,,,,,,,,,,,,,,,,,,,,,,,,,,,,,,
,,,,,,,,,,,,,,,,,,,,,,,,,,,,,,,,,,,,,,,,,,,,,,,,,,,,,,,,,,
,,,,,,,,,,,,,,,,,,,,,,,,,,,,,,,,,,,,,,,,,,,,,,,,,,,,,,,,,,
,,,,,,,,,,,,,,,,,,,,,,,,,,,,,,,,,,,,,,,,,,,,,,,,,,,,,,,,,,
,,,,,,,,,,,,,,,,,,,,,,,,,,,,,,,,,,,,,,,,,,,,,,,,,,,,,,,,,,
,,,,,,,,,,,,,,,,,,,,,,,,,,,,,,,,,,,,,,,,,,,,,,,,,,,,,,,,,,
,,,,,,,,,,,,,,,,,,,,,,,,,,,,,,,,,,,,,,,,,,,,,,,,,,,,,,,,,,
,,,,,,,,,,,,,,,,,,,,,,,,,,,,,,,,,,,,,,,,,,,,,,,,,,,,,,,,,,
,,,,,,,,,,,,,,,,,,,,,,,,,,,,,,,,,,,,,,,,,,,,,,,,,,,,,,,,,,
,,,,,,,,,,,,,,,,,,,,,,,,,,,,,,,,,,,,,,,,,,,,,,,,,,,,,,,,,,
,,,,,,,,,,,,,,,,,,,,,,,,,,,,,,,,,,,,,,,,,,,,,,,,,,,,,,,,,,
,,,,,,,,,,,,,,,,,,,,,,,,,,,,,,,,,,,,,,,,,,,,,,,,,,,,,,,,,,
,,,,,,,,,,,,,,,,,,,,,,,,,,,,,,,,,,,,,,,,,,,,,,,,,,,,,,,,,,
,,,,,,,,,,,,,,,,,,,,,,,,,,,,,,,,,,,,,,,,,,,,,,,,,,,,,,,,,,
,,,,,,,,,,,,,,,,,,,,,,,,,,,,,,,,,,,,,,,,,,,,,,,,,,,,,,,,,,
,,,,,,,,,,,,,,,,,,,,,,,,,,,,,,,,,,,,,,,,,,,,,,,,,,,,,,,,,,
,,,,,,,,,,,,,,,,,,,,,,,,,,,,,,,,,,,,,,,,,,,,,,,,,,,,,,,,,,
,,,,,,,,,,,,,,,,,,,,,,,,,,,,,,,,,,,,,,,,,,,,,,,,,,,,,,,,,,
,,,,,,,,,,,,,,,,,,,,,,,,,,,,,,,,,,,,,,,,,,,,,,,,,,,,,,,,,,
,,,,,,,,,,,,,,,,,,,,,,,,,,,,,,,,,,,,,,,,,,,,,,,,,,,,,,,,,,
,,,,,,,,,,,,,,,,,,,,,,,,,,,,,,,,,,,,,,,,,,,,,,,,,,,,,,,,,,
,,,,,,,,,,,,,,,,,,,,,,,,,,,,,,,,,,,,,,,,,,,,,,,,,,,,,,,,,,
,,,,,,,,,,,,,,,,,,,,,,,,,,,,,,,,,,,,,,,,,,,,,,,,,,,,,,,,,,
,,,,,,,,,,,,,,,,,,,,,,,,,,,,,,,,,,,,,,,,,,,,,,,,,,,,,,,,,,
,,,,,,,,,,,,,,,,,,,,,,,,,,,,,,,,,,,,,,,,,,,,,,,,,,,,,,,,,,
,,,,,,,,,,,,,,,,,,,,,,,,,,,,,,,,,,,,,,,,,,,,,,,,,,,,,,,,,,
,,,,,,,,,,,,,,,,,,,,,,,,,,,,,,,,,,,,,,,,,,,,,,,,,,,,,,,,,,
,,,,,,,,,,,,,,,,,,,,,,,,,,,,,,,,,,,,,,,,,,,,,,,,,,,,,,,,,,
,,,,,,,,,,,,,,,,,,,,,,,,,,,,,,,,,,,,,,,,,,,,,,,,,,,,,,,,,,
,,,,,,,,,,,,,,,,,,,,,,,,,,,,,,,,,,,,,,,,,,,,,,,,,,,,,,,,,,
,,,,,,,,,,,,,,,,,,,,,,,,,,,,,,,,,,,,,,,,,,,,,,,,,,,,,,,,,,
,,,,,,,,,,,,,,,,,,,,,,,,,,,,,,,,,,,,,,,,,,,,,,,,,,,,,,,,,,
,,,,,,,,,,,,,,,,,,,,,,,,,,,,,,,,,,,,,,,,,,,,,,,,,,,,,,,,,,
,,,,,,,,,,,,,,,,,,,,,,,,,,,,,,,,,,,,,,,,,,,,,,,,,,,,,,,,,,
,,,,,,,,,,,,,,,,,,,,,,,,,,,,,,,,,,,,,,,,,,,,,,,,,,,,,,,,,,
,,,,,,,,,,,,,,,,,,,,,,,,,,,,,,,,,,,,,,,,,,,,,,,,,,,,,,,,,,
,,,,,,,,,,,,,,,,,,,,,,,,,,,,,,,,,,,,,,,,,,,,,,,,,,,,,,,,,,
,,,,,,,,,,,,,,,,,,,,,,,,,,,,,,,,,,,,,,,,,,,,,,,,,,,,,,,,,,
,,,,,,,,,,,,,,,,,,,,,,,,,,,,,,,,,,,,,,,,,,,,,,,,,,,,,,,,,,
,,,,,,,,,,,,,,,,,,,,,,,,,,,,,,,,,,,,,,,,,,,,,,,,,,,,,,,,,,
,,,,,,,,,,,,,,,,,,,,,,,,,,,,,,,,,,,,,,,,,,,,,,,,,,,,,,,,,,
,,,,,,,,,,,,,,,,,,,,,,,,,,,,,,,,,,,,,,,,,,,,,,,,,,,,,,,,,,
,,,,,,,,,,,,,,,,,,,,,,,,,,,,,,,,,,,,,,,,,,,,,,,,,,,,,,,,,,
,,,,,,,,,,,,,,,,,,,,,,,,,,,,,,,,,,,,,,,,,,,,,,,,,,,,,,,,,,
,,,,,,,,,,,,,,,,,,,,,,,,,,,,,,,,,,,,,,,,,,,,,,,,,,,,,,,,,,
,,,,,,,,,,,,,,,,,,,,,,,,,,,,,,,,,,,,,,,,,,,,,,,,,,,,,,,,,,
,,,,,,,,,,,,,,,,,,,,,,,,,,,,,,,,,,,,,,,,,,,,,,,,,,,,,,,,,,
,,,,,,,,,,,,,,,,,,,,,,,,,,,,,,,,,,,,,,,,,,,,,,,,,,,,,,,,,,
,,,,,,,,,,,,,,,,,,,,,,,,,,,,,,,,,,,,,,,,,,,,,,,,,,,,,,,,,,
,,,,,,,,,,,,,,,,,,,,,,,,,,,,,,,,,,,,,,,,,,,,,,,,,,,,,,,,,,
,,,,,,,,,,,,,,,,,,,,,,,,,,,,,,,,,,,,,,,,,,,,,,,,,,,,,,,,,,
,,,,,,,,,,,,,,,,,,,,,,,,,,,,,,,,,,,,,,,,,,,,,,,,,,,,,,,,,,
,,,,,,,,,,,,,,,,,,,,,,,,,,,,,,,,,,,,,,,,,,,,,,,,,,,,,,,,,,
,,,,,,,,,,,,,,,,,,,,,,,,,,,,,,,,,,,,,,,,,,,,,,,,,,,,,,,,,,
,,,,,,,,,,,,,,,,,,,,,,,,,,,,,,,,,,,,,,,,,,,,,,,,,,,,,,,,,,
,,,,,,,,,,,,,,,,,,,,,,,,,,,,,,,,,,,,,,,,,,,,,,,,,,,,,,,,,,
,,,,,,,,,,,,,,,,,,,,,,,,,,,,,,,,,,,,,,,,,,,,,,,,,,,,,,,,,,
,,,,,,,,,,,,,,,,,,,,,,,,,,,,,,,,,,,,,,,,,,,,,,,,,,,,,,,,,,
,,,,,,,,,,,,,,,,,,,,,,,,,,,,,,,,,,,,,,,,,,,,,,,,,,,,,,,,,,
,,,,,,,,,,,,,,,,,,,,,,,,,,,,,,,,,,,,,,,,,,,,,,,,,,,,,,,,,,
,,,,,,,,,,,,,,,,,,,,,,,,,,,,,,,,,,,,,,,,,,,,,,,,,,,,,,,,,,
,,,,,,,,,,,,,,,,,,,,,,,,,,,,,,,,,,,,,,,,,,,,,,,,,,,,,,,,,,
,,,,,,,,,,,,,,,,,,,,,,,,,,,,,,,,,,,,,,,,,,,,,,,,,,,,,,,,,,
,,,,,,,,,,,,,,,,,,,,,,,,,,,,,,,,,,,,,,,,,,,,,,,,,,,,,,,,,,
,,,,,,,,,,,,,,,,,,,,,,,,,,,,,,,,,,,,,,,,,,,,,,,,,,,,,,,,,,
,,,,,,,,,,,,,,,,,,,,,,,,,,,,,,,,,,,,,,,,,,,,,,,,,,,,,,,,,,
,,,,,,,,,,,,,,,,,,,,,,,,,,,,,,,,,,,,,,,,,,,,,,,,,,,,,,,,,,
,,,,,,,,,,,,,,,,,,,,,,,,,,,,,,,,,,,,,,,,,,,,,,,,,,,,,,,,,,
,,,,,,,,,,,,,,,,,,,,,,,,,,,,,,,,,,,,,,,,,,,,,,,,,,,,,,,,,,
,,,,,,,,,,,,,,,,,,,,,,,,,,,,,,,,,,,,,,,,,,,,,,,,,,,,,,,,,,
,,,,,,,,,,,,,,,,,,,,,,,,,,,,,,,,,,,,,,,,,,,,,,,,,,,,,,,,,,
,,,,,,,,,,,,,,,,,,,,,,,,,,,,,,,,,,,,,,,,,,,,,,,,,,,,,,,,,,
,,,,,,,,,,,,,,,,,,,,,,,,,,,,,,,,,,,,,,,,,,,,,,,,,,,,,,,,,,
,,,,,,,,,,,,,,,,,,,,,,,,,,,,,,,,,,,,,,,,,,,,,,,,,,,,,,,,,,
,,,,,,,,,,,,,,,,,,,,,,,,,,,,,,,,,,,,,,,,,,,,,,,,,,,,,,,,,,
,,,,,,,,,,,,,,,,,,,,,,,,,,,,,,,,,,,,,,,,,,,,,,,,,,,,,,,,,,
,,,,,,,,,,,,,,,,,,,,,,,,,,,,,,,,,,,,,,,,,,,,,,,,,,,,,,,,,,
,,,,,,,,,,,,,,,,,,,,,,,,,,,,,,,,,,,,,,,,,,,,,,,,,,,,,,,,,,
,,,,,,,,,,,,,,,,,,,,,,,,,,,,,,,,,,,,,,,,,,,,,,,,,,,,,,,,,,
,,,,,,,,,,,,,,,,,,,,,,,,,,,,,,,,,,,,,,,,,,,,,,,,,,,,,,,,,,
,,,,,,,,,,,,,,,,,,,,,,,,,,,,,,,,,,,,,,,,,,,,,,,,,,,,,,,,,,
,,,,,,,,,,,,,,,,,,,,,,,,,,,,,,,,,,,,,,,,,,,,,,,,,,,,,,,,,,
,,,,,,,,,,,,,,,,,,,,,,,,,,,,,,,,,,,,,,,,,,,,,,,,,,,,,,,,,,
,,,,,,,,,,,,,,,,,,,,,,,,,,,,,,,,,,,,,,,,,,,,,,,,,,,,,,,,,,
,,,,,,,,,,,,,,,,,,,,,,,,,,,,,,,,,,,,,,,,,,,,,,,,,,,,,,,,,,
,,,,,,,,,,,,,,,,,,,,,,,,,,,,,,,,,,,,,,,,,,,,,,,,,,,,,,,,,,
,,,,,,,,,,,,,,,,,,,,,,,,,,,,,,,,,,,,,,,,,,,,,,,,,,,,,,,,,,
,,,,,,,,,,,,,,,,,,,,,,,,,,,,,,,,,,,,,,,,,,,,,,,,,,,,,,,,,,
,,,,,,,,,,,,,,,,,,,,,,,,,,,,,,,,,,,,,,,,,,,,,,,,,,,,,,,,,,
,,,,,,,,,,,,,,,,,,,,,,,,,,,,,,,,,,,,,,,,,,,,,,,,,,,,,,,,,,
,,,,,,,,,,,,,,,,,,,,,,,,,,,,,,,,,,,,,,,,,,,,,,,,,,,,,,,,,,
,,,,,,,,,,,,,,,,,,,,,,,,,,,,,,,,,,,,,,,,,,,,,,,,,,,,,,,,,,
,,,,,,,,,,,,,,,,,,,,,,,,,,,,,,,,,,,,,,,,,,,,,,,,,,,,,,,,,,
,,,,,,,,,,,,,,,,,,,,,,,,,,,,,,,,,,,,,,,,,,,,,,,,,,,,,,,,,,
,,,,,,,,,,,,,,,,,,,,,,,,,,,,,,,,,,,,,,,,,,,,,,,,,,,,,,,,,,
,,,,,,,,,,,,,,,,,,,,,,,,,,,,,,,,,,,,,,,,,,,,,,,,,,,,,,,,,,
,,,,,,,,,,,,,,,,,,,,,,,,,,,,,,,,,,,,,,,,,,,,,,,,,,,,,,,,,,
,,,,,,,,,,,,,,,,,,,,,,,,,,,,,,,,,,,,,,,,,,,,,,,,,,,,,,,,,,
,,,,,,,,,,,,,,,,,,,,,,,,,,,,,,,,,,,,,,,,,,,,,,,,,,,,,,,,,,
,,,,,,,,,,,,,,,,,,,,,,,,,,,,,,,,,,,,,,,,,,,,,,,,,,,,,,,,,,
,,,,,,,,,,,,,,,,,,,,,,,,,,,,,,,,,,,,,,,,,,,,,,,,,,,,,,,,,,
,,,,,,,,,,,,,,,,,,,,,,,,,,,,,,,,,,,,,,,,,,,,,,,,,,,,,,,,,,
,,,,,,,,,,,,,,,,,,,,,,,,,,,,,,,,,,,,,,,,,,,,,,,,,,,,,,,,,,
,,,,,,,,,,,,,,,,,,,,,,,,,,,,,,,,,,,,,,,,,,,,,,,,,,,,,,,,,,
,,,,,,,,,,,,,,,,,,,,,,,,,,,,,,,,,,,,,,,,,,,,,,,,,,,,,,,,,,
,,,,,,,,,,,,,,,,,,,,,,,,,,,,,,,,,,,,,,,,,,,,,,,,,,,,,,,,,,
,,,,,,,,,,,,,,,,,,,,,,,,,,,,,,,,,,,,,,,,,,,,,,,,,,,,,,,,,,
